# ^DJI | Yahoo (browser) | fetched 2026-08-11
date,value
2021-08-11,35484.9688
2021-08-12,35499.8516
2021-08-13,35515.3789
2021-08-16,35625.3984
2021-08-17,35343.2813
2021-08-18,34960.6914
2021-08-19,34894.1211
2021-08-20,35120.0781
2021-08-23,35335.7109
2021-08-24,35366.2617
2021-08-25,35405.5
2021-08-26,35213.1211
2021-08-27,35455.8008
2021-08-30,35399.8398
2021-08-31,35360.7305
2021-09-01,35312.5313
2021-09-02,35443.8203
2021-09-03,35369.0898
2021-09-07,35100
2021-09-08,35031.0703
2021-09-09,34879.3789
2021-09-10,34607.7188
2021-09-13,34869.6289
2021-09-14,34577.5703
2021-09-15,34814.3906
2021-09-16,34751.3203
2021-09-17,34584.8789
2021-09-20,33970.4688
2021-09-21,33919.8398
2021-09-22,34258.3203
2021-09-23,34764.8203
2021-09-24,34798
2021-09-27,34869.3711
2021-09-28,34299.9883
2021-09-29,34390.7188
2021-09-30,33843.9219
2021-10-01,34326.4609
2021-10-04,34002.9219
2021-10-05,34314.6719
2021-10-06,34416.9883
2021-10-07,34754.9414
2021-10-08,34746.25
2021-10-11,34496.0586
2021-10-12,34378.3398
2021-10-13,34377.8086
2021-10-14,34912.5586
2021-10-15,35294.7617
2021-10-18,35258.6094
2021-10-19,35457.3086
2021-10-20,35609.3398
2021-10-21,35603.0781
2021-10-22,35677.0195
2021-10-25,35741.1484
2021-10-26,35756.8789
2021-10-27,35490.6914
2021-10-28,35730.4805
2021-10-29,35819.5586
2021-11-01,35913.8398
2021-11-02,36052.6289
2021-11-03,36157.5781
2021-11-04,36124.2305
2021-11-05,36327.9492
2021-11-08,36432.2188
2021-11-09,36319.9805
2021-11-10,36079.9414
2021-11-11,35921.2305
2021-11-12,36100.3086
2021-11-15,36087.4492
2021-11-16,36142.2188
2021-11-17,35931.0508
2021-11-18,35870.9492
2021-11-19,35601.9805
2021-11-22,35619.25
2021-11-23,35813.8008
2021-11-24,35804.3789
2021-11-26,34899.3398
2021-11-29,35135.9414
2021-11-30,34483.7188
2021-12-01,34022.0391
2021-12-02,34639.7891
2021-12-03,34580.0781
2021-12-06,35227.0313
2021-12-07,35719.4297
2021-12-08,35754.75
2021-12-09,35754.6914
2021-12-10,35970.9883
2021-12-13,35650.9492
2021-12-14,35544.1797
2021-12-15,35927.4297
2021-12-16,35897.6406
2021-12-17,35365.4414
2021-12-20,34932.1602
2021-12-21,35492.6992
2021-12-22,35753.8906
2021-12-23,35950.5586
2021-12-27,36302.3789
2021-12-28,36398.2109
2021-12-29,36488.6289
2021-12-30,36398.0781
2021-12-31,36338.3008
2022-01-03,36585.0586
2022-01-04,36799.6484
2022-01-05,36407.1094
2022-01-06,36236.4688
2022-01-07,36231.6602
2022-01-10,36068.8711
2022-01-11,36252.0195
2022-01-12,36290.3203
2022-01-13,36113.6211
2022-01-14,35911.8086
2022-01-18,35368.4688
2022-01-19,35028.6484
2022-01-20,34715.3906
2022-01-21,34265.3711
2022-01-24,34364.5
2022-01-25,34297.7305
2022-01-26,34168.0898
2022-01-27,34160.7813
2022-01-28,34725.4688
2022-01-31,35131.8594
2022-02-01,35405.2383
2022-02-02,35629.3281
2022-02-03,35111.1602
2022-02-04,35089.7383
2022-02-07,35091.1289
2022-02-08,35462.7813
2022-02-09,35768.0586
2022-02-10,35241.5898
2022-02-11,34738.0586
2022-02-14,34566.1719
2022-02-15,34988.8398
2022-02-16,34934.2695
2022-02-17,34312.0313
2022-02-18,34079.1797
2022-02-22,33596.6094
2022-02-23,33131.7617
2022-02-24,33223.8281
2022-02-25,34058.75
2022-02-28,33892.6016
2022-03-01,33294.9492
2022-03-02,33891.3516
2022-03-03,33794.6602
2022-03-04,33614.8008
2022-03-07,32817.3789
2022-03-08,32632.6406
2022-03-09,33286.25
2022-03-10,33174.0703
2022-03-11,32944.1914
2022-03-14,32945.2383
2022-03-15,33544.3398
2022-03-16,34063.1016
2022-03-17,34480.7617
2022-03-18,34754.9297
2022-03-21,34552.9883
2022-03-22,34807.4609
2022-03-23,34358.5
2022-03-24,34707.9414
2022-03-25,34861.2383
2022-03-28,34955.8906
2022-03-29,35294.1914
2022-03-30,35228.8086
2022-03-31,34678.3516
2022-04-01,34818.2695
2022-04-04,34921.8789
2022-04-05,34641.1797
2022-04-06,34496.5117
2022-04-07,34583.5703
2022-04-08,34721.1211
2022-04-11,34308.0781
2022-04-12,34220.3594
2022-04-13,34564.5898
2022-04-14,34451.2305
2022-04-18,34411.6914
2022-04-19,34911.1992
2022-04-20,35160.7891
2022-04-21,34792.7617
2022-04-22,33811.3984
2022-04-25,34049.4609
2022-04-26,33240.1797
2022-04-27,33301.9297
2022-04-28,33916.3906
2022-04-29,32977.2109
2022-05-02,33061.5
2022-05-03,33128.7891
2022-05-04,34061.0586
2022-05-05,32997.9688
2022-05-06,32899.3711
2022-05-09,32245.6992
2022-05-10,32160.7402
2022-05-11,31834.1094
2022-05-12,31730.3008
2022-05-13,32196.6602
2022-05-16,32223.4199
2022-05-17,32654.5898
2022-05-18,31490.0703
2022-05-19,31253.1309
2022-05-20,31261.9004
2022-05-23,31880.2402
2022-05-24,31928.6191
2022-05-25,32120.2793
2022-05-26,32637.1895
2022-05-27,33212.9609
2022-05-31,32990.1211
2022-06-01,32813.2305
2022-06-02,33248.2813
2022-06-03,32899.6992
2022-06-06,32915.7813
2022-06-07,33180.1406
2022-06-08,32910.8984
2022-06-09,32272.7891
2022-06-10,31392.7891
2022-06-13,30516.7402
2022-06-14,30364.8301
2022-06-15,30668.5293
2022-06-16,29927.0703
2022-06-17,29888.7793
2022-06-21,30530.25
2022-06-22,30483.1309
2022-06-23,30677.3594
2022-06-24,31500.6797
2022-06-27,31438.2598
2022-06-28,30946.9902
2022-06-29,31029.3105
2022-06-30,30775.4297
2022-07-01,31097.2598
2022-07-05,30967.8203
2022-07-06,31037.6797
2022-07-07,31384.5508
2022-07-08,31338.1504
2022-07-11,31173.8398
2022-07-12,30981.3301
2022-07-13,30772.7891
2022-07-14,30630.1699
2022-07-15,31288.2598
2022-07-18,31072.6094
2022-07-19,31827.0508
2022-07-20,31874.8398
2022-07-21,32036.9004
2022-07-22,31899.2891
2022-07-25,31990.0391
2022-07-26,31761.5391
2022-07-27,32197.5898
2022-07-28,32529.6309
2022-07-29,32845.1289
2022-08-01,32798.3984
2022-08-02,32396.1699
2022-08-03,32812.5
2022-08-04,32726.8203
2022-08-05,32803.4688
2022-08-08,32832.5391
2022-08-09,32774.4102
2022-08-10,33309.5117
2022-08-11,33336.6719
2022-08-12,33761.0508
2022-08-15,33912.4414
2022-08-16,34152.0117
2022-08-17,33980.3203
2022-08-18,33999.0391
2022-08-19,33706.7383
2022-08-22,33063.6094
2022-08-23,32909.5898
2022-08-24,32969.2305
2022-08-25,33291.7813
2022-08-26,32283.4004
2022-08-29,32098.9902
2022-08-30,31790.8691
2022-08-31,31510.4297
2022-09-01,31656.4199
2022-09-02,31318.4395
2022-09-06,31145.3008
2022-09-07,31581.2793
2022-09-08,31774.5195
2022-09-09,32151.7109
2022-09-12,32381.3398
2022-09-13,31104.9707
2022-09-14,31135.0898
2022-09-15,30961.8203
2022-09-16,30822.4199
2022-09-19,31019.6797
2022-09-20,30706.2305
2022-09-21,30183.7793
2022-09-22,30076.6797
2022-09-23,29590.4102
2022-09-26,29260.8105
2022-09-27,29134.9902
2022-09-28,29683.7402
2022-09-29,29225.6094
2022-09-30,28725.5098
2022-10-03,29490.8906
2022-10-04,30316.3203
2022-10-05,30273.8691
2022-10-06,29926.9395
2022-10-07,29296.7891
2022-10-10,29202.8809
2022-10-11,29239.1895
2022-10-12,29210.8496
2022-10-13,30038.7207
2022-10-14,29634.8301
2022-10-17,30185.8203
2022-10-18,30523.8008
2022-10-19,30423.8105
2022-10-20,30333.5898
2022-10-21,31082.5605
2022-10-24,31499.6191
2022-10-25,31836.7402
2022-10-26,31839.1094
2022-10-27,32033.2793
2022-10-28,32861.8008
2022-10-31,32732.9492
2022-11-01,32653.1992
2022-11-02,32147.7598
2022-11-03,32001.25
2022-11-04,32403.2207
2022-11-07,32827
2022-11-08,33160.8281
2022-11-09,32513.9395
2022-11-10,33715.3711
2022-11-11,33747.8594
2022-11-14,33536.6992
2022-11-15,33592.9219
2022-11-16,33553.8281
2022-11-17,33546.3203
2022-11-18,33745.6914
2022-11-21,33700.2813
2022-11-22,34098.1016
2022-11-23,34194.0586
2022-11-25,34347.0313
2022-11-28,33849.4609
2022-11-29,33852.5313
2022-11-30,34589.7695
2022-12-01,34395.0117
2022-12-02,34429.8789
2022-12-05,33947.1016
2022-12-06,33596.3398
2022-12-07,33597.9219
2022-12-08,33781.4805
2022-12-09,33476.4609
2022-12-12,34005.0391
2022-12-13,34108.6406
2022-12-14,33966.3516
2022-12-15,33202.2188
2022-12-16,32920.4609
2022-12-19,32757.5391
2022-12-20,32849.7383
2022-12-21,33376.4805
2022-12-22,33027.4883
2022-12-23,33203.9297
2022-12-27,33241.5586
2022-12-28,32875.7109
2022-12-29,33220.8008
2022-12-30,33147.25
2023-01-03,33136.3711
2023-01-04,33269.7695
2023-01-05,32930.0781
2023-01-06,33630.6094
2023-01-09,33517.6484
2023-01-10,33704.1016
2023-01-11,33973.0117
2023-01-12,34189.9688
2023-01-13,34302.6094
2023-01-17,33910.8516
2023-01-18,33296.9609
2023-01-19,33044.5586
2023-01-20,33375.4883
2023-01-23,33629.5586
2023-01-24,33733.9609
2023-01-25,33743.8398
2023-01-26,33949.4102
2023-01-27,33978.0781
2023-01-30,33717.0898
2023-01-31,34086.0391
2023-02-01,34092.9609
2023-02-02,34053.9414
2023-02-03,33926.0117
2023-02-06,33891.0195
2023-02-07,34156.6914
2023-02-08,33949.0117
2023-02-09,33699.8789
2023-02-10,33869.2695
2023-02-13,34245.9297
2023-02-14,34089.2695
2023-02-15,34128.0508
2023-02-16,33696.8516
2023-02-17,33826.6914
2023-02-21,33129.5898
2023-02-22,33045.0898
2023-02-23,33153.9102
2023-02-24,32816.9219
2023-02-27,32889.0898
2023-02-28,32656.6992
2023-03-01,32661.8398
2023-03-02,33003.5703
2023-03-03,33390.9688
2023-03-06,33431.4414
2023-03-07,32856.4609
2023-03-08,32798.3984
2023-03-09,32254.8594
2023-03-10,31909.6406
2023-03-13,31819.1406
2023-03-14,32155.4004
2023-03-15,31874.5703
2023-03-16,32246.5508
2023-03-17,31861.9805
2023-03-20,32244.5801
2023-03-21,32560.5996
2023-03-22,32030.1094
2023-03-23,32105.25
2023-03-24,32237.5293
2023-03-27,32432.0801
2023-03-28,32394.25
2023-03-29,32717.5996
2023-03-30,32859.0313
2023-03-31,33274.1484
2023-04-03,33601.1484
2023-04-04,33402.3789
2023-04-05,33482.7188
2023-04-06,33485.2891
2023-04-10,33586.5195
2023-04-11,33684.7891
2023-04-12,33646.5
2023-04-13,34029.6914
2023-04-14,33886.4688
2023-04-17,33987.1797
2023-04-18,33976.6289
2023-04-19,33897.0117
2023-04-20,33786.6211
2023-04-21,33808.9609
2023-04-24,33875.3984
2023-04-25,33530.8281
2023-04-26,33301.8711
2023-04-27,33826.1602
2023-04-28,34098.1602
2023-05-01,34051.6992
2023-05-02,33684.5313
2023-05-03,33414.2383
2023-05-04,33127.7383
2023-05-05,33674.3789
2023-05-08,33618.6914
2023-05-09,33561.8086
2023-05-10,33531.3281
2023-05-11,33309.5117
2023-05-12,33300.6211
2023-05-15,33348.6016
2023-05-16,33012.1406
2023-05-17,33420.7695
2023-05-18,33535.9102
2023-05-19,33426.6289
2023-05-22,33286.5781
2023-05-23,33055.5117
2023-05-24,32799.9219
2023-05-25,32764.6504
2023-05-26,33093.3398
2023-05-30,33042.7813
2023-05-31,32908.2695
2023-06-01,33061.5703
2023-06-02,33762.7617
2023-06-05,33562.8594
2023-06-06,33573.2813
2023-06-07,33665.0195
2023-06-08,33833.6094
2023-06-09,33876.7813
2023-06-12,34066.3281
2023-06-13,34212.1211
2023-06-14,33979.3281
2023-06-15,34408.0586
2023-06-16,34299.1211
2023-06-20,34053.8711
2023-06-21,33951.5195
2023-06-22,33946.7109
2023-06-23,33727.4297
2023-06-26,33714.7109
2023-06-27,33926.7383
2023-06-28,33852.6602
2023-06-29,34122.4219
2023-06-30,34407.6016
2023-07-03,34418.4688
2023-07-05,34288.6406
2023-07-06,33922.2617
2023-07-07,33734.8789
2023-07-10,33944.3984
2023-07-11,34261.4219
2023-07-12,34347.4297
2023-07-13,34395.1406
2023-07-14,34509.0313
2023-07-17,34585.3516
2023-07-18,34951.9297
2023-07-19,35061.2109
2023-07-20,35225.1797
2023-07-21,35227.6914
2023-07-24,35411.2383
2023-07-25,35438.0703
2023-07-26,35520.1211
2023-07-27,35282.7188
2023-07-28,35459.2891
2023-07-31,35559.5313
2023-08-01,35630.6797
2023-08-02,35282.5195
2023-08-03,35215.8906
2023-08-04,35065.6211
2023-08-07,35473.1289
2023-08-08,35314.4883
2023-08-09,35123.3594
2023-08-10,35176.1484
2023-08-11,35281.3984
2023-08-14,35307.6289
2023-08-15,34946.3906
2023-08-16,34765.7383
2023-08-17,34474.8281
2023-08-18,34500.6602
2023-08-21,34463.6914
2023-08-22,34288.8281
2023-08-23,34472.9805
2023-08-24,34099.4219
2023-08-25,34346.8984
2023-08-28,34559.9805
2023-08-29,34852.6719
2023-08-30,34890.2383
2023-08-31,34721.9102
2023-09-01,34837.7109
2023-09-05,34641.9688
2023-09-06,34443.1914
2023-09-07,34500.7305
2023-09-08,34576.5898
2023-09-11,34663.7188
2023-09-12,34645.9883
2023-09-13,34575.5313
2023-09-14,34907.1094
2023-09-15,34618.2383
2023-09-18,34624.3008
2023-09-19,34517.7305
2023-09-20,34440.8789
2023-09-21,34070.4219
2023-09-22,33963.8398
2023-09-25,34006.8789
2023-09-26,33618.8789
2023-09-27,33550.2695
2023-09-28,33666.3398
2023-09-29,33507.5
2023-10-02,33433.3516
2023-10-03,33002.3789
2023-10-04,33129.5508
2023-10-05,33119.5703
2023-10-06,33407.5781
2023-10-09,33604.6484
2023-10-10,33739.3008
2023-10-11,33804.8711
2023-10-12,33631.1406
2023-10-13,33670.2891
2023-10-16,33984.5391
2023-10-17,33997.6484
2023-10-18,33665.0781
2023-10-19,33414.1719
2023-10-20,33127.2813
2023-10-23,32936.4102
2023-10-24,33141.3789
2023-10-25,33035.9297
2023-10-26,32784.3008
2023-10-27,32417.5898
2023-10-30,32928.9609
2023-10-31,33052.8711
2023-11-01,33274.5781
2023-11-02,33839.0781
2023-11-03,34061.3203
2023-11-06,34095.8594
2023-11-07,34152.6016
2023-11-08,34112.2695
2023-11-09,33891.9414
2023-11-10,34283.1016
2023-11-13,34337.8711
2023-11-14,34827.6992
2023-11-15,34991.2109
2023-11-16,34945.4688
2023-11-17,34947.2813
2023-11-20,35151.0391
2023-11-21,35088.2891
2023-11-22,35273.0313
2023-11-24,35390.1484
2023-11-27,35333.4688
2023-11-28,35416.9805
2023-11-29,35430.4219
2023-11-30,35950.8906
2023-12-01,36245.5
2023-12-04,36204.4414
2023-12-05,36124.5586
2023-12-06,36054.4297
2023-12-07,36117.3789
2023-12-08,36247.8711
2023-12-11,36404.9297
2023-12-12,36577.9414
2023-12-13,37090.2383
2023-12-14,37248.3516
2023-12-15,37305.1602
2023-12-18,37306.0195
2023-12-19,37557.9219
2023-12-20,37082
2023-12-21,37404.3516
2023-12-22,37385.9688
2023-12-26,37545.3281
2023-12-27,37656.5195
2023-12-28,37710.1016
2023-12-29,37689.5391
2024-01-02,37715.0391
2024-01-03,37430.1914
2024-01-04,37440.3398
2024-01-05,37466.1094
2024-01-08,37683.0117
2024-01-09,37525.1602
2024-01-10,37695.7305
2024-01-11,37711.0195
2024-01-12,37592.9805
2024-01-16,37361.1211
2024-01-17,37266.6719
2024-01-18,37468.6094
2024-01-19,37863.8008
2024-01-22,38001.8086
2024-01-23,37905.4492
2024-01-24,37806.3906
2024-01-25,38049.1289
2024-01-26,38109.4297
2024-01-29,38333.4492
2024-01-30,38467.3086
2024-01-31,38150.3008
2024-02-01,38519.8398
2024-02-02,38654.4219
2024-02-05,38380.1211
2024-02-06,38521.3594
2024-02-07,38677.3594
2024-02-08,38726.3281
2024-02-09,38671.6914
2024-02-12,38797.3789
2024-02-13,38272.75
2024-02-14,38424.2695
2024-02-15,38773.1211
2024-02-16,38627.9883
2024-02-20,38563.8008
2024-02-21,38612.2383
2024-02-22,39069.1094
2024-02-23,39131.5313
2024-02-26,39069.2305
2024-02-27,38972.4102
2024-02-28,38949.0195
2024-02-29,38996.3906
2024-03-01,39087.3789
2024-03-04,38989.8281
2024-03-05,38585.1914
2024-03-06,38661.0508
2024-03-07,38791.3516
2024-03-08,38722.6914
2024-03-11,38769.6602
2024-03-12,39005.4883
2024-03-13,39043.3203
2024-03-14,38905.6602
2024-03-15,38714.7695
2024-03-18,38790.4297
2024-03-19,39110.7617
2024-03-20,39512.1289
2024-03-21,39781.3711
2024-03-22,39475.8984
2024-03-25,39313.6406
2024-03-26,39282.3281
2024-03-27,39760.0781
2024-03-28,39807.3711
2024-04-01,39566.8516
2024-04-02,39170.2383
2024-04-03,39127.1406
2024-04-04,38596.9805
2024-04-05,38904.0391
2024-04-08,38892.8008
2024-04-09,38883.6719
2024-04-10,38461.5117
2024-04-11,38459.0781
2024-04-12,37983.2383
2024-04-15,37735.1094
2024-04-16,37798.9688
2024-04-17,37753.3086
2024-04-18,37775.3789
2024-04-19,37986.3984
2024-04-22,38239.9805
2024-04-23,38503.6914
2024-04-24,38460.9219
2024-04-25,38085.8008
2024-04-26,38239.6602
2024-04-29,38386.0898
2024-04-30,37815.9219
2024-05-01,37903.2891
2024-05-02,38225.6602
2024-05-03,38675.6797
2024-05-06,38852.2695
2024-05-07,38884.2617
2024-05-08,39056.3906
2024-05-09,39387.7617
2024-05-10,39512.8398
2024-05-13,39431.5117
2024-05-14,39558.1094
2024-05-15,39908
2024-05-16,39869.3789
2024-05-17,40003.5898
2024-05-20,39806.7695
2024-05-21,39872.9883
2024-05-22,39671.0391
2024-05-23,39065.2617
2024-05-24,39069.5898
2024-05-28,38852.8594
2024-05-29,38441.5391
2024-05-30,38111.4805
2024-05-31,38686.3203
2024-06-03,38571.0313
2024-06-04,38711.2891
2024-06-05,38807.3281
2024-06-06,38886.1719
2024-06-07,38798.9883
2024-06-10,38868.0391
2024-06-11,38747.4219
2024-06-12,38712.2109
2024-06-13,38647.1016
2024-06-14,38589.1602
2024-06-17,38778.1016
2024-06-18,38834.8594
2024-06-20,39134.7617
2024-06-21,39150.3281
2024-06-24,39411.2109
2024-06-25,39112.1602
2024-06-26,39127.8008
2024-06-27,39164.0586
2024-06-28,39118.8594
2024-07-01,39169.5195
2024-07-02,39331.8516
2024-07-03,39308
2024-07-05,39375.8711
2024-07-08,39344.7891
2024-07-09,39291.9688
2024-07-10,39721.3594
2024-07-11,39753.75
2024-07-12,40000.8984
2024-07-15,40211.7188
2024-07-16,40954.4805
2024-07-17,41198.0781
2024-07-18,40665.0195
2024-07-19,40287.5313
2024-07-22,40415.4414
2024-07-23,40358.0898
2024-07-24,39853.8711
2024-07-25,39935.0703
2024-07-26,40589.3398
2024-07-29,40539.9297
2024-07-30,40743.3281
2024-07-31,40842.7891
2024-08-01,40347.9688
2024-08-02,39737.2617
2024-08-05,38703.2695
2024-08-06,38997.6602
2024-08-07,38763.4492
2024-08-08,39446.4883
2024-08-09,39497.5391
2024-08-12,39357.0117
2024-08-13,39765.6406
2024-08-14,40008.3906
2024-08-15,40563.0586
2024-08-16,40659.7617
2024-08-19,40896.5313
2024-08-20,40834.9688
2024-08-21,40890.4883
2024-08-22,40712.7813
2024-08-23,41175.0781
2024-08-26,41240.5195
2024-08-27,41250.5
2024-08-28,41091.4219
2024-08-29,41335.0508
2024-08-30,41563.0781
2024-09-03,40936.9297
2024-09-04,40974.9688
2024-09-05,40755.75
2024-09-06,40345.4102
2024-09-09,40829.5898
2024-09-10,40736.9609
2024-09-11,40861.7109
2024-09-12,41096.7695
2024-09-13,41393.7813
2024-09-16,41622.0781
2024-09-17,41606.1797
2024-09-18,41503.1016
2024-09-19,42025.1914
2024-09-20,42063.3594
2024-09-23,42124.6484
2024-09-24,42208.2188
2024-09-25,41914.75
2024-09-26,42175.1094
2024-09-27,42313
2024-09-30,42330.1484
2024-10-01,42156.9688
2024-10-02,42196.5195
2024-10-03,42011.5898
2024-10-04,42352.75
2024-10-07,41954.2383
2024-10-08,42080.3711
2024-10-09,42512
2024-10-10,42454.1211
2024-10-11,42863.8594
2024-10-14,43065.2188
2024-10-15,42740.4219
2024-10-16,43077.6992
2024-10-17,43239.0508
2024-10-18,43275.9102
2024-10-21,42931.6016
2024-10-22,42924.8906
2024-10-23,42514.9492
2024-10-24,42374.3594
2024-10-25,42114.3984
2024-10-28,42387.5703
2024-10-29,42233.0508
2024-10-30,42141.5391
2024-10-31,41763.4609
2024-11-01,42052.1914
2024-11-04,41794.6016
2024-11-05,42221.8789
2024-11-06,43729.9297
2024-11-07,43729.3398
2024-11-08,43988.9883
2024-11-11,44293.1289
2024-11-12,43910.9805
2024-11-13,43958.1914
2024-11-14,43750.8594
2024-11-15,43444.9883
2024-11-18,43389.6016
2024-11-19,43268.9414
2024-11-20,43408.4688
2024-11-21,43870.3516
2024-11-22,44296.5117
2024-11-25,44736.5703
2024-11-26,44860.3086
2024-11-27,44722.0586
2024-11-29,44910.6484
2024-12-02,44782
2024-12-03,44705.5313
2024-12-04,45014.0391
2024-12-05,44765.7109
2024-12-06,44642.5195
2024-12-09,44401.9297
2024-12-10,44247.8281
2024-12-11,44148.5586
2024-12-12,43914.1211
2024-12-13,43828.0586
2024-12-16,43717.4805
2024-12-17,43449.8984
2024-12-18,42326.8711
2024-12-19,42342.2383
2024-12-20,42840.2617
2024-12-23,42906.9492
2024-12-24,43297.0313
2024-12-26,43325.8008
2024-12-27,42992.2109
2024-12-30,42573.7305
2024-12-31,42544.2188
2025-01-02,42392.2695
2025-01-03,42732.1289
2025-01-06,42706.5586
2025-01-07,42528.3594
2025-01-08,42635.1992
2025-01-10,41938.4492
2025-01-13,42297.1211
2025-01-14,42518.2813
2025-01-15,43221.5508
2025-01-16,43153.1289
2025-01-17,43487.8281
2025-01-21,44025.8086
2025-01-22,44156.7305
2025-01-23,44565.0703
2025-01-24,44424.25
2025-01-27,44713.5781
2025-01-28,44850.3516
2025-01-29,44713.5195
2025-01-30,44882.1289
2025-01-31,44544.6602
2025-02-03,44421.9102
2025-02-04,44556.0391
2025-02-05,44873.2813
2025-02-06,44747.6289
2025-02-07,44303.3984
2025-02-10,44470.4102
2025-02-11,44593.6484
2025-02-12,44368.5586
2025-02-13,44711.4297
2025-02-14,44546.0781
2025-02-18,44556.3398
2025-02-19,44627.5898
2025-02-20,44176.6484
2025-02-21,43428.0195
2025-02-24,43461.2109
2025-02-25,43621.1602
2025-02-26,43433.1211
2025-02-27,43239.5
2025-02-28,43840.9102
2025-03-03,43191.2383
2025-03-04,42520.9883
2025-03-05,43006.5898
2025-03-06,42579.0781
2025-03-07,42801.7188
2025-03-10,41911.7109
2025-03-11,41433.4805
2025-03-12,41350.9297
2025-03-13,40813.5703
2025-03-14,41488.1914
2025-03-17,41841.6289
2025-03-18,41581.3086
2025-03-19,41964.6289
2025-03-20,41953.3203
2025-03-21,41985.3516
2025-03-24,42583.3203
2025-03-25,42587.5
2025-03-26,42454.7891
2025-03-27,42299.6992
2025-03-28,41583.8984
2025-03-31,42001.7617
2025-04-01,41989.9609
2025-04-02,42225.3203
2025-04-03,40545.9297
2025-04-04,38314.8594
2025-04-07,37965.6016
2025-04-08,37645.5898
2025-04-09,40608.4492
2025-04-10,39593.6602
2025-04-11,40212.7109
2025-04-14,40524.7891
2025-04-15,40368.9609
2025-04-16,39669.3906
2025-04-17,39142.2305
2025-04-21,38170.4102
2025-04-22,39186.9805
2025-04-23,39606.5703
2025-04-24,40093.3984
2025-04-25,40113.5
2025-04-28,40227.5898
2025-04-29,40527.6211
2025-04-30,40669.3594
2025-05-01,40752.9609
2025-05-02,41317.4297
2025-05-05,41218.8281
2025-05-06,40829
2025-05-07,41113.9688
2025-05-08,41368.4492
2025-05-09,41249.3789
2025-05-12,42410.1016
2025-05-13,42140.4297
2025-05-14,42051.0586
2025-05-15,42322.75
2025-05-16,42654.7383
2025-05-19,42792.0703
2025-05-20,42677.2383
2025-05-21,41860.4414
2025-05-22,41859.0898
2025-05-23,41603.0703
2025-05-27,42343.6484
2025-05-28,42098.6992
2025-05-29,42215.7305
2025-05-30,42270.0703
2025-06-02,42305.4805
2025-06-03,42519.6406
2025-06-04,42427.7383
2025-06-05,42319.7383
2025-06-06,42762.8711
2025-06-09,42761.7617
2025-06-10,42866.8711
2025-06-11,42865.7695
2025-06-12,42967.6211
2025-06-13,42197.7891
2025-06-16,42515.0898
2025-06-17,42215.8008
2025-06-18,42171.6602
2025-06-20,42206.8203
2025-06-23,42581.7813
2025-06-24,43089.0195
2025-06-25,42982.4297
2025-06-26,43386.8398
2025-06-27,43819.2695
2025-06-30,44094.7695
2025-07-01,44494.9414
2025-07-02,44484.4219
2025-07-03,44828.5313
2025-07-07,44406.3594
2025-07-08,44240.7617
2025-07-09,44458.3008
2025-07-10,44650.6406
2025-07-11,44371.5117
2025-07-14,44459.6484
2025-07-15,44023.2891
2025-07-16,44254.7813
2025-07-17,44484.4883
2025-07-18,44342.1914
2025-07-21,44323.0703
2025-07-22,44502.4414
2025-07-23,45010.2891
2025-07-24,44693.9102
2025-07-25,44901.9219
2025-07-28,44837.5586
2025-07-29,44632.9883
2025-07-30,44461.2813
2025-07-31,44130.9805
2025-08-01,43588.5781
2025-08-04,44173.6406
2025-08-05,44111.7383
2025-08-06,44193.1211
2025-08-07,43968.6406
2025-08-08,44175.6094
2025-08-11,43975.0898
2025-08-12,44458.6094
2025-08-13,44922.2695
2025-08-14,44911.2617
2025-08-15,44946.1211
2025-08-18,44911.8203
2025-08-19,44922.2695
2025-08-20,44938.3086
2025-08-21,44785.5
2025-08-22,45631.7383
2025-08-25,45282.4688
2025-08-26,45418.0703
2025-08-27,45565.2305
2025-08-28,45636.8984
2025-08-29,45544.8789
2025-09-02,45295.8086
2025-09-03,45271.2305
2025-09-04,45621.2891
2025-09-05,45400.8594
2025-09-08,45514.9492
2025-09-09,45711.3398
2025-09-10,45490.9219
2025-09-11,46108
2025-09-12,45834.2188
2025-09-15,45883.4492
2025-09-16,45757.8984
2025-09-17,46018.3203
2025-09-18,46142.4219
2025-09-19,46315.2695
2025-09-22,46381.5391
2025-09-23,46292.7813
2025-09-24,46121.2813
2025-09-25,45947.3203
2025-09-26,46247.2891
2025-09-29,46316.0703
2025-09-30,46397.8906
2025-10-01,46441.1016
2025-10-02,46519.7188
2025-10-03,46758.2813
2025-10-06,46694.9688
2025-10-07,46602.9805
2025-10-08,46601.7813
2025-10-09,46358.4219
2025-10-10,45479.6016
2025-10-13,46067.5781
2025-10-14,46270.4609
2025-10-15,46253.3086
2025-10-16,45952.2383
2025-10-17,46190.6094
2025-10-20,46706.5781
2025-10-21,46924.7383
2025-10-22,46590.4102
2025-10-23,46734.6094
2025-10-24,47207.1211
2025-10-27,47544.5898
2025-10-28,47706.3711
2025-10-29,47632
2025-10-30,47522.1211
2025-10-31,47562.8711
2025-11-03,47336.6797
2025-11-04,47085.2383
2025-11-05,47311
2025-11-06,46912.3008
2025-11-07,46987.1016
2025-11-10,47368.6289
2025-11-11,47927.9609
2025-11-12,48254.8203
2025-11-13,47457.2188
2025-11-14,47147.4805
2025-11-17,46590.2383
2025-11-18,46091.7383
2025-11-19,46138.7695
2025-11-20,45752.2617
2025-11-21,46245.4102
2025-11-24,46448.2695
2025-11-25,47112.4492
2025-11-26,47427.1211
2025-11-28,47716.4219
2025-12-01,47289.3281
2025-12-02,47474.4609
2025-12-03,47882.8984
2025-12-04,47850.9414
2025-12-05,47954.9883
2025-12-08,47739.3203
2025-12-09,47560.2891
2025-12-10,48057.75
2025-12-11,48704.0117
2025-12-12,48458.0508
2025-12-15,48416.5586
2025-12-16,48114.2617
2025-12-17,47885.9688
2025-12-18,47951.8516
2025-12-19,48134.8906
2025-12-22,48362.6797
2025-12-23,48442.4102
2025-12-24,48731.1602
2025-12-26,48710.9688
2025-12-29,48461.9297
2025-12-30,48367.0586
2025-12-31,48063.2891
2026-01-02,48382.3906
2026-01-05,48977.1797
2026-01-06,49462.0781
2026-01-07,48996.0781
2026-01-08,49266.1094
2026-01-09,49504.0703
2026-01-12,49590.1992
2026-01-13,49191.9883
2026-01-14,49149.6289
2026-01-15,49442.4414
2026-01-16,49359.3281
2026-01-20,48488.5898
2026-01-21,49077.2305
2026-01-22,49384.0117
2026-01-23,49098.7109
2026-01-26,49412.3984
2026-01-27,49003.4102
2026-01-28,49015.6016
2026-01-29,49071.5586
2026-01-30,48892.4688
2026-02-02,49407.6602
2026-02-03,49240.9883
2026-02-04,49501.3008
2026-02-05,48908.7188
2026-02-06,50115.6719
2026-02-09,50135.8711
2026-02-10,50188.1406
2026-02-11,50121.3984
2026-02-12,49451.9805
2026-02-13,49500.9297
2026-02-17,49533.1914
2026-02-18,49662.6602
2026-02-19,49395.1602
2026-02-20,49625.9688
2026-02-23,48804.0586
2026-02-24,49174.5
2026-02-25,49482.1484
2026-02-26,49499.1992
2026-02-27,48977.9219
2026-03-02,48904.7813
2026-03-03,48501.2695
2026-03-04,48739.4102
2026-03-05,47954.7383
2026-03-06,47501.5508
2026-03-09,47740.8008
2026-03-10,47706.5117
2026-03-11,47417.2695
2026-03-12,46677.8516
2026-03-13,46558.4688
2026-03-16,46946.4102
2026-03-17,46993.2617
2026-03-18,46225.1484
2026-03-19,46021.4297
2026-03-20,45577.4688
2026-03-23,46208.4688
2026-03-24,46124.0586
2026-03-25,46429.4883
2026-03-26,45960.1094
2026-03-27,45166.6406
2026-03-30,45216.1406
2026-03-31,46341.5117
2026-04-01,46565.7383
2026-04-02,46504.6719
2026-04-06,46669.8789
2026-04-07,46584.4609
2026-04-08,47909.9219
2026-04-09,48185.8008
2026-04-10,47916.5703
2026-04-13,48218.25
2026-04-14,48535.9883
2026-04-15,48463.7188
2026-04-16,48578.7188
2026-04-17,49447.4297
2026-04-20,49442.5586
2026-04-21,49149.3789
2026-04-22,49490.0313
2026-04-23,49310.3203
2026-04-24,49230.7109
2026-04-27,49167.7891
2026-04-28,49141.9297
2026-04-29,48861.8086
2026-04-30,49652.1406
2026-05-01,49499.2695
2026-05-04,48941.8984
2026-05-05,49298.25
2026-05-06,49910.5898
2026-05-07,49596.9688
2026-05-08,49609.1602
2026-05-11,49704.4688
2026-05-12,49760.5586
2026-05-13,49693.1992
2026-05-14,50063.4609
2026-05-15,49526.1719
2026-05-18,49686.1211
2026-05-19,49363.8789
2026-05-20,50009.3516
2026-05-21,50285.6602
2026-05-22,50579.6992
2026-05-26,50461.6797
2026-05-27,50644.2813
2026-05-28,50668.9688
2026-05-29,51032.4609
2026-06-01,51078.8789
2026-06-02,51307.7891
2026-06-03,50687.0703
2026-06-04,51561.9297
2026-06-05,50866.7813
2026-06-08,50786.0117
2026-06-09,50872.1094
2026-06-10,49918.7813
2026-06-11,50848.75
2026-06-12,51202.2617
2026-06-15,51671.0313
2026-06-16,51999.6719
2026-06-17,51492.5508
2026-06-18,51564.6992
2026-06-22,51712.7109
2026-06-23,51666.8398
2026-06-24,51848.8984
2026-06-25,51920.6211
2026-06-26,51876.1094
2026-06-29,52182.7383
2026-06-30,52319.1992
2026-07-01,52305.2383
2026-07-02,52900.0703
2026-07-06,53055.9102
2026-07-07,52925.1484
2026-07-08,52348.3906
2026-07-09,52487.4102
2026-07-10,52637.0117
2026-07-13,52498.6406
2026-07-14,52508.2695
2026-07-15,52658.6406
2026-07-16,52552.9688
2026-07-17,52146.4219
2026-07-20,51839.2617
2026-07-21,52224.6406
2026-07-22,52218.5781
2026-07-23,51711.6484
2026-07-24,51947.25
2026-07-27,52210.0781
2026-07-28,52747.3203
2026-07-29,51594.1406
2026-07-30,52208.0586
2026-07-31,52485.0313
2026-08-03,53178.4102
2026-08-04,54085.8789
2026-08-05,54349.1211
2026-08-06,53885.1016
2026-08-07,54036.9297
2026-08-10,53975.9805
