# ^STOXX50E | Yahoo (browser) | fetched 2026-08-11
date,value
2021-08-10,4187.8198
2021-08-11,4206.3301
2021-08-12,4226.3301
2021-08-13,4229.7002
2021-08-16,4202.4399
2021-08-17,4196.3999
2021-08-18,4189.4199
2021-08-19,4124.71
2021-08-20,4147.5
2021-08-23,4176.4199
2021-08-24,4178.0801
2021-08-25,4181.1201
2021-08-26,4169.8701
2021-08-27,4190.98
2021-08-30,4198.7998
2021-08-31,4196.4102
2021-09-01,4227.27
2021-09-02,4232.1001
2021-09-03,4201.98
2021-09-06,4246.1299
2021-09-07,4225.0098
2021-09-08,4177.1499
2021-09-09,4177.1099
2021-09-10,4170.3501
2021-09-13,4189.5298
2021-09-14,4191.6699
2021-09-15,4145.9399
2021-09-16,4169.8701
2021-09-17,4130.8398
2021-09-20,4043.6299
2021-09-21,4097.5098
2021-09-22,4150.1899
2021-09-23,4194.9199
2021-09-24,4158.5098
2021-09-27,4165.48
2021-09-28,4058.8201
2021-09-29,4080.22
2021-09-30,4048.0801
2021-10-01,4035.3
2021-10-04,3996.4099
2021-10-05,4065.4299
2021-10-06,4012.6499
2021-10-07,4098.3398
2021-10-08,4073.29
2021-10-11,4072.52
2021-10-12,4055.0901
2021-10-13,4083.28
2021-10-14,4149.0601
2021-10-15,4182.9102
2021-10-18,4151.3999
2021-10-19,4166.8301
2021-10-20,4172.1699
2021-10-21,4155.73
2021-10-22,4188.8101
2021-10-25,4188.3101
2021-10-26,4223.9702
2021-10-27,4220.8799
2021-10-28,4233.8701
2021-10-29,4250.5601
2021-11-01,4280.4702
2021-11-02,4296.2202
2021-11-03,4309.6099
2021-11-04,4333.3398
2021-11-05,4363.04
2021-11-08,4352.5298
2021-11-09,4344.6299
2021-11-10,4348.8198
2021-11-11,4358
2021-11-12,4370.3301
2021-11-15,4386.1899
2021-11-16,4401.4902
2021-11-17,4400.8101
2021-11-18,4383.7002
2021-11-19,4356.4702
2021-11-22,4338.6899
2021-11-23,4283.8198
2021-11-24,4276.25
2021-11-25,4293.2402
2021-11-26,4089.5801
2021-11-29,4109.5098
2021-11-30,4063.0601
2021-12-01,4179.1499
2021-12-02,4108.02
2021-12-03,4080.1499
2021-12-06,4137.1099
2021-12-07,4276.2002
2021-12-08,4233.0898
2021-12-09,4208.2998
2021-12-10,4199.1602
2021-12-13,4183.04
2021-12-14,4144.5098
2021-12-15,4159.6802
2021-12-16,4201.8701
2021-12-17,4161.3501
2021-12-20,4107.1299
2021-12-21,4174.9902
2021-12-22,4217.0601
2021-12-23,4265.8599
2021-12-27,4287.98
2021-12-28,4311.9302
2021-12-29,4284.8301
2021-12-30,4306.0698
2022-01-03,4331.8198
2022-01-04,4367.6201
2022-01-05,4392.1499
2022-01-06,4324.8101
2022-01-07,4305.8301
2022-01-10,4239.52
2022-01-11,4281.54
2022-01-12,4316.3901
2022-01-13,4315.8999
2022-01-14,4272.1899
2022-01-17,4302.1401
2022-01-18,4257.8198
2022-01-19,4268.2798
2022-01-20,4299.6099
2022-01-21,4229.5601
2022-01-24,4054.3601
2022-01-25,4078.26
2022-01-26,4164.6001
2022-01-27,4184.9702
2022-01-28,4136.9102
2022-01-31,4174.6001
2022-02-01,4224.4502
2022-02-02,4222.0498
2022-02-03,4141.02
2022-02-04,4086.5801
2022-02-07,4120.5601
2022-02-08,4129.25
2022-02-09,4204.0898
2022-02-10,4197.0698
2022-02-11,4155.23
2022-02-14,4064.45
2022-02-15,4143.71
2022-02-16,4137.2202
2022-02-17,4113.1899
2022-02-18,4074.28
2022-02-21,3985.71
2022-02-22,3985.47
2022-02-23,3973.4099
2022-02-24,3829.29
2022-02-25,3970.6899
2022-02-28,3924.23
2022-03-01,3765.8501
2022-03-02,3820.5901
2022-03-03,3741.78
2022-03-04,3556.01
2022-03-07,3512.22
2022-03-08,3505.29
2022-03-09,3766.02
2022-03-10,3651.3899
2022-03-11,3686.78
2022-03-14,3741.1001
2022-03-15,3738.1101
2022-03-16,3889.6899
2022-03-17,3885.3201
2022-03-18,3902.4399
2022-03-21,3881.8
2022-03-22,3926.1201
2022-03-23,3869.22
2022-03-24,3863.3899
2022-03-25,3867.73
2022-03-28,3887.1001
2022-03-29,4002.1799
2022-03-30,3959.1399
2022-03-31,3902.52
2022-04-01,3918.6799
2022-04-04,3951.1201
2022-04-05,3917.8501
2022-04-06,3824.6899
2022-04-07,3802.01
2022-04-08,3858.3701
2022-04-11,3839.6201
2022-04-12,3831.47
2022-04-13,3827.96
2022-04-14,3848.6799
2022-04-19,3830.76
2022-04-20,3896.8101
2022-04-21,3928.03
2022-04-22,3840.01
2022-04-25,3757.5901
2022-04-26,3721.3601
2022-04-27,3734.6399
2022-04-28,3777.02
2022-04-29,3802.8601
2022-05-02,3732.4399
2022-05-03,3761.1899
2022-05-04,3724.99
2022-05-05,3696.6299
2022-05-06,3629.1699
2022-05-09,3526.8601
2022-05-10,3554.8
2022-05-11,3647.8701
2022-05-12,3613.4299
2022-05-13,3703.4199
2022-05-16,3685.3401
2022-05-17,3741.51
2022-05-18,3690.74
2022-05-19,3633.3301
2022-05-20,3657.03
2022-05-23,3708.3899
2022-05-24,3647.5601
2022-05-25,3677.1001
2022-05-27,3808.8601
2022-05-30,3841.6201
2022-05-31,3789.21
2022-06-01,3759.54
2022-06-02,3795.1299
2022-06-03,3783.6599
2022-06-07,3806.74
2022-06-08,3788.9299
2022-06-09,3724.45
2022-06-10,3599.2
2022-06-13,3502.5
2022-06-14,3475.1799
2022-06-15,3532.3201
2022-06-16,3427.9099
2022-06-17,3438.46
2022-06-20,3469.8301
2022-06-21,3494
2022-06-22,3464.6399
2022-06-23,3436.29
2022-06-24,3533.1699
2022-06-27,3538.8799
2022-06-28,3549.29
2022-06-29,3514.3201
2022-06-30,3454.8601
2022-07-01,3448.3101
2022-07-04,3452.4199
2022-07-05,3359.8301
2022-07-06,3421.8401
2022-07-07,3488.5
2022-07-08,3506.55
2022-07-11,3471.6899
2022-07-12,3487.05
2022-07-13,3453.97
2022-07-14,3396.6101
2022-07-15,3477.2
2022-07-18,3511.8601
2022-07-19,3587.4399
2022-07-20,3585.24
2022-07-21,3596.51
2022-07-22,3596.49
2022-07-25,3604.1599
2022-07-26,3575.3601
2022-07-27,3607.78
2022-07-28,3652.2
2022-07-29,3708.1001
2022-08-02,3684.6299
2022-08-03,3732.54
2022-08-04,3754.6001
2022-08-05,3725.3899
2022-08-08,3757.22
2022-08-09,3715.3701
2022-08-10,3749.3501
2022-08-11,3757.05
2022-08-12,3776.8101
2022-08-15,3789.6201
2022-08-16,3805.22
2022-08-17,3756.0601
2022-08-18,3777.3799
2022-08-19,3730.3201
2022-08-22,3658.22
2022-08-23,3652.52
2022-08-24,3667.46
2022-08-25,3674.54
2022-08-26,3603.6799
2022-08-29,3570.51
2022-08-30,3561.9199
2022-08-31,3517.25
2022-09-01,3456.7
2022-09-02,3544.3799
2022-09-05,3490.01
2022-09-06,3500.1399
2022-09-07,3502.0901
2022-09-08,3512.3799
2022-09-09,3570.04
2022-09-12,3646.51
2022-09-13,3586.1799
2022-09-14,3567.5601
2022-09-15,3541.79
2022-09-16,3500.4099
2022-09-19,3499.49
2022-09-20,3467.0901
2022-09-21,3491.8701
2022-09-22,3427.1399
2022-09-23,3348.6001
2022-09-26,3342.5601
2022-09-27,3328.6499
2022-09-28,3335.3
2022-09-29,3279.04
2022-09-30,3318.2
2022-10-03,3342.1699
2022-10-04,3484.48
2022-10-05,3447.72
2022-10-06,3433.45
2022-10-07,3375.46
2022-10-10,3356.8799
2022-10-11,3340.3501
2022-10-12,3331.53
2022-10-13,3362.3999
2022-10-14,3381.73
2022-10-17,3441.6399
2022-10-18,3463.8301
2022-10-19,3471.24
2022-10-20,3492.8501
2022-10-21,3476.6299
2022-10-24,3527.79
2022-10-25,3585.5801
2022-10-26,3605.3101
2022-10-27,3604.51
2022-10-28,3613.02
2022-10-31,3617.54
2022-11-01,3651.02
2022-11-02,3622.01
2022-11-03,3593.1799
2022-11-04,3688.3301
2022-11-07,3708.8
2022-11-08,3739.28
2022-11-09,3728.03
2022-11-10,3846.5601
2022-11-11,3868.5
2022-11-14,3887.51
2022-11-15,3915.0901
2022-11-16,3882.78
2022-11-17,3878.4199
2022-11-18,3924.8401
2022-11-21,3909.28
2022-11-22,3929.8999
2022-11-23,3946.4399
2022-11-24,3961.99
2022-11-25,3962.4099
2022-11-28,3935.51
2022-11-29,3934.4399
2022-11-30,3964.72
2022-12-01,3984.5
2022-12-02,3977.8999
2022-12-05,3956.53
2022-12-06,3939.1899
2022-12-07,3920.8999
2022-12-08,3921.27
2022-12-09,3942.6201
2022-12-12,3921.8201
2022-12-13,3986.8301
2022-12-14,3975.26
2022-12-15,3835.7
2022-12-16,3804.02
2022-12-19,3811.24
2022-12-20,3802.49
2022-12-21,3872.1499
2022-12-22,3823.29
2022-12-23,3817.01
2022-12-27,3832.8899
2022-12-28,3808.8201
2022-12-29,3850.0701
2022-12-30,3793.6201
2023-01-03,3882.29
2023-01-04,3973.97
2023-01-05,3959.48
2023-01-06,4017.8301
2023-01-09,4068.6201
2023-01-10,4057.46
2023-01-11,4099.7598
2023-01-12,4126.6802
2023-01-13,4150.7998
2023-01-16,4157
2023-01-17,4174.3301
2023-01-18,4174.3398
2023-01-19,4094.28
2023-01-20,4119.8999
2023-01-23,4150.8198
2023-01-24,4153.02
2023-01-25,4148.1099
2023-01-26,4173.98
2023-01-27,4178.0098
2023-01-30,4158.6299
2023-01-31,4163.4502
2023-02-01,4171.4399
2023-02-02,4241.1201
2023-02-03,4257.98
2023-02-06,4205.4502
2023-02-07,4209.3101
2023-02-08,4209.1499
2023-02-09,4250.1401
2023-02-10,4197.9399
2023-02-13,4241.3599
2023-02-14,4238.7598
2023-02-15,4280.04
2023-02-16,4297.2402
2023-02-17,4274.9199
2023-02-20,4271.1802
2023-02-21,4250.3999
2023-02-22,4242.8799
2023-02-23,4258.1602
2023-02-24,4178.8198
2023-02-27,4248.0098
2023-02-28,4238.3799
2023-03-01,4215.75
2023-03-02,4240.5898
2023-03-03,4294.7998
2023-03-06,4313.7798
2023-03-07,4278.96
2023-03-08,4288.4502
2023-03-09,4286.1201
2023-03-10,4229.5298
2023-03-13,4096.54
2023-03-14,4179.4702
2023-03-15,4034.9199
2023-03-16,4116.98
2023-03-17,4064.99
2023-03-20,4119.4199
2023-03-21,4181.6001
2023-03-22,4195.7002
2023-03-23,4207.1401
2023-03-24,4130.6201
2023-03-27,4164.6201
2023-03-28,4168.21
2023-03-29,4231.27
2023-03-30,4285.4199
2023-03-31,4315.0498
2023-04-03,4311.0498
2023-04-04,4315.3198
2023-04-05,4298.3599
2023-04-06,4309.4502
2023-04-11,4333.29
2023-04-12,4334.0298
2023-04-13,4363.2402
2023-04-14,4390.75
2023-04-17,4367.6099
2023-04-18,4393.9502
2023-04-19,4393.5698
2023-04-20,4384.8599
2023-04-21,4408.5898
2023-04-24,4401.7998
2023-04-25,4377.8501
2023-04-26,4347.71
2023-04-27,4358.0498
2023-04-28,4359.3101
2023-05-02,4294.8501
2023-05-03,4310.1802
2023-05-04,4287.0298
2023-05-05,4340.4302
2023-05-08,4348.6499
2023-05-09,4323.0898
2023-05-10,4306.7598
2023-05-11,4309.75
2023-05-12,4317.8799
2023-05-15,4316.4102
2023-05-16,4315.5098
2023-05-17,4323.23
2023-05-19,4395.2998
2023-05-22,4385.6299
2023-05-23,4342.3799
2023-05-24,4263.7402
2023-05-25,4269.6401
2023-05-26,4337.5
2023-05-30,4291.5801
2023-05-31,4218.04
2023-06-01,4257.6099
2023-06-02,4323.52
2023-06-05,4293.2402
2023-06-06,4295.2202
2023-06-07,4291.9102
2023-06-08,4297.6802
2023-06-09,4289.79
2023-06-12,4316.4902
2023-06-13,4347.5498
2023-06-14,4375.98
2023-06-15,4365.1201
2023-06-16,4394.8198
2023-06-19,4362.3799
2023-06-20,4343.1401
2023-06-21,4322.75
2023-06-22,4304.4702
2023-06-23,4271.6099
2023-06-26,4280.5698
2023-06-27,4305.2598
2023-06-28,4344.75
2023-06-29,4354.6899
2023-06-30,4399.0898
2023-07-03,4398.1499
2023-07-04,4390.9902
2023-07-05,4350.71
2023-07-06,4223.0898
2023-07-07,4236.6001
2023-07-10,4256.5098
2023-07-11,4286.5601
2023-07-12,4360.46
2023-07-13,4391.7598
2023-07-14,4400.1099
2023-07-17,4356.79
2023-07-18,4369.73
2023-07-19,4362.2798
2023-07-20,4373.73
2023-07-21,4391.4102
2023-07-24,4383.0298
2023-07-25,4391.2998
2023-07-26,4346.1499
2023-07-27,4447.4399
2023-07-28,4466.5
2023-07-31,4471.3101
2023-08-02,4336.5
2023-08-03,4304.6299
2023-08-04,4332.9102
2023-08-07,4337.5
2023-08-08,4288.8501
2023-08-09,4317.3301
2023-08-10,4384.04
2023-08-11,4321.3301
2023-08-14,4330.23
2023-08-15,4288.5698
2023-08-16,4284.27
2023-08-17,4227.8301
2023-08-18,4212.9502
2023-08-21,4224.8701
2023-08-22,4260.3701
2023-08-23,4266.6699
2023-08-24,4232.2202
2023-08-25,4236.25
2023-08-28,4293.6899
2023-08-29,4326.4702
2023-08-30,4315.3101
2023-08-31,4297.1099
2023-09-01,4282.6401
2023-09-04,4279.8701
2023-09-05,4269.1602
2023-09-06,4238.2598
2023-09-07,4221.02
2023-09-08,4237.1899
2023-09-11,4254.3301
2023-09-12,4242.27
2023-09-13,4223.48
2023-09-14,4279.75
2023-09-15,4295.0498
2023-09-18,4245.8799
2023-09-19,4242.7002
2023-09-20,4275.98
2023-09-21,4212.5898
2023-09-22,4207.1602
2023-09-25,4167.3701
2023-09-26,4129.1802
2023-09-27,4131.6802
2023-09-28,4161.5601
2023-09-29,4174.6602
2023-10-02,4137.6299
2023-10-03,4095.5901
2023-10-04,4099.8501
2023-10-05,4099.8101
2023-10-06,4144.4302
2023-10-09,4112.5698
2023-10-10,4205.23
2023-10-11,4200.7998
2023-10-12,4198.23
2023-10-13,4136.1201
2023-10-16,4149.8599
2023-10-17,4152.3198
2023-10-18,4105.8599
2023-10-19,4090.3301
2023-10-20,4024.6799
2023-10-23,4041.75
2023-10-24,4065.3701
2023-10-25,4073.3501
2023-10-26,4049.3999
2023-10-27,4014.3601
2023-10-30,4028.3201
2023-10-31,4061.1201
2023-11-01,4091.71
2023-11-02,4169.6201
2023-11-03,4174.6699
2023-11-06,4158.6401
2023-11-07,4153.3701
2023-11-08,4178.4902
2023-11-09,4229.2002
2023-11-10,4197.3599
2023-11-13,4232.1899
2023-11-14,4291.7202
2023-11-15,4315.5298
2023-11-16,4302.4502
2023-11-17,4340.77
2023-11-20,4342.4102
2023-11-21,4331.8999
2023-11-22,4352.02
2023-11-23,4361.3198
2023-11-24,4372.1001
2023-11-27,4354.4102
2023-11-28,4348.02
2023-11-29,4370.5298
2023-11-30,4382.4702
2023-12-01,4418.5098
2023-12-04,4414.9502
2023-12-05,4452.77
2023-12-06,4483.2598
2023-12-07,4473.77
2023-12-08,4523.3101
2023-12-11,4540.1899
2023-12-12,4536.6099
2023-12-13,4530.1899
2023-12-14,4539.1602
2023-12-15,4549.4399
2023-12-18,4521.1299
2023-12-19,4535.3999
2023-12-20,4533.8198
2023-12-21,4524.8599
2023-12-22,4521.4702
2023-12-27,4528.3799
2023-12-28,4514.3799
2023-12-29,4521.6499
2024-01-03,4448.1299
2024-01-04,4474.0098
2024-01-05,4463.5098
2024-01-08,4485.48
2024-01-09,4467.1699
2024-01-10,4468.98
2024-01-11,4442.2798
2024-01-12,4480.02
2024-01-15,4454.6802
2024-01-16,4446.5098
2024-01-17,4403.0801
2024-01-18,4453.0498
2024-01-19,4448.8301
2024-01-22,4480.3198
2024-01-23,4465.9102
2024-01-24,4564.1099
2024-01-25,4582.2598
2024-01-26,4635.4702
2024-01-29,4639.3599
2024-01-30,4662.7002
2024-01-31,4648.3999
2024-02-01,4638.6001
2024-02-02,4654.5498
2024-02-05,4655.27
2024-02-06,4690.8701
2024-02-07,4678.8501
2024-02-08,4710.7798
2024-02-09,4715.8701
2024-02-12,4746.3501
2024-02-13,4689.2798
2024-02-14,4709.2202
2024-02-15,4743.1699
2024-02-16,4765.6499
2024-02-19,4763.0698
2024-02-20,4760.2798
2024-02-21,4775.3101
2024-02-22,4855.3599
2024-02-23,4872.5698
2024-02-26,4864.29
2024-02-27,4885.7402
2024-02-28,4883.77
2024-02-29,4877.77
2024-03-01,4894.8599
2024-03-04,4912.9199
2024-03-05,4893.0698
2024-03-06,4915.4902
2024-03-07,4974.2202
2024-03-08,4961.1099
2024-03-11,4930.4199
2024-03-12,4983.2002
2024-03-13,5000.5498
2024-03-14,4993.1201
2024-03-15,4986.02
2024-03-18,4982.7598
2024-03-19,5007.9199
2024-03-20,5000.3101
2024-03-21,5052.3101
2024-03-22,5031.1499
2024-03-25,5044.1899
2024-03-26,5064.1802
2024-03-27,5081.7402
2024-03-28,5083.4199
2024-04-02,5042
2024-04-03,5069.25
2024-04-04,5070.7598
2024-04-05,5014.75
2024-04-08,5046.0498
2024-04-09,4990.8999
2024-04-10,5000.8301
2024-04-11,4966.6802
2024-04-12,4955.0098
2024-04-15,4984.48
2024-04-16,4916.9902
2024-04-17,4914.1299
2024-04-18,4936.5698
2024-04-19,4918.0898
2024-04-22,4936.8501
2024-04-23,5008.1699
2024-04-24,4989.8799
2024-04-25,4939.0098
2024-04-26,5006.8501
2024-04-29,4981.0898
2024-04-30,4921.2202
2024-05-02,4890.6099
2024-05-03,4921.48
2024-05-06,4956.96
2024-05-07,5016.1001
2024-05-08,5038.1699
2024-05-10,5085.0801
2024-05-13,5078.96
2024-05-14,5080.29
2024-05-15,5100.8999
2024-05-16,5072.4502
2024-05-17,5064.1401
2024-05-21,5046.9902
2024-05-22,5025.1699
2024-05-23,5037.6001
2024-05-24,5035.4102
2024-05-27,5059.2002
2024-05-28,5030.3501
2024-05-29,4963.2002
2024-05-30,4982.1802
2024-05-31,4983.6699
2024-06-03,5003.54
2024-06-04,4953.3701
2024-06-05,5035.6602
2024-06-06,5069.0898
2024-06-07,5051.3101
2024-06-10,5016.48
2024-06-11,4965.0898
2024-06-12,5034.4302
2024-06-13,4935.5
2024-06-14,4839.1401
2024-06-17,4880.4199
2024-06-18,4915.4702
2024-06-19,4885.4502
2024-06-20,4947.73
2024-06-21,4907.2998
2024-06-24,4950.98
2024-06-25,4935.9702
2024-06-26,4915.9399
2024-06-27,4902.6001
2024-06-28,4894.02
2024-07-01,4929.9902
2024-07-02,4906.3301
2024-07-03,4965.7998
2024-07-04,4987.48
2024-07-05,4979.3901
2024-07-08,4969.8301
2024-07-09,4903.6201
2024-07-10,4958.8599
2024-07-11,4976.1299
2024-07-12,5043.02
2024-07-15,4983.1099
2024-07-16,4947.8301
2024-07-17,4891.46
2024-07-18,4870.1201
2024-07-19,4827.2402
2024-07-22,4897.4399
2024-07-23,4916.7998
2024-07-24,4861.8701
2024-07-25,4811.2798
2024-07-26,4862.5
2024-07-29,4815.3901
2024-07-30,4841
2024-07-31,4872.9399
2024-08-02,4638.7002
2024-08-05,4571.6001
2024-08-06,4575.2202
2024-08-07,4668.0601
2024-08-08,4668.7402
2024-08-09,4675.2798
2024-08-12,4671.8799
2024-08-13,4694.9199
2024-08-14,4727.6001
2024-08-15,4807.77
2024-08-16,4840.52
2024-08-19,4871.4102
2024-08-20,4857.5801
2024-08-21,4885.2798
2024-08-22,4885
2024-08-23,4909.2002
2024-08-26,4896.6899
2024-08-27,4898.7798
2024-08-28,4913.0298
2024-08-29,4966.27
2024-08-30,4957.98
2024-09-02,4973.0698
2024-09-03,4912.52
2024-09-04,4848.1802
2024-09-05,4815.1499
2024-09-06,4738.0601
2024-09-09,4778.6602
2024-09-10,4747.2002
2024-09-11,4763.5801
2024-09-12,4814.0801
2024-09-13,4843.9902
2024-09-16,4827.6299
2024-09-17,4860.7798
2024-09-18,4835.2998
2024-09-19,4943.3799
2024-09-20,4871.54
2024-09-23,4885.5698
2024-09-24,4940.7202
2024-09-25,4916.8901
2024-09-26,5032.5898
2024-09-27,5067.4502
2024-09-30,5000.4502
2024-10-01,4954.1499
2024-10-02,4963.29
2024-10-03,4921.3301
2024-10-04,4954.9399
2024-10-07,4969.71
2024-10-08,4949
2024-10-09,4982.5698
2024-10-10,4970.3398
2024-10-11,5003.9199
2024-10-14,5041.0098
2024-10-15,4946.73
2024-10-16,4908.71
2024-10-17,4947.2998
2024-10-18,4986.27
2024-10-21,4941.2202
2024-10-22,4939.3101
2024-10-23,4922.5498
2024-10-24,4935.4502
2024-10-25,4943.0898
2024-10-28,4969.8301
2024-10-29,4950.02
2024-10-30,4885.75
2024-10-31,4827.6299
2024-11-01,4877.75
2024-11-04,4852.1001
2024-11-05,4870.3301
2024-11-06,4800.6299
2024-11-07,4851.96
2024-11-08,4802.7598
2024-11-11,4854.0298
2024-11-12,4744.6899
2024-11-13,4740.3398
2024-11-14,4833.5298
2024-11-15,4794.8501
2024-11-18,4790.3301
2024-11-19,4751.23
2024-11-20,4729.71
2024-11-21,4755.8301
2024-11-22,4789.0801
2024-11-25,4799.8701
2024-11-26,4761.9902
2024-11-27,4733.1499
2024-11-28,4758.6499
2024-11-29,4804.3999
2024-12-02,4846.73
2024-12-03,4878.5098
2024-12-04,4919.02
2024-12-05,4951.5801
2024-12-06,4977.7798
2024-12-09,4985.46
2024-12-10,4951.7402
2024-12-11,4959.3501
2024-12-12,4965.5298
2024-12-13,4967.9502
2024-12-16,4947.0298
2024-12-17,4942.5801
2024-12-18,4957.2798
2024-12-19,4879
2024-12-20,4862.2798
2024-12-23,4852.9302
2024-12-27,4898.8799
2024-12-30,4869.2798
2025-01-03,4871.4502
2025-01-06,4986.6401
2025-01-07,5011.8198
2025-01-08,4996.3901
2025-01-09,5017.9102
2025-01-10,4977.2598
2025-01-13,4954.21
2025-01-14,4980.4702
2025-01-15,5032.3101
2025-01-16,5106.9302
2025-01-17,5148.2998
2025-01-20,5164.4399
2025-01-21,5165.96
2025-01-22,5205.8301
2025-01-23,5217.5
2025-01-24,5219.3701
2025-01-27,5188.4502
2025-01-28,5195.71
2025-01-29,5230.6602
2025-01-30,5282.21
2025-01-31,5286.8701
2025-02-03,5217.9102
2025-02-04,5264.5898
2025-02-05,5271.1201
2025-02-06,5356.6299
2025-02-07,5325.3999
2025-02-10,5358.2998
2025-02-11,5390.9102
2025-02-12,5405.6499
2025-02-13,5500.5
2025-02-14,5493.3999
2025-02-17,5519.8301
2025-02-18,5533.8398
2025-02-19,5461.1699
2025-02-20,5461.0298
2025-02-21,5474.8501
2025-02-24,5453.7598
2025-02-25,5447.8999
2025-02-26,5527.9902
2025-02-27,5472.5601
2025-02-28,5463.54
2025-03-03,5540.6899
2025-03-04,5387.3101
2025-03-05,5489.1201
2025-03-06,5520.4702
2025-03-07,5468.4102
2025-03-10,5386.98
2025-03-11,5309.8999
2025-03-12,5359.4199
2025-03-13,5328.3901
2025-03-14,5404.1802
2025-03-17,5445.5498
2025-03-18,5485.0098
2025-03-19,5507.3599
2025-03-20,5450.9302
2025-03-21,5423.8301
2025-03-24,5415.79
2025-03-25,5475.0801
2025-03-26,5411.6899
2025-03-27,5381.0801
2025-03-28,5331.3999
2025-03-31,5248.3901
2025-04-01,5320.2998
2025-04-02,5303.9502
2025-04-03,5113.2798
2025-04-04,4878.3101
2025-04-07,4656.4102
2025-04-08,4773.6499
2025-04-09,4622.1401
2025-04-10,4818.9199
2025-04-11,4787.23
2025-04-14,4911.3901
2025-04-15,4970.4302
2025-04-16,4966.5
2025-04-17,4935.3398
2025-04-22,4961.4502
2025-04-23,5098.7402
2025-04-24,5114.98
2025-04-25,5154.1201
2025-04-28,5170.4902
2025-04-29,5161.8999
2025-04-30,5160.2202
2025-05-02,5285.1899
2025-05-05,5283.0498
2025-05-06,5263.3799
2025-05-07,5230.1899
2025-05-08,5288.9399
2025-05-09,5309.7402
2025-05-12,5392.3599
2025-05-13,5416.21
2025-05-14,5403.4399
2025-05-15,5412.0801
2025-05-16,5427.5298
2025-05-19,5427.23
2025-05-20,5454.6499
2025-05-21,5454.46
2025-05-22,5424.48
2025-05-23,5326.3101
2025-05-26,5395.3301
2025-05-27,5415.4502
2025-05-28,5378.3901
2025-05-30,5366.5898
2025-06-02,5355.5601
2025-06-03,5375.7002
2025-06-04,5405.1499
2025-06-05,5410.5498
2025-06-06,5430.1699
2025-06-10,5415.3799
2025-06-11,5393.1499
2025-06-12,5360.8198
2025-06-13,5290.4702
2025-06-16,5339.5698
2025-06-17,5288.6802
2025-06-18,5266.9102
2025-06-19,5197.0298
2025-06-20,5233.5801
2025-06-23,5221.8999
2025-06-24,5297.0698
2025-06-25,5252.0098
2025-06-26,5244.0298
2025-06-27,5325.6401
2025-06-30,5303.2402
2025-07-01,5282.4302
2025-07-02,5318.7202
2025-07-03,5343.1499
2025-07-04,5288.8101
2025-07-07,5341.54
2025-07-08,5371.9502
2025-07-09,5445.6499
2025-07-10,5438.27
2025-07-11,5383.48
2025-07-14,5370.8501
2025-07-15,5354.1699
2025-07-16,5298.0698
2025-07-17,5377.1499
2025-07-18,5359.23
2025-07-21,5342.98
2025-07-22,5290.48
2025-07-23,5344.25
2025-07-24,5355.2002
2025-07-25,5352.1602
2025-07-28,5337.5801
2025-07-29,5379.2002
2025-07-30,5393.1802
2025-07-31,5319.9199
2025-08-04,5242.3198
2025-08-05,5249.5898
2025-08-06,5263.29
2025-08-07,5332.0698
2025-08-08,5347.7402
2025-08-11,5331.8501
2025-08-12,5335.9702
2025-08-13,5388.25
2025-08-14,5434.7002
2025-08-15,5448.6099
2025-08-18,5434.6401
2025-08-19,5483.2798
2025-08-20,5472.3198
2025-08-21,5462.1602
2025-08-22,5488.23
2025-08-25,5443.96
2025-08-26,5383.6802
2025-08-27,5393.0698
2025-08-28,5396.73
2025-08-29,5351.73
2025-09-01,5367.0801
2025-09-02,5291.04
2025-09-03,5325.0098
2025-09-04,5346.71
2025-09-05,5318.1499
2025-09-08,5362.8101
2025-09-09,5368.8198
2025-09-10,5361.4702
2025-09-11,5386.77
2025-09-12,5390.71
2025-09-15,5440.3999
2025-09-16,5372.3101
2025-09-17,5369.7002
2025-09-18,5456.6699
2025-09-19,5458.4199
2025-09-22,5442.0498
2025-09-23,5472.3901
2025-09-24,5464.5601
2025-09-25,5444.8901
2025-09-26,5499.7002
2025-09-29,5506.8501
2025-09-30,5529.96
2025-10-01,5581.21
2025-10-02,5645.8101
2025-10-03,5651.71
2025-10-06,5628.7202
2025-10-07,5613.6201
2025-10-08,5649.73
2025-10-09,5625.5601
2025-10-10,5531.3198
2025-10-13,5568.1899
2025-10-14,5552.0498
2025-10-15,5605.0298
2025-10-16,5652.0098
2025-10-17,5607.3901
2025-10-20,5680.9302
2025-10-21,5686.8301
2025-10-22,5639.21
2025-10-23,5668.3301
2025-10-24,5674.5
2025-10-27,5711.0601
2025-10-28,5704.3501
2025-10-29,5705.8101
2025-10-30,5699.1802
2025-10-31,5662.04
2025-11-03,5679.25
2025-11-04,5660.2002
2025-11-05,5669.1299
2025-11-06,5611.1802
2025-11-07,5566.5298
2025-11-10,5664.46
2025-11-11,5725.7002
2025-11-12,5787.3101
2025-11-13,5742.79
2025-11-14,5693.77
2025-11-17,5640.9399
2025-11-18,5534.71
2025-11-19,5542.0498
2025-11-20,5569.9199
2025-11-21,5515.0898
2025-11-24,5528.6699
2025-11-25,5573.9102
2025-11-26,5655.5801
2025-11-27,5653.1699
2025-11-28,5668.1699
2025-12-01,5667.48
2025-12-02,5686.1699
2025-12-03,5694.5601
2025-12-04,5718.0801
2025-12-05,5723.9302
2025-12-08,5725.5898
2025-12-09,5718.3198
2025-12-10,5708.1201
2025-12-11,5753.96
2025-12-12,5720.71
2025-12-15,5752.52
2025-12-16,5717.8301
2025-12-17,5681.6699
2025-12-18,5741.71
2025-12-19,5760.3501
2025-12-22,5743.6899
2025-12-23,5749.2798
2025-12-29,5751.71
2025-12-30,5796.2202
2026-01-05,5923.6899
2026-01-06,5931.79
2026-01-07,5923.5698
2026-01-08,5904.3198
2026-01-09,5997.4702
2026-01-12,6016.2998
2026-01-13,6029.8301
2026-01-14,6005.0498
2026-01-15,6041.1401
2026-01-16,6029.4502
2026-01-19,5925.8198
2026-01-20,5892.0801
2026-01-21,5882.8799
2026-01-22,5956.1699
2026-01-23,5948.2002
2026-01-26,5957.7998
2026-01-27,5994.5898
2026-01-28,5933.2002
2026-01-29,5891.9502
2026-01-30,5947.8101
2026-02-02,6007.5098
2026-02-03,5995.3501
2026-02-04,5970.4702
2026-02-05,5925.7002
2026-02-06,5998.3999
2026-02-09,6059.0098
2026-02-10,6047.0601
2026-02-11,6035.6401
2026-02-12,6011.29
2026-02-13,5985.23
2026-02-16,5978.8799
2026-02-17,6021.8501
2026-02-18,6103.3701
2026-02-19,6059.6201
2026-02-20,6131.3101
2026-02-23,6113.9199
2026-02-24,6116.6001
2026-02-25,6173.3198
2026-02-26,6161.5601
2026-02-27,6138.4102
2026-03-02,5986.9302
2026-03-03,5771.73
2026-03-04,5870.9199
2026-03-05,5782.8901
2026-03-06,5719.8999
2026-03-09,5685.2002
2026-03-10,5837.1699
2026-03-11,5794.6802
2026-03-12,5748.8901
2026-03-13,5716.6099
2026-03-16,5739.0098
2026-03-17,5769.25
2026-03-18,5736.8501
2026-03-19,5613.8301
2026-03-20,5501.2798
2026-03-23,5574.3198
2026-03-24,5581.29
2026-03-25,5649.3301
2026-03-26,5565.9302
2026-03-27,5505.7998
2026-03-30,5541.79
2026-03-31,5569.73
2026-04-01,5732.71
2026-04-02,5692.8599
2026-04-07,5633.2202
2026-04-08,5913.3701
2026-04-09,5896.29
2026-04-10,5926.1099
2026-04-13,5905.02
2026-04-14,5984.5098
2026-04-15,5940.3398
2026-04-16,5933.2798
2026-04-17,6057.71
2026-04-20,5982.6299
2026-04-21,5930.25
2026-04-22,5906.2202
2026-04-23,5894.73
2026-04-24,5883.48
2026-04-27,5860.3198
2026-04-28,5836.1001
2026-04-29,5816.48
2026-04-30,5881.5098
2026-05-04,5763.6099
2026-05-05,5869.6299
2026-05-06,6027.1299
2026-05-07,5972.6499
2026-05-08,5911.5298
2026-05-11,5895.4502
2026-05-12,5808.4502
2026-05-13,5861.0698
2026-05-15,5827.7598
2026-05-18,5849
2026-05-19,5851.1602
2026-05-20,5976.0698
2026-05-21,5960.3198
2026-05-22,6019.4502
2026-05-26,6064.1499
2026-05-27,6070.54
2026-05-28,6055.1099
2026-05-29,6050.54
2026-06-01,6034.9502
2026-06-02,6107.8501
2026-06-03,6053.5698
2026-06-04,6103.3301
2026-06-05,6062.0698
2026-06-08,6062.29
2026-06-09,6049.7402
2026-06-10,6009.9502
2026-06-11,6056.96
2026-06-12,6187.6299
2026-06-15,6229.4302
2026-06-16,6257.4199
2026-06-17,6300.0698
2026-06-18,6323.27
2026-06-19,6293.1299
2026-06-22,6311.3198
2026-06-23,6230.5498
2026-06-24,6214.7002
2026-06-25,6267.5298
2026-06-26,6221.5498
2026-06-29,6231.6299
2026-06-30,6328.0898
2026-07-01,6282.5
2026-07-02,6360.4702
2026-07-03,6412.6802
2026-07-06,6398.0098
2026-07-07,6319.8599
2026-07-08,6204.9102
2026-07-09,6284.27
2026-07-10,6269.9702
2026-07-13,6271.02
2026-07-14,6280.1899
2026-07-15,6265.5801
2026-07-16,6283.6099
2026-07-17,6230.8701
2026-07-20,6227.3999
2026-07-21,6285.6299
2026-07-22,6316.9902
2026-07-23,6210.1699
2026-07-24,6280.9399
2026-07-27,6282.21
2026-07-28,6289.5098
2026-07-29,6248.8398
2026-07-30,6344.3999
2026-07-31,6358.0098
2026-08-03,6426.5
2026-08-04,6486.7002
2026-08-05,6476.98
2026-08-06,6502.5601
2026-08-07,6523.8599
2026-08-10,6535.6201
