# ^TWII | Yahoo (browser) | fetched 2026-08-12
date,value
2021-08-11,17227.1797
2021-08-12,17219.9395
2021-08-13,16982.1094
2021-08-16,16858.7695
2021-08-17,16661.3594
2021-08-18,16826.2695
2021-08-19,16375.4004
2021-08-20,16341.9404
2021-08-23,16741.8398
2021-08-24,16818.7305
2021-08-25,17045.8594
2021-08-26,17066.9609
2021-08-27,17209.9297
2021-08-30,17396.5195
2021-08-31,17490.2891
2021-09-01,17473.9902
2021-09-02,17319.7598
2021-09-03,17516.9199
2021-09-06,17495.3008
2021-09-07,17428.8691
2021-09-08,17270.4902
2021-09-09,17304.3301
2021-09-10,17474.5703
2021-09-13,17446.3105
2021-09-14,17434.9004
2021-09-15,17354
2021-09-16,17278.6992
2021-09-17,17276.7891
2021-09-22,16925.8203
2021-09-23,17078.2207
2021-09-24,17260.1895
2021-09-27,17313.7695
2021-09-28,17181.4395
2021-09-29,16855.4609
2021-09-30,16934.7695
2021-10-01,16570.8906
2021-10-04,16408.3496
2021-10-05,16460.75
2021-10-06,16393.1602
2021-10-07,16713.8594
2021-10-08,16640.4297
2021-10-12,16462.8398
2021-10-13,16347.9902
2021-10-14,16387.2793
2021-10-15,16781.1895
2021-10-18,16705.4609
2021-10-19,16900.6699
2021-10-20,16887.8203
2021-10-21,16889.5098
2021-10-22,16888.7402
2021-10-25,16894.2402
2021-10-26,17034.3398
2021-10-27,17074.5508
2021-10-28,17041.6309
2021-10-29,16987.4102
2021-11-01,17068.2402
2021-11-02,17065.9707
2021-11-03,17122.1602
2021-11-04,17078.8594
2021-11-05,17296.9004
2021-11-08,17415.3008
2021-11-09,17541.3594
2021-11-10,17559.6504
2021-11-11,17452.5195
2021-11-12,17518.1309
2021-11-15,17634.4707
2021-11-16,17693.1309
2021-11-17,17764.0391
2021-11-18,17841.3691
2021-11-19,17818.3105
2021-11-22,17803.5391
2021-11-23,17666.1191
2021-11-24,17642.5195
2021-11-25,17654.1895
2021-11-26,17369.3906
2021-11-29,17328.0898
2021-11-30,17427.7598
2021-12-01,17585.9902
2021-12-02,17724.8809
2021-12-03,17697.1406
2021-12-06,17688.2109
2021-12-07,17796.9199
2021-12-08,17832.4199
2021-12-09,17914.1191
2021-12-10,17826.2598
2021-12-13,17767.5996
2021-12-14,17599.3691
2021-12-15,17660.0996
2021-12-16,17785.7402
2021-12-17,17812.5898
2021-12-20,17669.1094
2021-12-21,17789.2695
2021-12-22,17826.8301
2021-12-23,17946.6602
2021-12-24,17961.6406
2021-12-27,18048.9395
2021-12-28,18196.8105
2021-12-29,18248.2793
2021-12-30,18218.8398
2022-01-03,18270.5098
2022-01-04,18526.3496
2022-01-05,18499.9609
2022-01-06,18367.9199
2022-01-07,18169.7598
2022-01-10,18239.3809
2022-01-11,18288.2109
2022-01-12,18375.4004
2022-01-13,18436.9297
2022-01-14,18403.3301
2022-01-17,18525.4395
2022-01-18,18378.6406
2022-01-19,18227.4609
2022-01-20,18218.2793
2022-01-21,17899.3008
2022-01-24,17989.0391
2022-01-25,17701.1191
2022-01-26,17674.4004
2022-02-07,17900.3008
2022-02-08,17966.5605
2022-02-09,18151.7598
2022-02-10,18338.0508
2022-02-11,18310.9395
2022-02-14,17997.6699
2022-02-15,17951.8105
2022-02-16,18231.4707
2022-02-17,18268.5703
2022-02-18,18232.3496
2022-02-21,18221.4902
2022-02-22,17969.2891
2022-02-23,18055.7305
2022-02-24,17594.5508
2022-02-25,17652.1797
2022-03-01,17898.25
2022-03-02,17867.5996
2022-03-03,17934.4004
2022-03-04,17736.5195
2022-03-07,17178.6895
2022-03-08,16825.25
2022-03-09,17015.3594
2022-03-10,17433.1992
2022-03-11,17264.7402
2022-03-14,17263.0391
2022-03-15,16926.0605
2022-03-16,16940.8301
2022-03-17,17448.2207
2022-03-18,17456.5195
2022-03-21,17560.3594
2022-03-22,17559.7109
2022-03-23,17731.3691
2022-03-24,17699.0605
2022-03-25,17676.9492
2022-03-28,17520.0098
2022-03-29,17548.6602
2022-03-30,17740.5605
2022-03-31,17693.4707
2022-04-01,17625.5898
2022-04-06,17522.5
2022-04-07,17178.6309
2022-04-08,17284.5391
2022-04-11,17048.3691
2022-04-12,16990.9102
2022-04-13,17301.6504
2022-04-14,17245.6504
2022-04-15,17004.1797
2022-04-18,16898.8691
2022-04-19,16993.4004
2022-04-20,17148.8809
2022-04-21,17127.9492
2022-04-22,17025.0898
2022-04-25,16620.9004
2022-04-26,16644.7891
2022-04-27,16303.3496
2022-04-28,16419.3809
2022-04-29,16592.1797
2022-05-03,16498.9004
2022-05-04,16565.8301
2022-05-05,16696.1191
2022-05-06,16408.1992
2022-05-09,16048.9199
2022-05-10,16061.7002
2022-05-11,16006.25
2022-05-12,15616.6797
2022-05-13,15832.54
2022-05-16,15901.04
2022-05-17,16056.0898
2022-05-18,16296.8604
2022-05-19,16020.3203
2022-05-20,16144.8496
2022-05-23,16156.4102
2022-05-24,15963.6299
2022-05-25,16104.0303
2022-05-26,15968.8301
2022-05-27,16266.2197
2022-05-30,16610.6191
2022-05-31,16807.7695
2022-06-01,16675.0898
2022-06-02,16552.5703
2022-06-06,16605.9609
2022-06-07,16512.8809
2022-06-08,16670.5098
2022-06-09,16621.3398
2022-06-10,16460.1191
2022-06-13,16070.9805
2022-06-14,16047.3701
2022-06-15,15999.25
2022-06-16,15838.6104
2022-06-17,15641.2598
2022-06-20,15367.5801
2022-06-21,15728.6396
2022-06-22,15347.75
2022-06-23,15176.4404
2022-06-24,15303.3203
2022-06-27,15548.0098
2022-06-28,15439.9199
2022-06-29,15240.1299
2022-06-30,14825.7305
2022-07-01,14343.0801
2022-07-04,14217.0596
2022-07-05,14349.2002
2022-07-06,13985.5098
2022-07-07,14336.2695
2022-07-08,14464.5303
2022-07-11,14340.5303
2022-07-12,13950.6201
2022-07-13,14324.6797
2022-07-14,14438.5195
2022-07-15,14550.6201
2022-07-18,14719.6396
2022-07-19,14694.0801
2022-07-20,14733.2197
2022-07-21,14937.7002
2022-07-22,14949.3604
2022-07-25,14936.3301
2022-07-26,14806.7803
2022-07-27,14921.5898
2022-07-28,14891.9004
2022-07-29,15000.0703
2022-08-01,14981.6904
2022-08-02,14747.2305
2022-08-03,14777.0195
2022-08-04,14702.2002
2022-08-05,15036.04
2022-08-08,15020.4102
2022-08-09,15050.2803
2022-08-10,14939.0195
2022-08-11,15197.8496
2022-08-12,15288.9697
2022-08-15,15417.3496
2022-08-16,15420.5703
2022-08-17,15465.4502
2022-08-18,15396.7598
2022-08-19,15408.7803
2022-08-22,15245.1396
2022-08-23,15095.8896
2022-08-24,15069.1904
2022-08-25,15200.04
2022-08-26,15278.4404
2022-08-29,14926.1904
2022-08-30,14953.6299
2022-08-31,15095.4404
2022-09-01,14801.8604
2022-09-02,14673.04
2022-09-05,14661.0996
2022-09-06,14677.2002
2022-09-07,14410.0498
2022-09-08,14583.4199
2022-09-12,14807.4297
2022-09-13,14894.4102
2022-09-14,14658.3096
2022-09-15,14670.04
2022-09-16,14561.7598
2022-09-19,14425.6797
2022-09-20,14549.2998
2022-09-21,14424.5195
2022-09-22,14284.6299
2022-09-23,14118.3799
2022-09-26,13778.1904
2022-09-27,13826.5898
2022-09-28,13466.0703
2022-09-29,13534.2598
2022-09-30,13424.5801
2022-10-03,13300.4805
2022-10-04,13576.5195
2022-10-05,13801.4297
2022-10-06,13892.0498
2022-10-07,13702.2803
2022-10-11,13106.0303
2022-10-12,13081.2402
2022-10-13,12810.7305
2022-10-14,13128.1201
2022-10-17,12966.0498
2022-10-18,13124.6797
2022-10-19,12976.7598
2022-10-20,12946.0996
2022-10-21,12819.2002
2022-10-24,12856.9805
2022-10-25,12666.1201
2022-10-26,12729.0498
2022-10-27,12926.3701
2022-10-28,12788.4199
2022-10-31,12949.75
2022-11-01,13037.21
2022-11-02,13100.1699
2022-11-03,12986.5996
2022-11-04,13026.71
2022-11-07,13223.7305
2022-11-08,13347.7598
2022-11-09,13638.8096
2022-11-10,13503.7598
2022-11-11,14007.5596
2022-11-14,14174.9004
2022-11-15,14546.3096
2022-11-16,14537.3496
2022-11-17,14535.2305
2022-11-18,14504.9902
2022-11-21,14449.3896
2022-11-22,14542.2002
2022-11-23,14608.54
2022-11-24,14784
2022-11-25,14778.5098
2022-11-28,14556.8701
2022-11-29,14709.6396
2022-11-30,14879.5498
2022-12-01,15012.7998
2022-12-02,14970.6797
2022-12-05,14980.7402
2022-12-06,14728.8799
2022-12-07,14630.0098
2022-12-08,14553.04
2022-12-09,14705.4297
2022-12-12,14612.5898
2022-12-13,14522.96
2022-12-14,14739.3604
2022-12-15,14734.1299
2022-12-16,14528.5498
2022-12-19,14433.3203
2022-12-20,14170.0303
2022-12-21,14234.4004
2022-12-22,14442.9404
2022-12-23,14271.6299
2022-12-26,14285.1299
2022-12-27,14328.4297
2022-12-28,14173.0996
2022-12-29,14085.0195
2022-12-30,14137.6904
2023-01-03,14224.1201
2023-01-04,14199.1299
2023-01-05,14301.0498
2023-01-06,14373.3398
2023-01-09,14752.21
2023-01-10,14802.96
2023-01-11,14751.4404
2023-01-12,14731.6396
2023-01-13,14824.1299
2023-01-16,14927.0098
2023-01-17,14932.9297
2023-01-30,15493.8203
2023-01-31,15265.2002
2023-02-01,15420.1299
2023-02-02,15595.1602
2023-02-03,15602.6602
2023-02-06,15392.8203
2023-02-07,15400.9102
2023-02-08,15618.1699
2023-02-09,15598.71
2023-02-10,15586.6504
2023-02-13,15544.2803
2023-02-14,15654.4805
2023-02-15,15432.8896
2023-02-16,15550.5
2023-02-17,15479.7002
2023-02-20,15551.2305
2023-02-21,15563
2023-02-22,15418.7695
2023-02-23,15615.4102
2023-02-24,15503.79
2023-03-01,15598.4902
2023-03-02,15598.7197
2023-03-03,15608.4199
2023-03-06,15763.5098
2023-03-07,15857.8896
2023-03-08,15818.2002
2023-03-09,15770.6602
2023-03-10,15526.2002
2023-03-13,15560.4902
2023-03-14,15360.4199
2023-03-15,15387.5898
2023-03-16,15221.1201
2023-03-17,15452.96
2023-03-20,15419.9697
2023-03-21,15513.4502
2023-03-22,15760.46
2023-03-23,15863.9502
2023-03-24,15914.7002
2023-03-27,15830.3096
2023-03-28,15701.4805
2023-03-29,15769.7598
2023-03-30,15849.4297
2023-03-31,15868.0596
2023-04-06,15810.7695
2023-04-07,15836.5
2023-04-10,15876.1699
2023-04-11,15913.8799
2023-04-12,15932.9697
2023-04-13,15804.7598
2023-04-14,15929.4297
2023-04-17,15963.5498
2023-04-18,15869.4404
2023-04-19,15770.4697
2023-04-20,15707.5195
2023-04-21,15602.9902
2023-04-24,15626.8701
2023-04-25,15370.7305
2023-04-26,15374.6299
2023-04-27,15411.4902
2023-04-28,15579.1797
2023-05-02,15636.4805
2023-05-03,15553.4102
2023-05-04,15609.0303
2023-05-05,15626.0703
2023-05-08,15699.5703
2023-05-09,15727.7002
2023-05-10,15641.7598
2023-05-11,15514.6396
2023-05-12,15502.3604
2023-05-15,15475.0498
2023-05-16,15673.9004
2023-05-17,15925.29
2023-05-18,16101.8799
2023-05-19,16174.9199
2023-05-22,16180.8896
2023-05-23,16188.0303
2023-05-24,16159.3203
2023-05-25,16292
2023-05-26,16505.0508
2023-05-29,16636.3008
2023-05-30,16622.7402
2023-05-31,16578.9609
2023-06-01,16512.6504
2023-06-02,16706.9102
2023-06-05,16714.4297
2023-06-06,16761.6602
2023-06-07,16922.4805
2023-06-08,16733.6895
2023-06-09,16886.4004
2023-06-12,16955.3691
2023-06-13,17216.5996
2023-06-14,17238.1406
2023-06-15,17334.9805
2023-06-16,17288.9102
2023-06-19,17274.5605
2023-06-20,17184.9102
2023-06-21,17202.4004
2023-06-26,17059.2402
2023-06-27,16887.9004
2023-06-28,16935.6309
2023-06-29,16942.3008
2023-06-30,16915.5391
2023-07-03,17084.1992
2023-07-04,17140.7695
2023-07-05,17056.4297
2023-07-06,16762.1699
2023-07-07,16664.2109
2023-07-10,16652.8008
2023-07-11,16898.9102
2023-07-12,16962.0293
2023-07-13,17061.4004
2023-07-14,17283.7109
2023-07-17,17334.2891
2023-07-18,17227.9102
2023-07-19,17116.4395
2023-07-20,17164.8906
2023-07-21,17030.6992
2023-07-24,17033.6094
2023-07-25,17198.8906
2023-07-26,17162.5508
2023-07-27,17241.8203
2023-07-28,17292.9297
2023-07-31,17145.4297
2023-08-01,17212.8691
2023-08-02,16893.7305
2023-08-04,16843.6797
2023-08-07,16996
2023-08-08,16877.0703
2023-08-09,16870.9395
2023-08-10,16634.6992
2023-08-11,16601.25
2023-08-14,16393.6602
2023-08-15,16454.8008
2023-08-16,16446.7793
2023-08-17,16516.6602
2023-08-18,16381.3096
2023-08-21,16381.4902
2023-08-22,16437.6094
2023-08-23,16576.9004
2023-08-24,16770.8691
2023-08-25,16481.5801
2023-08-28,16509.2598
2023-08-29,16623.6504
2023-08-30,16719.8203
2023-08-31,16634.5098
2023-09-01,16644.9395
2023-09-04,16789.6895
2023-09-05,16791.6094
2023-09-06,16738.1602
2023-09-07,16619.1406
2023-09-08,16576.0195
2023-09-11,16432.9492
2023-09-12,16572.7109
2023-09-13,16581.5098
2023-09-14,16807.5605
2023-09-15,16920.9199
2023-09-18,16698.2402
2023-09-19,16636.3203
2023-09-20,16534.75
2023-09-21,16316.6699
2023-09-22,16344.4805
2023-09-25,16452.2305
2023-09-26,16276.0703
2023-09-27,16310.3604
2023-09-28,16353.7402
2023-10-02,16557.3105
2023-10-03,16454.3398
2023-10-04,16273.3799
2023-10-05,16453.5195
2023-10-06,16520.5703
2023-10-11,16672.0293
2023-10-12,16825.9102
2023-10-13,16782.5703
2023-10-16,16652.2402
2023-10-17,16642.5508
2023-10-18,16440.9102
2023-10-19,16452.7305
2023-10-20,16440.7207
2023-10-23,16251.3604
2023-10-24,16309.7598
2023-10-25,16358.8896
2023-10-26,16073.7402
2023-10-27,16134.6104
2023-10-30,16149.6797
2023-10-31,16001.2695
2023-11-01,16038.5596
2023-11-02,16396.9492
2023-11-03,16507.6504
2023-11-06,16649.3594
2023-11-07,16684.9492
2023-11-08,16740.8301
2023-11-09,16745.6504
2023-11-10,16682.6699
2023-11-13,16839.2891
2023-11-14,16915.7109
2023-11-15,17128.7793
2023-11-16,17171.1797
2023-11-17,17208.9492
2023-11-20,17210.4707
2023-11-21,17416.6992
2023-11-22,17310.2598
2023-11-23,17294.5508
2023-11-24,17287.4199
2023-11-27,17137.4199
2023-11-28,17341.25
2023-11-29,17370.5605
2023-11-30,17433.8496
2023-12-01,17438.3496
2023-12-04,17421.4805
2023-12-05,17328.0098
2023-12-06,17360.7207
2023-12-07,17278.7402
2023-12-08,17383.9902
2023-12-11,17418.3398
2023-12-12,17450.6309
2023-12-13,17468.9297
2023-12-14,17653.1094
2023-12-15,17673.8691
2023-12-18,17652.0293
2023-12-19,17576.5508
2023-12-20,17635.1992
2023-12-21,17543.7402
2023-12-22,17596.6309
2023-12-25,17604.8398
2023-12-26,17751.7305
2023-12-27,17891.5
2023-12-28,17910.3691
2023-12-29,17930.8105
2024-01-02,17853.7598
2024-01-03,17559.3105
2024-01-04,17549.6504
2024-01-05,17519.1406
2024-01-08,17572.6602
2024-01-09,17535.4902
2024-01-10,17465.6309
2024-01-11,17545.3203
2024-01-12,17512.8301
2024-01-15,17546.8203
2024-01-16,17346.8691
2024-01-17,17161.7891
2024-01-18,17227.7891
2024-01-19,17681.5195
2024-01-22,17815.0996
2024-01-23,17874.5898
2024-01-24,17875.8301
2024-01-25,18002.6191
2024-01-26,17995.0293
2024-01-29,18119.6309
2024-01-30,18034.6309
2024-01-31,17889.5605
2024-02-01,17968.1094
2024-02-02,18059.9297
2024-02-05,18096.0703
2024-02-15,18644.5703
2024-02-16,18607.25
2024-02-19,18635.8008
2024-02-20,18753.1602
2024-02-21,18676.3105
2024-02-22,18852.7793
2024-02-23,18889.1895
2024-02-26,18948.0508
2024-02-27,18854.4102
2024-02-29,18966.7695
2024-03-01,18935.9297
2024-03-04,19305.3105
2024-03-05,19386.9199
2024-03-06,19499.4492
2024-03-07,19693.5195
2024-03-08,19785.3203
2024-03-11,19726.0801
2024-03-12,19914.5508
2024-03-13,19928.5098
2024-03-14,19937.9199
2024-03-15,19682.5
2024-03-18,19879.8496
2024-03-19,19857.1992
2024-03-20,19784.4492
2024-03-21,20199.0898
2024-03-22,20228.4297
2024-03-25,20192.25
2024-03-26,20126.4902
2024-03-27,20200.1191
2024-03-28,20146.5508
2024-03-29,20294.4492
2024-04-01,20222.3301
2024-04-02,20466.5703
2024-04-03,20337.5996
2024-04-08,20417.6992
2024-04-09,20796.1992
2024-04-10,20763.5293
2024-04-11,20753.2207
2024-04-12,20736.5703
2024-04-15,20449.7695
2024-04-16,19901.9609
2024-04-17,20213.3301
2024-04-18,20301.1992
2024-04-19,19527.1191
2024-04-22,19411.2207
2024-04-23,19599.2793
2024-04-24,20131.7402
2024-04-25,19857.4199
2024-04-26,20120.5098
2024-04-29,20495.5195
2024-04-30,20396.5996
2024-05-02,20222.4395
2024-05-03,20330.3203
2024-05-06,20523.3105
2024-05-07,20653.5293
2024-05-08,20700.5098
2024-05-09,20560.7695
2024-05-10,20708.8398
2024-05-13,20857.7109
2024-05-14,20985.8496
2024-05-15,21147.2109
2024-05-16,21304.2598
2024-05-17,21258.4707
2024-05-20,21271.6309
2024-05-21,21236.75
2024-05-22,21551.8301
2024-05-23,21607.4297
2024-05-24,21565.3398
2024-05-27,21803.7695
2024-05-28,21858.4102
2024-05-29,21662.5
2024-05-30,21364.4805
2024-05-31,21174.2207
2024-06-03,21536.7598
2024-06-04,21356.6191
2024-06-05,21484.8809
2024-06-06,21902.6992
2024-06-07,21858.3809
2024-06-11,21792.1191
2024-06-12,22048.9609
2024-06-13,22312.0391
2024-06-14,22504.7207
2024-06-17,22496.5293
2024-06-18,22757.4297
2024-06-19,23209.5391
2024-06-20,23406.0996
2024-06-21,23253.3906
2024-06-24,22813.6992
2024-06-25,22875.9707
2024-06-26,22986.6895
2024-06-27,22905.9805
2024-06-28,23032.25
2024-07-01,23058.5703
2024-07-02,22879.3691
2024-07-03,23172.4297
2024-07-04,23522.5293
2024-07-05,23556.5898
2024-07-08,23878.1504
2024-07-09,23900.0801
2024-07-10,24007.0801
2024-07-11,24390.0293
2024-07-12,23916.9297
2024-07-15,23879.3594
2024-07-16,23997.25
2024-07-17,23769.8203
2024-07-18,23398.4707
2024-07-19,22869.2598
2024-07-22,22256.9902
2024-07-23,22871.8398
2024-07-26,22119.2109
2024-07-29,22164.4902
2024-07-30,22223.5703
2024-07-31,22199.3496
2024-08-01,22642.0996
2024-08-02,21638.0898
2024-08-05,19830.8809
2024-08-06,20501.0195
2024-08-07,21295.2793
2024-08-08,20870.0996
2024-08-09,21469
2024-08-12,21773.2598
2024-08-13,21796.5703
2024-08-14,22027.25
2024-08-15,21895.1699
2024-08-16,22349.3301
2024-08-19,22409.6309
2024-08-20,22429.0996
2024-08-21,22237.8906
2024-08-22,22148.8301
2024-08-23,22158.0508
2024-08-26,22240.1191
2024-08-27,22185
2024-08-28,22370.6602
2024-08-29,22201.8496
2024-08-30,22268.0898
2024-09-02,22235.0996
2024-09-03,22092.2109
2024-09-04,21092.75
2024-09-05,21187.7109
2024-09-06,21435.1895
2024-09-09,21144.4395
2024-09-10,21064.0801
2024-09-11,21031
2024-09-12,21653.25
2024-09-13,21759.6504
2024-09-16,21850.0801
2024-09-18,21678.8398
2024-09-19,22042.6895
2024-09-20,22159.4199
2024-09-23,22285.5293
2024-09-24,22431.7793
2024-09-25,22761.5996
2024-09-26,22858.8105
2024-09-27,22822.7891
2024-09-30,22224.5391
2024-10-01,22390.3906
2024-10-04,22302.7109
2024-10-07,22702.5605
2024-10-08,22611.3906
2024-10-09,22659.0801
2024-10-11,22901.6406
2024-10-14,22975.2891
2024-10-15,23292.0391
2024-10-16,23010.9805
2024-10-17,23053.8398
2024-10-18,23487.2695
2024-10-21,23542.5293
2024-10-22,23535.4297
2024-10-23,23334.7598
2024-10-24,23192.5195
2024-10-25,23348.4492
2024-10-28,23198.0703
2024-10-29,22926.5898
2024-10-30,22820.4297
2024-11-01,22780.0801
2024-11-04,22965.3906
2024-11-05,23106.7891
2024-11-06,23217.3809
2024-11-07,23408.8203
2024-11-08,23553.8906
2024-11-11,23529.6406
2024-11-12,22981.7695
2024-11-13,22860.2305
2024-11-14,22715.3809
2024-11-15,22742.7695
2024-11-18,22546.5391
2024-11-19,22848.8008
2024-11-20,22688.3594
2024-11-21,22555.6602
2024-11-22,22904.3203
2024-11-25,22948.3691
2024-11-26,22678.7598
2024-11-27,22334.7793
2024-11-28,22298.9004
2024-11-29,22262.5
2024-12-02,22736.9297
2024-12-03,23027.4609
2024-12-04,23255.3301
2024-12-05,23267.9395
2024-12-06,23193.2695
2024-12-09,23273.25
2024-12-10,23125.0801
2024-12-11,22903.6309
2024-12-12,23046.8008
2024-12-13,23020.4805
2024-12-16,23039.9004
2024-12-17,23018.0098
2024-12-18,23168.6699
2024-12-19,22932.25
2024-12-20,22510.25
2024-12-23,23104.5391
2024-12-24,23120.2402
2024-12-25,23220.1309
2024-12-26,23246.9395
2024-12-27,23275.6797
2024-12-30,23190.1992
2024-12-31,23035.0996
2025-01-02,22832.0605
2025-01-03,22908.3008
2025-01-06,23547.7109
2025-01-07,23651.2695
2025-01-08,23407.3301
2025-01-09,23081.1309
2025-01-10,23011.8594
2025-01-13,22488.3301
2025-01-14,22797.5195
2025-01-15,22514.5703
2025-01-16,23025.0996
2025-01-17,23148.0801
2025-01-20,23266.8203
2025-01-21,23300.0098
2025-01-22,23525.4102
2025-02-03,22694.7109
2025-02-04,22793.9609
2025-02-05,23161.5801
2025-02-06,23316.5996
2025-02-07,23478.2695
2025-02-10,23252.1406
2025-02-11,23384.0508
2025-02-12,23289.75
2025-02-13,23399.4102
2025-02-14,23152.6094
2025-02-17,23505.3301
2025-02-18,23666.1094
2025-02-19,23604.0801
2025-02-20,23487.4609
2025-02-21,23730.25
2025-02-24,23565.3105
2025-02-25,23285.7207
2025-02-26,23402.5508
2025-02-27,23053.1797
2025-03-03,22756.25
2025-03-04,22596.8809
2025-03-05,22871.9004
2025-03-06,22715.4297
2025-03-07,22576.0703
2025-03-10,22459.1504
2025-03-11,22071.0898
2025-03-12,22278.3594
2025-03-13,21961.6797
2025-03-14,21968.0508
2025-03-17,22118.6309
2025-03-18,22271.6699
2025-03-19,21960.8301
2025-03-20,22377.2598
2025-03-21,22209.0996
2025-03-24,22106.6406
2025-03-25,22273.1895
2025-03-26,22260.2891
2025-03-27,21951.7598
2025-03-28,21602.8906
2025-03-31,20695.9004
2025-04-01,21280.1699
2025-04-02,21298.2207
2025-04-07,19232.3496
2025-04-08,18459.9492
2025-04-09,17391.7598
2025-04-10,19000.0293
2025-04-11,19528.7695
2025-04-14,19513.0898
2025-04-15,19857.6699
2025-04-16,19468
2025-04-17,19338.7305
2025-04-18,19395.0293
2025-04-21,19106.1992
2025-04-22,18793.4297
2025-04-23,19639.1406
2025-04-24,19478.8105
2025-04-25,19872.7305
2025-04-28,20034.4102
2025-04-29,20232.6309
2025-04-30,20235.0293
2025-05-02,20787.6406
2025-05-05,20532.9902
2025-05-06,20522.5898
2025-05-07,20546.4902
2025-05-08,20543.4004
2025-05-09,20915.0391
2025-05-12,21129.5391
2025-05-13,21330.1406
2025-05-14,21782.8691
2025-05-15,21730.25
2025-05-16,21843.6895
2025-05-19,21523.8301
2025-05-20,21526.0293
2025-05-21,21803.9102
2025-05-22,21670.9609
2025-05-23,21652.2402
2025-05-26,21536.5703
2025-05-27,21336.5391
2025-05-28,21357.7207
2025-05-29,21347.3008
2025-06-02,21002.7109
2025-06-03,21126.9297
2025-06-04,21618.0898
2025-06-05,21674.4297
2025-06-06,21660.6602
2025-06-09,21790.2891
2025-06-10,22242.1406
2025-06-11,22470.0996
2025-06-12,22287.8203
2025-06-13,22072.9492
2025-06-16,22049.9004
2025-06-17,22211.5898
2025-06-18,22356.7305
2025-06-19,22003.5
2025-06-20,22045.7402
2025-06-23,21732.0195
2025-06-24,22188.7598
2025-06-25,22430.6094
2025-06-26,22492.3398
2025-06-27,22580.0801
2025-06-30,22256.0195
2025-07-01,22553.7207
2025-07-02,22577.7402
2025-07-03,22712.9707
2025-07-04,22547.5
2025-07-07,22428.7207
2025-07-08,22362.2695
2025-07-09,22527.0098
2025-07-10,22693.25
2025-07-11,22751.0293
2025-07-14,22614.9707
2025-07-15,22835.9395
2025-07-16,23042.9004
2025-07-17,23113.2793
2025-07-18,23383.1309
2025-07-21,23340.5605
2025-07-22,22987.9199
2025-07-23,23318.6699
2025-07-24,23373.7305
2025-07-25,23364.3809
2025-07-28,23412.9805
2025-07-29,23201.5195
2025-07-30,23461.7207
2025-07-31,23542.5195
2025-08-01,23434.3809
2025-08-04,23378.9395
2025-08-05,23660.5898
2025-08-06,23447.3594
2025-08-07,24003.7695
2025-08-08,24021.2598
2025-08-11,24135.5
2025-08-12,24158.3594
2025-08-13,24370.0195
2025-08-14,24238.0996
2025-08-15,24334.4805
2025-08-18,24482.5195
2025-08-19,24353.5
2025-08-20,23625.4395
2025-08-21,23962.1309
2025-08-22,23764.4707
2025-08-25,24277.3809
2025-08-26,24305.0996
2025-08-27,24519.9004
2025-08-28,24236.4492
2025-08-29,24233.0996
2025-09-01,24071.7305
2025-09-02,24016.7793
2025-09-03,24100.3008
2025-09-04,24179.8496
2025-09-05,24494.5801
2025-09-08,24547.3809
2025-09-09,24855.1797
2025-09-10,25192.5898
2025-09-11,25215.7109
2025-09-12,25474.6406
2025-09-15,25357.1602
2025-09-16,25629.6406
2025-09-17,25438.25
2025-09-18,25769.3594
2025-09-19,25578.3691
2025-09-22,25880.5996
2025-09-23,26247.3691
2025-09-24,26196.7305
2025-09-25,26023.8496
2025-09-26,25580.3203
2025-09-30,25820.5391
2025-10-01,25982.9102
2025-10-02,26378.3906
2025-10-03,26761.0605
2025-10-07,27211.9492
2025-10-08,27063.6797
2025-10-09,27301.9199
2025-10-13,26923.4199
2025-10-14,26793.1504
2025-10-15,27275.7109
2025-10-16,27647.8691
2025-10-17,27302.3691
2025-10-20,27688.6309
2025-10-21,27752.4102
2025-10-22,27648.9102
2025-10-23,27532.2598
2025-10-27,27993.6309
2025-10-28,27949.1094
2025-10-29,28294.7402
2025-10-30,28287.5293
2025-10-31,28233.3496
2025-11-03,28334.5898
2025-11-04,28116.5605
2025-11-05,27717.0605
2025-11-06,27899.4492
2025-11-07,27651.4102
2025-11-10,27869.5098
2025-11-11,27784.9492
2025-11-12,27947.0898
2025-11-13,27903.5605
2025-11-14,27397.5
2025-11-17,27447.3105
2025-11-18,26756.1191
2025-11-19,26580.1191
2025-11-20,27426.3594
2025-11-21,26434.9395
2025-11-24,26504.2402
2025-11-25,26912.1699
2025-11-26,27409.5391
2025-11-27,27554.5293
2025-11-28,27626.4805
2025-12-01,27342.5293
2025-12-02,27564.2695
2025-12-03,27793.0391
2025-12-04,27795.7109
2025-12-05,27980.8906
2025-12-08,28303.7793
2025-12-09,28182.5996
2025-12-10,28400.7305
2025-12-11,28024.75
2025-12-12,28198.0195
2025-12-15,27866.9395
2025-12-16,27536.6602
2025-12-17,27525.1699
2025-12-18,27468.5293
2025-12-19,27696.3496
2025-12-22,28149.6406
2025-12-23,28310.4707
2025-12-24,28371.9805
2025-12-26,28556.0195
2025-12-29,28810.8906
2025-12-30,28707.1309
2025-12-31,28963.5996
2026-01-02,29349.8105
2026-01-05,30105.0391
2026-01-06,30576.3008
2026-01-07,30435.4707
2026-01-08,30360.5508
2026-01-09,30288.9609
2026-01-12,30567.2891
2026-01-13,30707.2207
2026-01-14,30941.7793
2026-01-15,30810.5801
2026-01-16,31408.6992
2026-01-19,31639.2891
2026-01-20,31759.9902
2026-01-21,31246.3691
2026-01-22,31746.0801
2026-01-23,31961.5098
2026-01-26,32064.5195
2026-01-27,32317.9199
2026-01-28,32803.8203
2026-01-29,32536.2695
2026-01-30,32063.75
2026-02-02,31624.0293
2026-02-03,32195.3594
2026-02-04,32289.8105
2026-02-05,31801.2695
2026-02-06,31782.9199
2026-02-09,32404.6191
2026-02-10,33072.9688
2026-02-11,33605.7109
2026-02-23,33773.2617
2026-02-24,34700.8203
2026-02-25,35413.0703
2026-02-26,35414.4883
2026-03-02,35095.0898
2026-03-03,34323.6484
2026-03-04,32828.8789
2026-03-05,33672.9414
2026-03-06,33599.5391
2026-03-09,32110.4199
2026-03-10,32771.8711
2026-03-11,34114.1914
2026-03-12,33581.8594
2026-03-13,33400.3203
2026-03-16,33342.5117
2026-03-17,33836.5703
2026-03-18,34348.5781
2026-03-19,33689.6797
2026-03-20,33543.8789
2026-03-23,32722.5
2026-03-24,32612.2402
2026-03-25,33439.1094
2026-03-26,33337.6211
2026-03-27,33112.5898
2026-03-30,32518.1602
2026-03-31,31722.9902
2026-04-01,33174.8203
2026-04-02,32572.4297
2026-04-07,33229.8203
2026-04-08,34761.3789
2026-04-09,34861.1602
2026-04-10,35417.8281
2026-04-13,35457.2891
2026-04-14,36296.1211
2026-04-15,36722.1406
2026-04-16,37132.0195
2026-04-17,36804.3398
2026-04-20,36958.8008
2026-04-21,37605.1094
2026-04-22,37878.4688
2026-04-23,37714.1484
2026-04-24,38932.3984
2026-04-27,39616.6289
2026-04-28,39521.7305
2026-04-29,39303.5
2026-04-30,38926.6289
2026-05-04,40705.1406
2026-05-05,40769.2891
2026-05-06,41138.8516
2026-05-07,41933.7813
2026-05-08,41603.9414
2026-05-11,41790.0586
2026-05-12,41898.320312
2026-05-13,41374.5
2026-05-14,41751.75
2026-05-15,41172.359375
2026-05-18,40891.820312
2026-05-19,40175.558594
2026-05-20,40020.820312
2026-05-21,41368.210938
2026-05-22,42267.96875
2026-05-25,43644.398438
2026-05-26,43525.371094
2026-05-27,44256.800781
2026-05-28,43636.441406
2026-05-29,44732.941406
2026-06-01,45337.910156
2026-06-02,45557.308594
2026-06-03,46459.160156
2026-06-04,45677.460938
2026-06-05,45070.941406
2026-06-08,43502.78125
2026-06-09,44704.441406
2026-06-10,43225.539062
2026-06-11,43149.460938
2026-06-12,44169.039062
2026-06-15,45396.988281
2026-06-16,45809.191406
2026-06-17,45877.390625
2026-06-18,46465.199219
2026-06-22,47741.511719
2026-06-23,47100.648438
2026-06-24,46043.601562
2026-06-25,46255.261719
2026-06-26,44571.761719
2026-06-29,44999.898438
2026-06-30,46125.910156
2026-07-01,47018.988281
2026-07-02,46744.160156
2026-07-03,46780.621094
2026-07-06,46556.390625
2026-07-07,45479.109375
2026-07-08,45734.410156
2026-07-09,45354.609375
2026-07-13,45380.519531
2026-07-14,44737.949219
2026-07-15,45631.589844
2026-07-16,45624.980469
2026-07-17,42671.269531
2026-07-20,42449.699219
2026-07-21,44232.871094
2026-07-22,44825.78125
2026-07-23,44850.808594
2026-07-24,43654.839844
2026-07-27,43634.191406
2026-07-28,41603.359375
2026-07-29,40039.179688
2026-07-30,39933.300781
2026-07-31,43119.75
2026-08-03,43386.410156
2026-08-04,43360.660156
2026-08-05,44611.601562
2026-08-06,44396.699219
2026-08-07,44225.910156
2026-08-10,44928.761719
2026-08-11,45120.71875
