# DELL | Yahoo (browser) | fetched 2026-08-13
date,value
2021-08-11,50.8718
2021-08-12,50.9427
2021-08-13,50.69944381713867
2021-08-16,50.50684356689453
2021-08-17,49.579322814941406
2021-08-18,49.143436431884766
2021-08-19,48.76837158203125
2021-08-20,49.923973083496094
2021-08-23,50.74505615234375
2021-08-24,51.05929946899414
2021-08-25,51.72833251953125
2021-08-26,51.469844818115234
2021-08-27,49.13836669921875
2021-08-30,49.746578216552734
2021-08-31,49.39685821533203
2021-09-01,49.0369987487793
2021-09-02,49.199188232421875
2021-09-03,49.23466873168945
2021-09-07,48.66193771362305
2021-09-08,48.09427261352539
2021-09-09,48.84946823120117
2021-09-10,48.27166748046875
2021-09-13,50.12164306640625
2021-09-14,49.386722564697266
2021-09-15,50.907249450683594
2021-09-16,51.39381790161133
2021-09-17,50.95286560058594
2021-09-20,51.12519073486328
2021-09-21,50.3497200012207
2021-09-22,50.31424331665039
2021-09-23,52.04764175415039
2021-09-24,52.650787353515625
2021-09-27,53.15256118774414
2021-09-28,53.36543273925781
2021-09-29,53.411048889160156
2021-09-30,52.73188018798828
2021-10-01,53.61378479003906
2021-10-04,53.340091705322266
2021-10-05,53.68981170654297
2021-10-06,53.47187042236328
2021-10-07,54.257476806640625
2021-10-08,53.24885940551758
2021-10-11,53.31981658935547
2021-10-12,52.584896087646484
2021-10-13,52.549415588378906
2021-10-14,53.72529220581055
2021-10-15,54.59199142456055
2021-10-18,55.068424224853516
2021-10-19,56.163204193115234
2021-10-20,56.57881546020508
2021-10-21,57.2630500793457
2021-10-22,58.05372619628906
2021-10-25,56.913330078125
2021-10-26,55.85909652709961
2021-10-27,54.9366455078125
2021-10-28,55.793209075927734
2021-10-29,55.74759292602539
2021-11-01,56.51799392700195
2021-11-02,54.61000061035156
2021-11-03,55.20000076293945
2021-11-04,54.56999969482422
2021-11-05,56.36000061035156
2021-11-08,55.529998779296875
2021-11-09,56.08000183105469
2021-11-10,56.619998931884766
2021-11-11,56.189998626708984
2021-11-12,56
2021-11-15,56.70000076293945
2021-11-16,56.70000076293945
2021-11-17,56
2021-11-18,55.900001525878906
2021-11-19,55.02000045776367
2021-11-22,55.130001068115234
2021-11-23,54.66999816894531
2021-11-24,57.29999923706055
2021-11-26,56.18000030517578
2021-11-29,57.56999969482422
2021-11-30,56.470001220703125
2021-12-01,55.70000076293945
2021-12-02,57.150001525878906
2021-12-03,58.47999954223633
2021-12-06,58.75
2021-12-07,58.90999984741211
2021-12-08,58.400001525878906
2021-12-09,57.650001525878906
2021-12-10,57.599998474121094
2021-12-13,55.720001220703125
2021-12-14,54.630001068115234
2021-12-15,56.040000915527344
2021-12-16,54.9900016784668
2021-12-17,54.650001525878906
2021-12-20,53.599998474121094
2021-12-21,55.45000076293945
2021-12-22,55.369998931884766
2021-12-23,55.880001068115234
2021-12-27,56.599998474121094
2021-12-28,56.95000076293945
2021-12-29,57.04999923706055
2021-12-30,56.5099983215332
2021-12-31,56.16999816894531
2022-01-03,56.97999954223633
2022-01-04,58.4900016784668
2022-01-05,57.97999954223633
2022-01-06,58.040000915527344
2022-01-07,57.9900016784668
2022-01-10,59.880001068115234
2022-01-11,60.25
2022-01-12,59.95000076293945
2022-01-13,60.16999816894531
2022-01-14,60.529998779296875
2022-01-18,59.47999954223633
2022-01-19,57.959999084472656
2022-01-20,57.400001525878906
2022-01-21,55.56999969482422
2022-01-24,55.41999816894531
2022-01-25,55.439998626708984
2022-01-26,55.34000015258789
2022-01-27,55.45000076293945
2022-01-28,56.2400016784668
2022-01-31,56.810001373291016
2022-02-01,58.56999969482422
2022-02-02,59.400001525878906
2022-02-03,59.20000076293945
2022-02-04,58.7400016784668
2022-02-07,58.959999084472656
2022-02-08,59.95000076293945
2022-02-09,60.77000045776367
2022-02-10,60.720001220703125
2022-02-11,59.5099983215332
2022-02-14,58.599998474121094
2022-02-15,59.81999969482422
2022-02-16,60.290000915527344
2022-02-17,59.2599983215332
2022-02-18,58.900001525878906
2022-02-22,57.130001068115234
2022-02-23,56.779998779296875
2022-02-24,55.84000015258789
2022-02-25,51.459999084472656
2022-02-28,50.959999084472656
2022-03-01,49.880001068115234
2022-03-02,53.599998474121094
2022-03-03,52.59000015258789
2022-03-04,51.959999084472656
2022-03-07,49.33000183105469
2022-03-08,50.2400016784668
2022-03-09,51.97999954223633
2022-03-10,51.970001220703125
2022-03-11,52.0099983215332
2022-03-14,50.7400016784668
2022-03-15,52.08000183105469
2022-03-16,51.970001220703125
2022-03-17,50.5099983215332
2022-03-18,51.83000183105469
2022-03-21,52.31999969482422
2022-03-22,52.9900016784668
2022-03-23,52.599998474121094
2022-03-24,53.5099983215332
2022-03-25,54.790000915527344
2022-03-28,54.29999923706055
2022-03-29,55.029998779296875
2022-03-30,54.31999969482422
2022-03-31,50.189998626708984
2022-04-01,48.79999923706055
2022-04-04,49.380001068115234
2022-04-05,48.65999984741211
2022-04-06,47.119998931884766
2022-04-07,47.689998626708984
2022-04-08,47.38999938964844
2022-04-11,46.95000076293945
2022-04-12,47.099998474121094
2022-04-13,47.310001373291016
2022-04-14,46.939998626708984
2022-04-18,47.439998626708984
2022-04-19,47.9900016784668
2022-04-20,49
2022-04-21,48.209999084472656
2022-04-22,46.869998931884766
2022-04-25,47.27000045776367
2022-04-26,46.5099983215332
2022-04-27,46.54999923706055
2022-04-28,48.119998931884766
2022-04-29,47.0099983215332
2022-05-02,47.5
2022-05-03,47.849998474121094
2022-05-04,48.810001373291016
2022-05-05,47.2599983215332
2022-05-06,45.58000183105469
2022-05-09,45.189998626708984
2022-05-10,45.5
2022-05-11,44.40999984741211
2022-05-12,43.7400016784668
2022-05-13,45.09000015258789
2022-05-16,45.029998779296875
2022-05-17,46.61000061035156
2022-05-18,43.310001373291016
2022-05-19,41.099998474121094
2022-05-20,40.04999923706055
2022-05-23,41.220001220703125
2022-05-24,40.880001068115234
2022-05-25,43.29999923706055
2022-05-26,43.93000030517578
2022-05-27,49.58000183105469
2022-05-31,49.939998626708984
2022-06-01,50.66999816894531
2022-06-02,51.279998779296875
2022-06-03,51.02000045776367
2022-06-06,50.040000915527344
2022-06-07,51.150001525878906
2022-06-08,50.33000183105469
2022-06-09,50.349998474121094
2022-06-10,49.15999984741211
2022-06-13,47.25
2022-06-14,47.349998474121094
2022-06-15,47.90999984741211
2022-06-16,45.88999938964844
2022-06-17,47.59000015258789
2022-06-21,49.22999954223633
2022-06-22,48.61000061035156
2022-06-23,49.040000915527344
2022-06-24,50.25
2022-06-27,50.2400016784668
2022-06-28,48.939998626708984
2022-06-29,47.38999938964844
2022-06-30,46.209999084472656
2022-07-01,42.7400016784668
2022-07-05,43.13999938964844
2022-07-06,42.20000076293945
2022-07-07,42.939998626708984
2022-07-08,42.91999816894531
2022-07-11,42.47999954223633
2022-07-12,43.04999923706055
2022-07-13,43.13999938964844
2022-07-14,42.70000076293945
2022-07-15,43.459999084472656
2022-07-18,42.900001525878906
2022-07-19,44.040000915527344
2022-07-20,44.16999816894531
2022-07-21,44.650001525878906
2022-07-22,43.34000015258789
2022-07-25,43.849998474121094
2022-07-26,43.43000030517578
2022-07-27,44.290000915527344
2022-07-28,44.5
2022-07-29,45.060001373291016
2022-08-01,45.41999816894531
2022-08-02,44.2599983215332
2022-08-03,44.45000076293945
2022-08-04,44.20000076293945
2022-08-05,45.40999984741211
2022-08-08,45.45000076293945
2022-08-09,45.09000015258789
2022-08-10,47.22999954223633
2022-08-11,47.599998474121094
2022-08-12,48.220001220703125
2022-08-15,48.29999923706055
2022-08-16,48.59000015258789
2022-08-17,47.83000183105469
2022-08-18,48.939998626708984
2022-08-19,47.66999816894531
2022-08-22,46.84000015258789
2022-08-23,46.939998626708984
2022-08-24,46.619998931884766
2022-08-25,47.900001525878906
2022-08-26,41.43000030517578
2022-08-29,40.59000015258789
2022-08-30,39.689998626708984
2022-08-31,38.290000915527344
2022-09-01,37.650001525878906
2022-09-02,37.790000915527344
2022-09-06,37.290000915527344
2022-09-07,37.97999954223633
2022-09-08,38.5
2022-09-09,39.790000915527344
2022-09-12,40.29999923706055
2022-09-13,38.29999923706055
2022-09-14,38.130001068115234
2022-09-15,37.650001525878906
2022-09-16,37.959999084472656
2022-09-19,37.81999969482422
2022-09-20,36.95000076293945
2022-09-21,36.779998779296875
2022-09-22,36.279998779296875
2022-09-23,35.52000045776367
2022-09-26,34.70000076293945
2022-09-27,34.720001220703125
2022-09-28,35.290000915527344
2022-09-29,34.189998626708984
2022-09-30,34.16999816894531
2022-10-03,35.880001068115234
2022-10-04,37.459999084472656
2022-10-05,37.86000061035156
2022-10-06,37.47999954223633
2022-10-07,34.599998474121094
2022-10-10,34.47999954223633
2022-10-11,33.869998931884766
2022-10-12,33.77000045776367
2022-10-13,34.9900016784668
2022-10-14,34.2599983215332
2022-10-17,34.470001220703125
2022-10-18,34.560001373291016
2022-10-19,34.4900016784668
2022-10-20,34.86000061035156
2022-10-21,36.849998474121094
2022-10-24,37.279998779296875
2022-10-25,37.7400016784668
2022-10-26,37.790000915527344
2022-10-27,37.7599983215332
2022-10-28,39.15999984741211
2022-10-31,38.400001525878906
2022-11-01,39.150001525878906
2022-11-02,37.66999816894531
2022-11-03,37.349998474121094
2022-11-04,39
2022-11-07,39.869998931884766
2022-11-08,40.41999816894531
2022-11-09,39.33000183105469
2022-11-10,41.720001220703125
2022-11-11,42.68000030517578
2022-11-14,42.25
2022-11-15,42.349998474121094
2022-11-16,41.18000030517578
2022-11-17,41.7599983215332
2022-11-18,42.040000915527344
2022-11-21,41.06999969482422
2022-11-22,43.849998474121094
2022-11-23,44.61000061035156
2022-11-25,44.630001068115234
2022-11-28,43.58000183105469
2022-11-29,43.52000045776367
2022-11-30,44.790000915527344
2022-12-01,44.900001525878906
2022-12-02,44.540000915527344
2022-12-05,43.06999969482422
2022-12-06,42.470001220703125
2022-12-07,41.91999816894531
2022-12-08,42.22999954223633
2022-12-09,41.83000183105469
2022-12-12,42.869998931884766
2022-12-13,42.849998474121094
2022-12-14,41.68000030517578
2022-12-15,39.380001068115234
2022-12-16,39.25
2022-12-19,39
2022-12-20,38.95000076293945
2022-12-21,39.119998931884766
2022-12-22,39.13999938964844
2022-12-23,39.119998931884766
2022-12-27,39.40999984741211
2022-12-28,38.7599983215332
2022-12-29,39.81999969482422
2022-12-30,40.220001220703125
2023-01-03,40.900001525878906
2023-01-04,40.939998626708984
2023-01-05,40.869998931884766
2023-01-06,42.41999816894531
2023-01-09,42.279998779296875
2023-01-10,42.4900016784668
2023-01-11,40.77000045776367
2023-01-12,39.93000030517578
2023-01-13,40.18000030517578
2023-01-17,40.029998779296875
2023-01-18,40.02000045776367
2023-01-19,39.459999084472656
2023-01-20,40.2599983215332
2023-01-23,41.040000915527344
2023-01-24,40.59000015258789
2023-01-25,40.52000045776367
2023-01-26,40.9900016784668
2023-01-27,40.310001373291016
2023-01-30,40.0099983215332
2023-01-31,40.619998931884766
2023-02-01,41.22999954223633
2023-02-02,42.41999816894531
2023-02-03,42.2400016784668
2023-02-06,40.959999084472656
2023-02-07,41.9900016784668
2023-02-08,41.84000015258789
2023-02-09,42.040000915527344
2023-02-10,42.720001220703125
2023-02-13,43.400001525878906
2023-02-14,43.029998779296875
2023-02-15,42.79999923706055
2023-02-16,42.720001220703125
2023-02-17,42.47999954223633
2023-02-21,41.88999938964844
2023-02-22,41.810001373291016
2023-02-23,42.029998779296875
2023-02-24,41.61000061035156
2023-02-27,41
2023-02-28,40.63999938964844
2023-03-01,40.439998626708984
2023-03-02,40.16999816894531
2023-03-03,39.790000915527344
2023-03-06,39.06999969482422
2023-03-07,38
2023-03-08,38.77000045776367
2023-03-09,37.79999923706055
2023-03-10,36.720001220703125
2023-03-13,36.56999969482422
2023-03-14,37.54999923706055
2023-03-15,37.5099983215332
2023-03-16,38.04999923706055
2023-03-17,37.220001220703125
2023-03-20,38.54999923706055
2023-03-21,39.150001525878906
2023-03-22,38.08000183105469
2023-03-23,37.81999969482422
2023-03-24,37.380001068115234
2023-03-27,37.9900016784668
2023-03-28,38.310001373291016
2023-03-29,39.119998931884766
2023-03-30,39.86000061035156
2023-03-31,40.209999084472656
2023-04-03,40.970001220703125
2023-04-04,40.869998931884766
2023-04-05,40.79999923706055
2023-04-06,40.22999954223633
2023-04-10,41.43000030517578
2023-04-11,41.599998474121094
2023-04-12,41.869998931884766
2023-04-13,42.650001525878906
2023-04-14,43.279998779296875
2023-04-17,43.93000030517578
2023-04-18,45.5
2023-04-19,43.83000183105469
2023-04-20,42.91999816894531
2023-04-21,43.11000061035156
2023-04-24,42.68000030517578
2023-04-25,41.709999084472656
2023-04-26,41.66999816894531
2023-04-27,42.79999923706055
2023-04-28,43.4900016784668
2023-05-01,43.81999969482422
2023-05-02,44.7599983215332
2023-05-03,45.15999984741211
2023-05-04,44.18000030517578
2023-05-05,45.38999938964844
2023-05-08,46.02000045776367
2023-05-09,45.97999954223633
2023-05-10,45.83000183105469
2023-05-11,44.70000076293945
2023-05-12,44.7599983215332
2023-05-15,44.93000030517578
2023-05-16,45.380001068115234
2023-05-17,45.849998474121094
2023-05-18,47.119998931884766
2023-05-19,47.75
2023-05-22,47.540000915527344
2023-05-23,46.349998474121094
2023-05-24,45.90999984741211
2023-05-25,48.08000183105469
2023-05-26,48.5099983215332
2023-05-30,47.31999969482422
2023-05-31,44.810001373291016
2023-06-01,45.459999084472656
2023-06-02,47.27000045776367
2023-06-05,45.47999954223633
2023-06-06,46.849998474121094
2023-06-07,47.65999984741211
2023-06-08,47.88999938964844
2023-06-09,47.61000061035156
2023-06-12,48.06999969482422
2023-06-13,48.79999923706055
2023-06-14,49.380001068115234
2023-06-15,50.20000076293945
2023-06-16,49.66999816894531
2023-06-20,49.33000183105469
2023-06-21,50.060001373291016
2023-06-22,51.279998779296875
2023-06-23,50.869998931884766
2023-06-26,51.31999969482422
2023-06-27,51.38999938964844
2023-06-28,51.77000045776367
2023-06-29,53.099998474121094
2023-06-30,54.11000061035156
2023-07-03,54.61000061035156
2023-07-05,54.209999084472656
2023-07-06,53.79999923706055
2023-07-07,53.529998779296875
2023-07-10,54.869998931884766
2023-07-11,55.7400016784668
2023-07-12,54.16999816894531
2023-07-13,55.63999938964844
2023-07-14,55.41999816894531
2023-07-17,54.70000076293945
2023-07-18,53.83000183105469
2023-07-19,54.29999923706055
2023-07-20,53.599998474121094
2023-07-21,53.560001373291016
2023-07-24,53.72999954223633
2023-07-25,54.369998931884766
2023-07-26,53.91999816894531
2023-07-27,53.709999084472656
2023-07-28,52.61000061035156
2023-07-31,52.91999816894531
2023-08-01,53.369998931884766
2023-08-02,52.95000076293945
2023-08-03,53.5099983215332
2023-08-04,53.2400016784668
2023-08-07,54.56999969482422
2023-08-08,57.58000183105469
2023-08-09,56.56999969482422
2023-08-10,56
2023-08-11,56.84000015258789
2023-08-14,56.7599983215332
2023-08-15,55.72999954223633
2023-08-16,55.220001220703125
2023-08-17,54.86000061035156
2023-08-18,54.93000030517578
2023-08-21,56.04999923706055
2023-08-22,55.79999923706055
2023-08-23,56.83000183105469
2023-08-24,56.709999084472656
2023-08-25,56.209999084472656
2023-08-28,57.189998626708984
2023-08-29,56.5
2023-08-30,55.689998626708984
2023-08-31,56.2400016784668
2023-09-01,68.19000244140625
2023-09-05,68.0999984741211
2023-09-06,70.47000122070312
2023-09-07,68.9800033569336
2023-09-08,70.5
2023-09-11,72.16000366210938
2023-09-12,70.7300033569336
2023-09-13,70.44999694824219
2023-09-14,71.16000366210938
2023-09-15,69.29000091552734
2023-09-18,69.1500015258789
2023-09-19,69.9000015258789
2023-09-20,68.94000244140625
2023-09-21,68.44000244140625
2023-09-22,70.05000305175781
2023-09-25,70.02999877929688
2023-09-26,68.93000030517578
2023-09-27,67.94999694824219
2023-09-28,68.5
2023-09-29,68.9000015258789
2023-10-02,67.69999694824219
2023-10-03,67.23999786376953
2023-10-04,67.19999694824219
2023-10-05,66.19000244140625
2023-10-06,66.41000366210938
2023-10-09,67.18000030517578
2023-10-10,67.9800033569336
2023-10-11,70.33999633789062
2023-10-12,69.05000305175781
2023-10-13,68.04000091552734
2023-10-16,67.76000213623047
2023-10-17,67.9000015258789
2023-10-18,66.88999938964844
2023-10-19,67.02999877929688
2023-10-20,65.91000366210938
2023-10-23,65.54000091552734
2023-10-24,66.94999694824219
2023-10-25,66.33999633789062
2023-10-26,64.51000213623047
2023-10-27,65.95999908447266
2023-10-30,66.43000030517578
2023-10-31,66.91000366210938
2023-11-01,68.66999816894531
2023-11-02,68.6500015258789
2023-11-03,69.51000213623047
2023-11-06,71.97000122070312
2023-11-07,71.61000061035156
2023-11-08,72.4800033569336
2023-11-09,72.23999786376953
2023-11-10,73.5
2023-11-13,73.7699966430664
2023-11-14,73.88999938964844
2023-11-15,72.94000244140625
2023-11-16,72.54000091552734
2023-11-17,73.5999984741211
2023-11-20,73.36000061035156
2023-11-21,73.62000274658203
2023-11-22,74.68000030517578
2023-11-24,74.41000366210938
2023-11-27,74.45999908447266
2023-11-28,74.02999877929688
2023-11-29,75.05999755859375
2023-11-30,75.87000274658203
2023-12-01,71.93000030517578
2023-12-04,69.31999969482422
2023-12-05,69.29000091552734
2023-12-06,67.62999725341797
2023-12-07,68.58999633789062
2023-12-08,68.69999694824219
2023-12-11,69.23999786376953
2023-12-12,69.98999786376953
2023-12-13,69.87000274658203
2023-12-14,72.43000030517578
2023-12-15,71.62000274658203
2023-12-18,73.37000274658203
2023-12-19,73.52999877929688
2023-12-20,72.41999816894531
2023-12-21,75.31999969482422
2023-12-22,75.70999908447266
2023-12-26,77
2023-12-27,77.26000213623047
2023-12-28,76.68000030517578
2023-12-29,76.5
2024-01-02,74.79000091552734
2024-01-03,76.5999984741211
2024-01-04,75.97000122070312
2024-01-05,75.83999633789062
2024-01-08,79.36000061035156
2024-01-09,77.11000061035156
2024-01-10,78.25
2024-01-11,79.70999908447266
2024-01-12,79.30999755859375
2024-01-16,79.5199966430664
2024-01-17,77.66000366210938
2024-01-18,78.41000366210938
2024-01-19,83.19000244140625
2024-01-22,81.13999938964844
2024-01-23,82.43000030517578
2024-01-24,83.70999908447266
2024-01-25,83.04000091552734
2024-01-26,84.22000122070312
2024-01-29,83.41000366210938
2024-01-30,84.80000305175781
2024-01-31,82.87999725341797
2024-02-01,85.77999877929688
2024-02-02,86.31999969482422
2024-02-05,85.70999908447266
2024-02-06,82.68000030517578
2024-02-07,83.73999786376953
2024-02-08,84.80000305175781
2024-02-09,86.19999694824219
2024-02-12,86.62000274658203
2024-02-13,83.9800033569336
2024-02-14,86.04000091552734
2024-02-15,82.72000122070312
2024-02-16,84.20999908447266
2024-02-20,82.45999908447266
2024-02-21,81.38999938964844
2024-02-22,87.79000091552734
2024-02-23,90.3499984741211
2024-02-26,92.7699966430664
2024-02-27,91.55999755859375
2024-02-28,93.25
2024-02-29,94.66000366210938
2024-03-01,124.58999633789062
2024-03-04,121.77999877929688
2024-03-05,117.75
2024-03-06,118.5
2024-03-07,120.5
2024-03-08,116.25
2024-03-11,115.86000061035156
2024-03-12,113.55000305175781
2024-03-13,110
2024-03-14,106.44999694824219
2024-03-15,107
2024-03-18,106.62999725341797
2024-03-19,107.5199966430664
2024-03-20,111.06999969482422
2024-03-21,114.04000091552734
2024-03-22,112.23999786376953
2024-03-25,113
2024-03-26,114.6500015258789
2024-03-27,111.68000030517578
2024-03-28,114.11000061035156
2024-04-01,119.63999938964844
2024-04-02,118.44000244140625
2024-04-03,128.5800018310547
2024-04-04,127.16000366210938
2024-04-05,132.72000122070312
2024-04-08,127.1500015258789
2024-04-09,123.7300033569336
2024-04-10,123.37000274658203
2024-04-11,124.04000091552734
2024-04-12,117.76000213623047
2024-04-15,117.80999755859375
2024-04-16,121.08000183105469
2024-04-17,119.62000274658203
2024-04-18,118.37000274658203
2024-04-19,114.87000274658203
2024-04-22,115.54000091552734
2024-04-23,120.62999725341797
2024-04-24,120.19999694824219
2024-04-25,124.91000366210938
2024-04-26,125.05999755859375
2024-04-29,127.69999694824219
2024-04-30,124.63999938964844
2024-05-01,118.77999877929688
2024-05-02,123.38999938964844
2024-05-03,125.0999984741211
2024-05-06,129.3300018310547
2024-05-07,127.55000305175781
2024-05-08,131.61000061035156
2024-05-09,131.67999267578125
2024-05-10,132.77000427246094
2024-05-13,131.00999450683594
2024-05-14,134.1199951171875
2024-05-15,149.16000366210938
2024-05-16,146.3000030517578
2024-05-17,149.52000427246094
2024-05-20,145.4499969482422
2024-05-21,147.24000549316406
2024-05-22,147.77999877929688
2024-05-23,153.57000732421875
2024-05-24,160.17999267578125
2024-05-28,166.0800018310547
2024-05-29,179.2100067138672
2024-05-30,169.9199981689453
2024-05-31,139.55999755859375
2024-06-03,132.02999877929688
2024-06-04,135.75999450683594
2024-06-05,137.66000366210938
2024-06-06,133.9600067138672
2024-06-07,129.97000122070312
2024-06-10,132.4499969482422
2024-06-11,131.63999938964844
2024-06-12,131.80999755859375
2024-06-13,135.02000427246094
2024-06-14,134.97999572753906
2024-06-17,142.02999877929688
2024-06-18,149.14999389648438
2024-06-20,148.52000427246094
2024-06-21,145.05999755859375
2024-06-24,137.55999755859375
2024-06-25,140.35000610351562
2024-06-26,138.24000549316406
2024-06-27,139.42999267578125
2024-06-28,137.91000366210938
2024-07-01,142.82000732421875
2024-07-02,143.47000122070312
2024-07-03,142.6699981689453
2024-07-05,138.9600067138672
2024-07-08,145.97000122070312
2024-07-09,145.74000549316406
2024-07-10,145.77000427246094
2024-07-11,140.72000122070312
2024-07-12,139.57000732421875
2024-07-15,137.22000122070312
2024-07-16,134.25999450683594
2024-07-17,125.16999816894531
2024-07-18,125.33999633789062
2024-07-19,125.79000091552734
2024-07-22,128.74000549316406
2024-07-23,125.8499984741211
2024-07-24,116.12000274658203
2024-07-25,111.43000030517578
2024-07-26,113.55999755859375
2024-07-29,111.19999694824219
2024-07-30,108.61000061035156
2024-07-31,113.68000030517578
2024-08-01,108.43000030517578
2024-08-02,102.29000091552734
2024-08-05,98.18000030517578
2024-08-06,94.66999816894531
2024-08-07,87.88999938964844
2024-08-08,91.45999908447266
2024-08-09,92.55000305175781
2024-08-12,95.2699966430664
2024-08-13,99.94000244140625
2024-08-14,102.94999694824219
2024-08-15,110.20999908447266
2024-08-16,111.30000305175781
2024-08-19,111.87000274658203
2024-08-20,110.70999908447266
2024-08-21,111.69999694824219
2024-08-22,108.9800033569336
2024-08-23,112.01000213623047
2024-08-26,111.66999816894531
2024-08-27,111.86000061035156
2024-08-28,111.55999755859375
2024-08-29,110.73999786376953
2024-08-30,115.54000091552734
2024-09-03,110.7699966430664
2024-09-04,109.05999755859375
2024-09-05,107.16000366210938
2024-09-06,102
2024-09-09,105.88999938964844
2024-09-10,106.63999938964844
2024-09-11,108.80000305175781
2024-09-12,112.1500015258789
2024-09-13,114.30000305175781
2024-09-16,115.4000015258789
2024-09-17,116.81999969482422
2024-09-18,115.98999786376953
2024-09-19,117.7699966430664
2024-09-20,117.5
2024-09-23,117.56999969482422
2024-09-24,117.30999755859375
2024-09-25,120.16999816894531
2024-09-26,126.48999786376953
2024-09-27,120.22000122070312
2024-09-30,118.54000091552734
2024-10-01,113.16000366210938
2024-10-02,113.45999908447266
2024-10-03,115.66999816894531
2024-10-04,120.41999816894531
2024-10-07,119.08999633789062
2024-10-08,121.93000030517578
2024-10-09,122.33999633789062
2024-10-10,124.80000305175781
2024-10-11,127.7300033569336
2024-10-14,128.35000610351562
2024-10-15,125.83000183105469
2024-10-16,126.7300033569336
2024-10-17,129.17999267578125
2024-10-18,126.45999908447266
2024-10-21,125.66000366210938
2024-10-22,120.4000015258789
2024-10-23,119.48999786376953
2024-10-24,120.56999969482422
2024-10-25,122.55000305175781
2024-10-28,120.66000366210938
2024-10-29,121.62999725341797
2024-10-30,129.39999389648438
2024-10-31,123.62999725341797
2024-11-01,130.8699951171875
2024-11-04,129.85000610351562
2024-11-05,133.4600067138672
2024-11-06,138.35000610351562
2024-11-07,137.8699951171875
2024-11-08,134.22999572753906
2024-11-11,138.50999450683594
2024-11-12,136.47000122070312
2024-11-13,134.52999877929688
2024-11-14,134.42999267578125
2024-11-15,131.63999938964844
2024-11-18,136.00999450683594
2024-11-19,135.89999389648438
2024-11-20,133.9600067138672
2024-11-21,138.9199981689453
2024-11-22,144.2100067138672
2024-11-25,144.16000366210938
2024-11-26,141.74000549316406
2024-11-27,124.37999725341797
2024-11-29,127.58999633789062
2024-12-02,125.83999633789062
2024-12-03,125.55999755859375
2024-12-04,126.0999984741211
2024-12-05,125.06999969482422
2024-12-06,123.4000015258789
2024-12-09,123.80999755859375
2024-12-10,116.79000091552734
2024-12-11,118.69000244140625
2024-12-12,119.18000030517578
2024-12-13,118.44999694824219
2024-12-16,119.2699966430664
2024-12-17,118.27999877929688
2024-12-18,112.66999816894531
2024-12-19,111.95999908447266
2024-12-20,115.7699966430664
2024-12-23,118.81999969482422
2024-12-24,118.94000244140625
2024-12-26,119.27999877929688
2024-12-27,117.33000183105469
2024-12-30,114.81999969482422
2024-12-31,115.23999786376953
2025-01-02,116.52999877929688
2025-01-03,119.91000366210938
2025-01-06,124.66000366210938
2025-01-07,121.2699966430664
2025-01-08,119.30999755859375
2025-01-10,114.7699966430664
2025-01-13,110.16999816894531
2025-01-14,109.05999755859375
2025-01-15,109.2300033569336
2025-01-16,110.11000061035156
2025-01-17,109.63999938964844
2025-01-21,111.55000305175781
2025-01-22,115.12000274658203
2025-01-23,114.22000122070312
2025-01-24,113.7300033569336
2025-01-27,103.83999633789062
2025-01-28,101.29000091552734
2025-01-29,103.0999984741211
2025-01-30,105.3499984741211
2025-01-31,103.5999984741211
2025-02-03,100.08999633789062
2025-02-04,101.66999816894531
2025-02-05,104.44999694824219
2025-02-06,105.91999816894531
2025-02-07,106.37000274658203
2025-02-10,112.30999755859375
2025-02-11,111.44000244140625
2025-02-12,112.91999816894531
2025-02-13,110.26000213623047
2025-02-14,114.37999725341797
2025-02-18,120.33999633789062
2025-02-19,120.95999908447266
2025-02-20,119.88999938964844
2025-02-21,117.5999984741211
2025-02-24,114.13999938964844
2025-02-25,110.6500015258789
2025-02-26,115.6500015258789
2025-02-27,107.83000183105469
2025-02-28,102.76000213623047
2025-03-03,95.55999755859375
2025-03-04,94.06999969482422
2025-03-05,97.25
2025-03-06,93.0199966430664
2025-03-07,91.45999908447266
2025-03-10,90.33999633789062
2025-03-11,91.56999969482422
2025-03-12,94.58000183105469
2025-03-13,92.44999694824219
2025-03-14,95.66999816894531
2025-03-17,97.66000366210938
2025-03-18,96.44000244140625
2025-03-19,98.72000122070312
2025-03-20,98.91999816894531
2025-03-21,97.56999969482422
2025-03-24,99.80999755859375
2025-03-25,98.86000061035156
2025-03-26,96.26000213623047
2025-03-27,97.0999984741211
2025-03-28,92.29000091552734
2025-03-31,91.1500015258789
2025-04-01,91.95999908447266
2025-04-02,95.33000183105469
2025-04-03,77.2300033569336
2025-04-04,71.62999725341797
2025-04-07,75
2025-04-08,72.58999633789062
2025-04-09,84.19000244140625
2025-04-10,78.94000244140625
2025-04-11,81.93000030517578
2025-04-14,85.19000244140625
2025-04-15,85.48999786376953
2025-04-16,83.36000061035156
2025-04-17,84.80000305175781
2025-04-21,82.38999938964844
2025-04-22,84.08000183105469
2025-04-23,89.16000366210938
2025-04-24,94.4000015258789
2025-04-25,94.88999938964844
2025-04-28,94.47000122070312
2025-04-29,93.77999877929688
2025-04-30,91.76000213623047
2025-05-01,91.94999694824219
2025-05-02,94.58999633789062
2025-05-05,94.36000061035156
2025-05-06,93.94999694824219
2025-05-07,95.79000091552734
2025-05-08,96.22000122070312
2025-05-09,95.91000366210938
2025-05-12,103.41999816894531
2025-05-13,107.8499984741211
2025-05-14,111.0199966430664
2025-05-15,110.87000274658203
2025-05-16,114.19000244140625
2025-05-19,114.27999877929688
2025-05-20,114.2300033569336
2025-05-21,111.93000030517578
2025-05-22,111.94999694824219
2025-05-23,112.11000061035156
2025-05-27,113.98999786376953
2025-05-28,113.7699966430664
2025-05-29,113.62999725341797
2025-05-30,111.2699966430664
2025-06-02,108.08000183105469
2025-06-03,111.9000015258789
2025-06-04,112.69999694824219
2025-06-05,111.81999969482422
2025-06-06,113.75
2025-06-09,114.22000122070312
2025-06-10,113.25
2025-06-11,111.23999786376953
2025-06-12,113.4000015258789
2025-06-13,109.55999755859375
2025-06-16,113.73999786376953
2025-06-17,115.93000030517578
2025-06-18,116.55999755859375
2025-06-20,119.37000274658203
2025-06-23,118.0199966430664
2025-06-24,120.58999633789062
2025-06-25,120.45999908447266
2025-06-26,125.9800033569336
2025-06-27,123.98999786376953
2025-06-30,122.5999984741211
2025-07-01,121.7300033569336
2025-07-02,123.4800033569336
2025-07-03,125.22000122070312
2025-07-07,124.7699966430664
2025-07-08,124.38999938964844
2025-07-09,126.62999725341797
2025-07-10,127.91000366210938
2025-07-11,126.83000183105469
2025-07-14,125.66999816894531
2025-07-15,125.69000244140625
2025-07-16,123.56999969482422
2025-07-17,123.87999725341797
2025-07-18,131.24000549316406
2025-07-21,128.9600067138672
2025-07-22,124.33000183105469
2025-07-23,127.22000122070312
2025-07-24,128.35000610351562
2025-07-25,131.22000122070312
2025-07-28,133.86000061035156
2025-07-29,133.50999450683594
2025-07-30,133.5399932861328
2025-07-31,132.69000244140625
2025-08-01,127.31999969482422
2025-08-04,130.22999572753906
2025-08-05,130.47999572753906
2025-08-06,128.13999938964844
2025-08-07,133.92999267578125
2025-08-08,137.61000061035156
2025-08-11,138.32000732421875
2025-08-12,141.63999938964844
2025-08-13,139.13999938964844
2025-08-14,138.86000061035156
2025-08-15,138.27999877929688
2025-08-18,138.1300048828125
2025-08-19,135.1999969482422
2025-08-20,128.47999572753906
2025-08-21,127.83000183105469
2025-08-22,130.83999633789062
2025-08-25,131.00999450683594
2025-08-26,130.99000549316406
2025-08-27,132.5
2025-08-28,134.0500030517578
2025-08-29,122.1500015258789
2025-09-02,120.95999908447266
2025-09-03,124.0199966430664
2025-09-04,126.66999816894531
2025-09-05,124.83000183105469
2025-09-08,123
2025-09-09,121.29000091552734
2025-09-10,124.44999694824219
2025-09-11,125.37000274658203
2025-09-12,125.04000091552734
2025-09-15,126.80000305175781
2025-09-16,127.68000030517578
2025-09-17,130.33999633789062
2025-09-18,132.11000061035156
2025-09-19,131.94000244140625
2025-09-22,135.69000244140625
2025-09-23,134.33999633789062
2025-09-24,132.08999633789062
2025-09-25,130.9600067138672
2025-09-26,130.75999450683594
2025-09-29,133.89999389648438
2025-09-30,141.77000427246094
2025-10-01,149.67999267578125
2025-10-02,147.3699951171875
2025-10-03,140.74000549316406
2025-10-06,145.75999450683594
2025-10-07,150.8699951171875
2025-10-08,164.52999877929688
2025-10-09,155.9499969482422
2025-10-10,150.57000732421875
2025-10-13,153.39999389648438
2025-10-14,148.77000427246094
2025-10-15,153.6999969482422
2025-10-16,151.30999755859375
2025-10-17,149.58999633789062
2025-10-20,147.8699951171875
2025-10-21,149.42999267578125
2025-10-22,150.1300048828125
2025-10-23,154.22999572753906
2025-10-24,158.63999938964844
2025-10-27,162.19000244140625
2025-10-28,164.8800048828125
2025-10-29,163.60000610351562
2025-10-30,161.00999450683594
2025-10-31,162.00999450683594
2025-11-03,160.11000061035156
2025-11-04,154.63999938964844
2025-11-05,152.41000366210938
2025-11-06,149.17999267578125
2025-11-07,146.6999969482422
2025-11-10,142.69000244140625
2025-11-11,138.75999450683594
2025-11-12,140.7100067138672
2025-11-13,133.94000244140625
2025-11-14,133.75999450683594
2025-11-17,122.4800033569336
2025-11-18,122.69000244140625
2025-11-19,119.37999725341797
2025-11-20,117.4000015258789
2025-11-21,122.51000213623047
2025-11-24,127.22000122070312
2025-11-25,125.91999816894531
2025-11-26,133.25999450683594
2025-11-28,133.35000610351562
2025-12-01,132.08999633789062
2025-12-02,135.9499969482422
2025-12-03,133.6300048828125
2025-12-04,138.99000549316406
2025-12-05,138.91000366210938
2025-12-08,140.41000366210938
2025-12-09,138.22000122070312
2025-12-10,140.6300048828125
2025-12-11,138.60000610351562
2025-12-12,129.97999572753906
2025-12-15,130.50999450683594
2025-12-16,133.75
2025-12-17,127.88999938964844
2025-12-18,122.94000244140625
2025-12-19,126.41999816894531
2025-12-22,126.61000061035156
2025-12-23,127.62000274658203
2025-12-24,128.3800048828125
2025-12-26,129.24000549316406
2025-12-29,127.45999908447266
2025-12-30,127.91999816894531
2025-12-31,125.87999725341797
2026-01-02,127.80000305175781
2026-01-05,124.01000213623047
2026-01-06,123.93000030517578
2026-01-07,120.06999969482422
2026-01-08,118.5
2026-01-09,120.62000274658203
2026-01-12,120.47000122070312
2026-01-13,119.66000366210938
2026-01-14,118.69000244140625
2026-01-15,119.66000366210938
2026-01-16,120.52999877929688
2026-01-20,111.06999969482422
2026-01-21,113.26000213623047
2026-01-22,117.16999816894531
2026-01-23,115.43000030517578
2026-01-26,115.93000030517578
2026-01-27,114.66000366210938
2026-01-28,117.31999969482422
2026-01-29,118.48999786376953
2026-01-30,114.44000244140625
2026-02-02,119.16000366210938
2026-02-03,117.1500015258789
2026-02-04,122.04000091552734
2026-02-05,115.38999938964844
2026-02-06,121.05000305175781
2026-02-09,120.91000366210938
2026-02-10,126.01000213623047
2026-02-11,124.16000366210938
2026-02-12,112.81999969482422
2026-02-13,117.48999786376953
2026-02-17,116.08999633789062
2026-02-18,116.77999877929688
2026-02-19,119.05999755859375
2026-02-20,122.2699966430664
2026-02-23,119.13999938964844
2026-02-24,119.77999877929688
2026-02-25,123.4800033569336
2026-02-26,121.44999694824219
2026-02-27,148.0800018310547
2026-03-02,153.5500030517578
2026-03-03,145.17999267578125
2026-03-04,147.10000610351562
2026-03-05,146.52000427246094
2026-03-06,146.47999572753906
2026-03-09,146.50999450683594
2026-03-10,143.8000030517578
2026-03-11,147.3699951171875
2026-03-12,149.91000366210938
2026-03-13,151.6199951171875
2026-03-16,156.5399932861328
2026-03-17,153.00999450683594
2026-03-18,149.2100067138672
2026-03-19,156.75999450683594
2026-03-20,157.6699981689453
2026-03-23,164.58999633789062
2026-03-24,176.91000366210938
2026-03-25,184.00999450683594
2026-03-26,175.82000732421875
2026-03-27,171.80999755859375
2026-03-30,164.66000366210938
2026-03-31,164.1300048828125
2026-04-01,169.3800048828125
2026-04-02,174.3699951171875
2026-04-06,173.17999267578125
2026-04-07,177.69000244140625
2026-04-08,185.47000122070312
2026-04-09,181.4600067138672
2026-04-10,177.8000030517578
2026-04-13,189.7899932861328
2026-04-14,184.50999450683594
2026-04-15,177.27999877929688
2026-04-16,193.08999633789062
2026-04-17,196.5500030517578
2026-04-20,204.24000549316406
2026-04-21,212.36000061035156
2026-04-22,214.64999389648438
2026-04-23,212.13999938964844
2026-04-24,216.08999633789062
2026-04-27,215.97000122070312
2026-04-28,205.92999267578125
2026-04-29,205.66000366210938
2026-04-30,208.9499969482422
2026-05-01,210.1699981689453
2026-05-04,211.63999938964844
2026-05-05,216.32000732421875
2026-05-06,238.8000030517578
2026-05-07,230.27000427246094
2026-05-08,260.4599914550781
2026-05-11,247.0399932861328
2026-05-12,238.94000244140625
2026-05-13,243.8699951171875
2026-05-14,247.88999938964844
2026-05-15,241.99000549316406
2026-05-18,238.02999877929688
2026-05-19,235.25999450683594
2026-05-20,242.92999267578125
2026-05-21,252.8000030517578
2026-05-22,295.19000244140625
2026-05-26,305.0799865722656
2026-05-27,305.32000732421875
2026-05-28,317.04998779296875
2026-05-29,420.9100036621094
2026-06-01,465.9599914550781
2026-06-02,435.30999755859375
2026-06-03,421.0799865722656
2026-06-04,422.04998779296875
2026-06-05,394.3900146484375
2026-06-08,400.7699890136719
2026-06-09,381.7799987792969
2026-06-10,369.8299865722656
2026-06-11,391.45001220703125
2026-06-12,395.57000732421875
2026-06-15,409.07000732421875
2026-06-16,404.0799865722656
2026-06-17,419.32000732421875
2026-06-18,409.5
2026-06-22,418.7099914550781
2026-06-23,427.7799987792969
2026-06-24,434.05999755859375
2026-06-25,409.45001220703125
2026-06-26,399.489990234375
2026-06-29,414.6099853515625
2026-06-30,431.4599914550781
2026-07-01,425.25
2026-07-02,394.32000732421875
2026-07-06,411.79998779296875
2026-07-07,417.2799987792969
2026-07-08,431.9700012207031
2026-07-09,450.2200012207031
2026-07-10,434.9700012207031
2026-07-13,427.1099853515625
2026-07-14,457.5400085449219
2026-07-15,412.67999267578125
2026-07-16,391.3800048828125
2026-07-17,396.3399963378906
2026-07-20,381.8800048828125
2026-07-21,404.1499938964844
2026-07-22,441.79998779296875
2026-07-23,439.3399963378906
2026-07-24,437.5
2026-07-27,426.9100036621094
2026-07-28,392.1000061035156
2026-07-29,369.6400146484375
2026-07-30,404.80999755859375
2026-07-31,405.3699951171875
2026-08-03,429.0199890136719
2026-08-04,467.2699890136719
2026-08-05,462.70001220703125
2026-08-06,437.6499938964844
2026-08-07,453.7699890136719
2026-08-10,457.8800048828125
2026-08-11,440.9700012207031
2026-08-12,484.5
