# FEZ | Tiingo | fetched 2026-09-23
date,value
2015-01-02,26.354405657
2015-01-05,25.2309623531
2015-01-06,24.9447347598
2015-01-07,25.2381180429
2015-01-08,25.6173696041
2015-01-09,25.2309623531
2015-01-12,25.3597647701
2015-01-13,25.4814114973
2015-01-14,25.5601240855
2015-01-15,25.495722877
2015-01-16,26.0467109941
2015-01-20,26.268537379
2015-01-21,26.526142213
2015-01-22,26.6334775605
2015-01-23,26.4331182451
2015-01-26,26.9268608437
2015-01-27,26.8409925657
2015-01-28,26.1898247908
2015-01-29,26.9053937742
2015-01-30,26.397339796
2015-02-02,26.869615325
2015-02-03,27.5279387897
2015-02-04,26.9411722233
2015-02-05,27.3919806828
2015-02-06,26.7265015283
2015-02-09,26.4975194537
2015-02-10,26.8767710148
2015-02-11,26.7050344588
2015-02-12,27.427759132
2015-02-13,27.5494058592
2015-02-17,27.6066513779
2015-02-18,27.6352741372
2015-02-19,27.6352741372
2015-02-20,28.0574598374
2015-02-23,27.8642562119
2015-02-24,28.1862622544
2015-02-25,28.1504838052
2015-02-26,27.985902939
2015-02-27,28.0932382865
2015-03-02,28.1504838052
2015-03-03,27.8785675915
2015-03-04,27.8213220729
2015-03-05,27.900034661
2015-03-06,27.3204237845
2015-03-09,27.4349148218
2015-03-10,26.7479685978
2015-03-11,26.9411722233
2015-03-12,27.1486872285
2015-03-13,26.955483603
2015-03-16,27.427759132
2015-03-17,27.3061124048
2015-03-18,27.7426094847
2015-03-19,27.3275794743
2015-03-20,28.1465324333
2015-03-23,28.2754806603
2015-03-24,28.418756468
2015-03-25,28.2181703372
2015-03-26,27.974601464
2015-03-27,28.1107134813
2015-03-30,28.2110065468
2015-03-31,27.8098342851
2015-04-01,28.0534031582
2015-04-02,28.3471185641
2015-04-06,28.6479977604
2015-04-07,28.4689030007
2015-04-08,28.3901013065
2015-04-09,28.3184634026
2015-04-10,28.3901013065
2015-04-13,28.2253341275
2015-04-14,28.3327909834
2015-04-15,28.4259202584
2015-04-16,28.325627193
2015-04-17,27.8313256562
2015-04-20,27.9244549313
2015-04-21,28.0534031582
2015-04-22,28.1178772717
2015-04-23,28.196678966
2015-04-24,28.325627193
2015-04-27,28.7124718739
2015-04-28,28.7053080835
2015-04-29,28.3112996122
2015-04-30,28.3829375161
2015-05-01,28.6479977604
2015-05-04,28.5262133238
2015-05-05,27.9817652544
2015-05-06,28.3614461449
2015-05-07,28.2253341275
2015-05-08,28.8915666336
2015-05-11,28.5262133238
2015-05-12,28.4115926776
2015-05-13,28.4832305815
2015-05-14,29.0921527645
2015-05-15,29.0849889741
2015-05-18,28.9130580048
2015-05-19,28.9703683279
2015-05-20,29.0563338125
2015-05-21,29.1637906683
2015-05-22,28.8485838913
2015-05-26,28.1035496909
2015-05-27,28.547704695
2015-05-28,28.4903943719
2015-05-29,27.9602738832
2015-06-01,27.9316187216
2015-06-02,28.2181703372
2015-06-03,28.6479977604
2015-06-04,28.2253341275
2015-06-05,27.7955067043
2015-06-08,27.7381963812
2015-06-09,27.6307395254
2015-06-10,28.418756468
2015-06-11,28.5047219527
2015-06-12,28.1035496909
2015-06-15,27.7381963812
2015-06-16,27.6808860581
2015-06-17,27.5519378311
2015-06-18,28.0605669486
2015-06-19,27.9050883403
2015-06-22,28.97976688
2015-06-23,28.9139702347
2015-06-24,28.6727158687
2015-06-25,28.7238910372
2015-06-26,28.8408628511
2015-06-29,27.5395514221
2015-06-30,27.3640937013
2015-07-01,27.5322406837
2015-07-02,27.4225796082
2015-07-06,26.4210084522
2015-07-07,26.4868050975
2015-07-08,26.1505111327
2015-07-09,26.7719238937
2015-07-10,28.2413823051
2015-07-13,28.1975178749
2015-07-14,28.3875970724
2015-07-15,28.2925574737
2015-07-16,28.5776762699
2015-07-17,28.4533937177
2015-07-20,28.5338118397
2015-07-21,28.4826366712
2015-07-22,28.3656648573
2015-07-23,28.3510433806
2015-07-24,28.058613846
2015-07-27,27.7881165265
2015-07-28,28.0951675378
2015-07-29,28.1170997529
2015-07-30,28.0001279391
2015-07-31,28.2048286133
2015-08-03,28.3364219039
2015-08-04,28.1682749215
2015-08-05,28.5045688863
2015-08-06,28.5630547932
2015-08-07,28.5338118397
2015-08-10,28.9432131882
2015-08-11,28.4826366712
2015-08-12,28.1828963982
2015-08-13,27.9416420321
2015-08-14,27.8685346485
2015-08-17,27.7515628347
2015-08-18,27.5029977302
2015-08-19,27.2763648409
2015-08-20,26.5818446962
2015-08-21,26.0700930106
2015-08-24,25.3463299125
2015-08-25,25.5875842785
2015-08-26,26.1651326094
2015-08-27,26.4721836207
2015-08-28,26.2236185163
2015-08-31,26.1505111327
2015-09-01,25.477923203
2015-09-02,25.8361493829
2015-09-03,25.8215279062
2015-09-04,25.2512903137
2015-09-08,25.9896748886
2015-09-09,25.7849742144
2015-09-10,26.0262285804
2015-09-11,25.9750534119
2015-09-14,25.7337990458
2015-09-15,25.9311889817
2015-09-16,26.2601722081
2015-09-17,26.4941158358
2015-09-18,25.5131470716
2015-09-21,25.4691967751
2015-09-22,24.6634413408
2015-09-23,24.6048409456
2015-09-24,24.4949652045
2015-09-25,24.7366918348
2015-09-28,24.30451392
2015-09-29,24.4070646117
2015-09-30,24.79529223
2015-10-01,24.7147166866
2015-10-02,25.1249194532
2015-10-05,25.7109234055
2015-10-06,25.9233498381
2015-10-07,26.1650764685
2015-10-08,26.2969273577
2015-10-09,26.4434283458
2015-10-12,26.3775029011
2015-10-13,26.1138011226
2015-10-14,26.2236768637
2015-10-15,26.5459790374
2015-10-16,26.5899293338
2015-10-19,26.5459790374
2015-10-20,26.4507533952
2015-10-21,26.428778247
2015-10-22,26.7803806183
2015-10-23,27.0733825945
2015-10-26,26.992807051
2015-10-27,26.7877056677
2015-10-28,26.9342066558
2015-10-29,26.7877056677
2015-10-30,26.8243309147
2015-11-02,27.1393080391
2015-11-03,27.0514074462
2015-11-04,26.7584054701
2015-11-05,26.8316559642
2015-11-06,26.7657305195
2015-11-09,26.4141281482
2015-11-10,26.3042524071
2015-11-11,26.3775029011
2015-11-12,26.047875678
2015-11-13,25.7768488501
2015-11-16,26.011250431
2015-11-17,26.0991510238
2015-11-18,26.3555277529
2015-11-19,26.4361032964
2015-11-20,26.2896023083
2015-11-23,26.1284512214
2015-11-24,26.0625257768
2015-11-25,26.2310019131
2015-11-27,26.4361032964
2015-11-30,26.4580784446
2015-12-01,26.5313289386
2015-12-02,26.1650764685
2015-12-03,25.9160247887
2015-12-04,26.2236768637
2015-12-07,26.1504263696
2015-12-08,25.7402236031
2015-12-09,25.6230228126
2015-12-10,25.5497723186
2015-12-11,25.0809691568
2015-12-14,25.0370188604
2015-12-15,25.3226957871
2015-12-16,25.7841738995
2015-12-17,25.5424472692
2015-12-18,25.1595991671
2015-12-21,25.2552350704
2015-12-22,25.4097238372
2015-12-23,25.8364070979
2015-12-24,25.7701976264
2015-12-28,25.7187013708
2015-12-29,25.9614694329
2015-12-30,25.6745617231
2015-12-31,25.3288011498
2016-01-04,24.7917687699
2016-01-05,24.5710705316
2016-01-06,24.1517438788
2016-01-07,23.8133399134
2016-01-08,23.5705718513
2016-01-11,23.7029907943
2016-01-12,23.997255112
2016-01-13,23.4970057718
2016-01-14,23.7839134816
2016-01-15,22.9967564317
2016-01-19,23.1880282382
2016-01-20,22.695135506
2016-01-21,22.9305469602
2016-01-22,23.5117189877
2016-01-25,23.1843499342
2016-01-26,23.6956341863
2016-01-27,23.5043623798
2016-01-28,23.4896491639
2016-01-29,23.7839134816
2016-02-01,23.6809209704
2016-02-02,22.9746866078
2016-02-03,23.2910207494
2016-02-04,23.3940132606
2016-02-05,23.0041130396
2016-02-08,22.4817938756
2016-02-09,22.2610956373
2016-02-10,22.3493749326
2016-02-11,22.0109709672
2016-02-12,22.305235285
2016-02-16,22.7172053298
2016-02-17,23.21745467
2016-02-18,23.0188262555
2016-02-19,22.9379035681
2016-02-22,23.2248112779
2016-02-23,22.8054846251
2016-02-24,22.6289260345
2016-02-25,22.9231903522
2016-02-26,22.9084771363
2016-02-29,22.7613449775
2016-03-01,23.4602227321
2016-03-02,23.5926416751
2016-03-03,23.8059833055
2016-03-04,23.9457588564
2016-03-07,23.8942626008
2016-03-08,23.7103474022
2016-03-09,23.8133399134
2016-03-10,23.864836169
2016-03-11,24.6887762587
2016-03-14,24.6299233951
2016-03-15,24.4827912363
2016-03-16,24.777055554
2016-03-17,24.7623423381
2016-03-18,24.7800077608
2016-03-21,24.6989309954
2016-03-22,24.6178542299
2016-03-23,24.3525120885
2016-03-24,24.1019111772
2016-03-28,24.1535054825
2016-03-29,24.4704419292
2016-03-30,24.7284134555
2016-03-31,24.4925537743
2016-04-01,24.2345822479
2016-04-04,24.1756173276
2016-04-05,23.5933387395
2016-04-06,23.9102751862
2016-04-07,23.3869615184
2016-04-08,23.8291984208
2016-04-11,23.880792726
2016-04-12,24.1903585577
2016-04-13,24.6473366901
2016-04-14,24.7431546856
2016-04-15,24.7505253006
2016-04-18,24.9937555969
2016-04-19,25.4875868045
2016-04-20,25.5834048
2016-04-21,25.5612929549
2016-04-22,25.4581043444
2016-04-25,25.3549157338
2016-04-26,25.4359924992
2016-04-27,25.6128872602
2016-04-28,25.3401745037
2016-04-29,25.1337972827
2016-05-02,25.3401745037
2016-05-03,24.8094902209
2016-05-04,24.4704419292
2016-05-05,24.3304002434
2016-05-06,24.4925537743
2016-05-09,24.4704419292
2016-05-10,24.7578959157
2016-05-11,24.5367774645
2016-05-12,24.4262182389
2016-05-13,24.1682467126
2016-05-16,24.440959469
2016-05-17,24.1240230223
2016-05-18,24.1535054825
2016-05-19,23.9839813366
2016-05-20,24.2419528629
2016-05-23,24.1092817922
2016-05-24,24.6178542299
2016-05-25,24.9863849819
2016-05-26,25.1485385127
2016-05-27,25.1190560526
2016-05-31,24.9790143668
2016-06-01,24.9495319067
2016-06-02,24.9642731368
2016-06-03,25.001126212
2016-06-06,25.0527205172
2016-06-07,25.2664683534
2016-06-08,25.2812095834
2016-06-09,24.9126788315
2016-06-10,24.0282050268
2016-06-13,23.6007093546
2016-06-14,23.1732136823
2016-06-15,23.3574790583
2016-06-16,23.5785975094
2016-06-17,23.8219796404
2016-06-20,24.3513569657
2016-06-21,24.6538582945
2016-06-22,24.6992334938
2016-06-23,25.5764873472
2016-06-24,22.5817241925
2016-06-27,22.0674719336
2016-06-28,22.6497869914
2016-06-29,23.0732888517
2016-06-30,23.5724160442
2016-07-01,23.5497284445
2016-07-05,22.8388503219
2016-07-06,22.7707875229
2016-07-07,22.5968492589
2016-07-08,23.0581637853
2016-07-11,23.3757901805
2016-07-12,23.8446672401
2016-07-13,23.912730039
2016-07-14,24.2076688346
2016-07-15,24.0942308363
2016-07-18,24.0110429709
2016-07-19,23.7841669743
2016-07-20,23.9959179044
2016-07-21,23.980792838
2016-07-22,24.0110429709
2016-07-25,24.0034804377
2016-07-26,24.1244809692
2016-07-27,24.3362318993
2016-07-28,24.3513569657
2016-07-29,24.6273894282
2016-08-01,24.3059817664
2016-08-02,24.048855637
2016-08-03,23.9959179044
2016-08-04,24.048855637
2016-08-05,24.2530440339
2016-08-08,24.3513569657
2016-08-09,24.6992334938
2016-08-10,24.8202340253
2016-08-11,24.9941722894
2016-08-12,25.0017348226
2016-08-15,25.066016355
2016-08-16,25.016859889
2016-08-17,24.9412345568
2016-08-18,25.0319849555
2016-08-19,24.7975464257
2016-08-22,24.7370461599
2016-08-23,24.8731717579
2016-08-24,24.8807342911
2016-08-25,24.7597337596
2016-08-26,24.706796027
2016-08-29,24.7824213592
2016-08-30,24.8656092246
2016-08-31,24.842921625
2016-09-01,24.9790472229
2016-09-02,25.3344862842
2016-09-06,25.4932994818
2016-09-07,25.5537997476
2016-09-08,25.568924814
2016-09-09,25.016859889
2016-09-12,25.1983606863
2016-09-13,24.6311706949
2016-09-14,24.5177326966
2016-09-15,24.6689833609
2016-09-16,24.1654653617
2016-09-19,24.3553260261
2016-09-20,24.3857037324
2016-09-21,24.750236208
2016-09-22,25.1679296696
2016-09-23,25.0236355647
2016-09-26,24.6818863688
2016-09-27,24.6666975156
2016-09-28,24.9249080192
2016-09-29,24.4844312778
2016-09-30,24.8793414597
2016-10-03,24.7882083408
2016-10-04,24.8337749003
2016-10-05,25.0312299912
2016-10-06,24.9552857255
2016-10-07,24.7882083408
2016-10-10,24.909719166
2016-10-11,24.605942103
2016-10-12,24.4844312778
2016-10-13,24.3325427463
2016-10-14,24.4616479981
2016-10-17,24.4236758652
2016-10-18,24.6818863688
2016-10-19,24.7274529282
2016-10-20,24.8185860471
2016-10-21,24.7426417814
2016-10-24,24.8261804737
2016-10-25,24.8109916206
2016-10-26,24.7274529282
2016-10-27,24.7654250611
2016-10-28,24.7958027674
2016-10-31,24.7350473548
2016-11-01,24.5983476765
2016-11-02,24.4160814387
2016-11-03,24.3401371729
2016-11-04,24.1350876554
2016-11-07,24.5603755436
2016-11-08,24.6818863688
2016-11-09,24.6591030891
2016-11-10,24.5679699702
2016-11-11,24.3249483198
2016-11-14,24.142682082
2016-11-15,24.249004054
2016-11-16,23.8844715784
2016-11-17,23.9604158442
2016-11-18,23.6566387812
2016-11-21,23.892066005
2016-11-22,23.9680102707
2016-11-23,23.7097997672
2016-11-25,23.8768771518
2016-11-28,23.6034777951
2016-11-29,23.8692827253
2016-11-30,23.8313105924
2016-12-01,23.7781496064
2016-12-02,23.7629607532
2016-12-05,24.30216504
2016-12-06,24.6970752219
2016-12-07,25.1147686836
2016-12-08,25.0236355647
2016-12-09,25.0312299912
2016-12-12,25.0616076975
2016-12-13,25.3729791871
2016-12-14,24.9704745786
2016-12-15,25.0008522849
2016-12-16,25.0723181173
2016-12-19,24.9961336199
2016-12-20,25.1485026148
2016-12-21,25.2094502128
2016-12-22,25.1942133133
2016-12-23,25.2780162605
2016-12-27,25.3084900595
2016-12-28,25.1332657153
2016-12-29,25.3008716098
2016-12-30,25.4913328534
2017-01-03,25.5446620017
2017-01-04,25.7198863458
2017-01-05,25.9789136372
2017-01-06,25.8798737905
2017-01-09,25.864636891
2017-01-10,25.7884523936
2017-01-11,25.925584489
2017-01-12,25.9484398382
2017-01-13,26.0779534839
2017-01-17,26.017005886
2017-01-18,25.9789136372
2017-01-19,25.8798737905
2017-01-20,26.1160457327
2017-01-23,26.1008088332
2017-01-24,26.1693748809
2017-01-25,26.49696822
2017-01-26,26.1998486799
2017-01-27,26.1541379814
2017-01-30,25.9027291398
2017-01-31,25.9179660393
2017-02-01,25.9941505367
2017-02-02,26.017005886
2017-02-03,26.1617564312
2017-02-06,25.7884523936
2017-02-07,25.6817940971
2017-02-08,25.6665571976
2017-02-09,25.8874922403
2017-02-10,25.8265446423
2017-02-13,25.9332029388
2017-02-14,26.0093874362
2017-02-15,26.1160457327
2017-02-16,26.2227040291
2017-02-17,26.0931903834
2017-02-21,26.1389010819
2017-02-22,26.1617564312
2017-02-23,26.1693748809
2017-02-24,25.9636767377
2017-02-27,26.047479685
2017-02-28,26.047479685
2017-03-01,26.4817313205
2017-03-02,26.3598361246
2017-03-03,26.7712324109
2017-03-06,26.6341003155
2017-03-07,26.5350604688
2017-03-08,26.4284021723
2017-03-09,26.7864693104
2017-03-10,27.0683519511
2017-03-13,27.0759704008
2017-03-14,26.7864693104
2017-03-15,27.1673917978
2017-03-16,27.4949851369
2017-03-17,27.4726044171
2017-03-20,27.3962704231
2017-03-21,27.4039038225
2017-03-22,27.4726044171
2017-03-23,27.5336716122
2017-03-24,27.5947388074
2017-03-27,27.762673594
2017-03-28,27.8924413837
2017-03-29,27.8237407892
2017-03-30,27.6252724049
2017-03-31,27.7474067952
2017-04-03,27.6481726031
2017-04-04,27.6710728013
2017-04-05,27.4649710177
2017-04-06,27.5718386092
2017-04-07,27.5565718104
2017-04-10,27.3810036243
2017-04-11,27.4420708195
2017-04-12,27.4268040207
2017-04-13,27.1901686395
2017-04-17,27.3504700268
2017-04-18,27.1672684413
2017-04-19,27.1367348438
2017-04-20,27.4115372219
2017-04-21,27.4497042189
2017-04-24,28.9763840976
2017-04-25,29.19775268
2017-04-26,28.9382171006
2017-04-27,28.8847833049
2017-04-28,28.8771499055
2017-05-01,29.0374512927
2017-05-02,29.235919677
2017-05-03,29.1901192806
2017-05-04,29.8160580309
2017-05-05,30.2969621926
2017-05-08,29.8313248296
2017-05-09,29.6710234424
2017-05-10,29.7244572381
2017-05-11,29.5794226497
2017-05-12,29.8465916284
2017-05-15,30.0526934121
2017-05-16,30.3732961866
2017-05-17,29.8236914303
2017-05-18,29.838958229
2017-05-19,30.2664285951
2017-05-22,30.304595592
2017-05-23,30.3198623908
2017-05-24,30.3274957902
2017-05-25,30.2587951957
2017-05-26,30.1213940066
2017-05-30,30.0374266133
2017-05-31,30.1824612017
2017-06-01,30.3274957902
2017-06-02,30.6709987629
2017-06-05,30.4419967811
2017-06-06,30.2435283969
2017-06-07,30.2587951957
2017-06-08,30.2664285951
2017-06-09,30.2435283969
2017-06-12,29.9916262169
2017-06-13,30.2206281987
2017-06-14,30.1900946011
2017-06-15,29.7626242351
2017-06-16,30.0731845094
2017-06-19,30.243966662
2017-06-20,29.9412164824
2017-06-21,29.9567421326
2017-06-22,29.917928007
2017-06-23,29.9955562582
2017-06-26,30.111998635
2017-06-27,30.1896268862
2017-06-28,30.4923770658
2017-06-29,29.980030608
2017-06-30,29.8635882312
2017-07-03,29.9256908321
2017-07-05,29.917928007
2017-07-06,29.8014856302
2017-07-07,29.9334536573
2017-07-10,30.0033190833
2017-07-11,30.1430499355
2017-07-12,30.3604090388
2017-07-13,30.4613257653
2017-07-14,30.6321079179
2017-07-17,30.5001398909
2017-07-18,30.4458001151
2017-07-19,30.5389540165
2017-07-20,30.7485502947
2017-07-21,30.5311911914
2017-07-24,30.5001398909
2017-07-25,30.6010566175
2017-07-26,30.8184157208
2017-07-27,30.7485502947
2017-07-28,30.833941371
2017-07-31,30.833941371
2017-08-01,31.028011999
2017-08-02,31.0357748241
2017-08-03,31.1211659004
2017-08-04,31.2841852279
2017-08-07,31.2764224028
2017-08-08,31.1289287255
2017-08-09,30.9348580975
2017-08-10,30.43803729
2017-08-11,30.43803729
2017-08-14,30.7563131198
2017-08-15,30.7873644203
2017-08-16,30.9193324473
2017-08-17,30.5001398909
2017-08-18,30.6243450928
2017-08-21,30.5622424919
2017-08-22,30.8028900705
2017-08-23,30.7873644203
2017-08-24,30.7563131198
2017-08-25,31.0124863487
2017-08-28,30.9736722231
2017-08-29,30.8261785459
2017-08-30,30.6942105189
2017-08-31,30.8727554966
2017-09-01,30.9581465729
2017-09-05,30.701973344
2017-09-06,31.0901145999
2017-09-07,31.3618134791
2017-09-08,31.3385250037
2017-09-11,31.6645636587
2017-09-12,31.7965316857
2017-09-13,31.6568008336
2017-09-14,31.7732432104
2017-09-15,31.8118197935
2017-09-18,31.9130817076
2017-09-19,32.0377117558
2017-09-20,31.9286604637
2017-09-21,31.9831861097
2017-09-22,32.0143436218
2017-09-25,31.7183472574
2017-09-26,31.5781384532
2017-09-27,31.6716109893
2017-09-28,31.7806622815
2017-09-29,32.1311842919
2017-10-02,32.0377117558
2017-10-03,32.1233949139
2017-10-04,31.9753967317
2017-10-05,32.0532905118
2017-10-06,32.0610798898
2017-10-09,32.0143436218
2017-10-10,32.3103399862
2017-10-11,32.4038125223
2017-10-12,32.3103399862
2017-10-13,32.2869718521
2017-10-16,32.232446206
2017-10-17,32.162341804
2017-10-18,32.3259187422
2017-10-19,32.3337081202
2017-10-20,32.162341804
2017-10-23,32.0221329998
2017-10-24,32.162341804
2017-10-25,32.1233949139
2017-10-26,32.1545524259
2017-10-27,32.0922374019
2017-10-30,32.2791824741
2017-10-31,32.4427594123
2017-11-01,32.5362319484
2017-11-02,32.6297044846
2017-11-03,32.4505487903
2017-11-06,32.4349700343
2017-11-07,32.1311842919
2017-11-08,32.1545524259
2017-11-09,31.8741348176
2017-11-10,31.7962410375
2017-11-13,31.6638216113
2017-11-14,31.7962410375
2017-11-15,31.6949791233
2017-11-16,31.8819241956
2017-11-17,31.7417153914
2017-11-20,31.6794003673
2017-11-21,31.8897135736
2017-11-22,31.9208710856
2017-11-24,32.3804443882
2017-11-27,32.17792056
2017-11-28,32.3570762542
2017-11-29,32.2558143401
2017-11-30,32.2402355841
2017-12-01,31.9909754877
2017-12-04,32.0532905118
2017-12-05,31.9052923296
2017-12-06,31.8040304155
2017-12-07,31.9208710856
2017-12-08,32.0922374019
2017-12-11,32.0688692678
2017-12-12,32.0143436218
2017-12-13,31.9987648657
2017-12-14,31.6949791233
2017-12-15,31.8000983375
2017-12-18,32.2298293961
2017-12-19,32.1829496442
2017-12-20,31.9876173449
2017-12-21,32.0657502646
2017-12-22,31.9954306368
2017-12-26,32.0266838047
2017-12-27,31.9876173449
2017-12-28,31.9251110091
2017-12-29,31.8079116294
2018-01-02,31.948550885
2018-01-03,32.0735635566
2018-01-04,32.6439338708
2018-01-05,32.9720921337
2018-01-08,32.8392661701
2018-01-09,32.862706046
2018-01-10,32.7455066664
2018-01-11,32.9486522578
2018-01-12,33.4096364843
2018-01-16,33.495582696
2018-01-17,33.6205953676
2018-01-18,33.6674751195
2018-01-19,33.9253137546
2018-01-22,34.2144055577
2018-01-23,34.3003517694
2018-01-24,34.3550448132
2018-01-25,34.2222188497
2018-01-26,34.5425638206
2018-01-29,34.2534720176
2018-01-30,33.9643802145
2018-01-31,34.0190732583
2018-02-01,34.0346998423
2018-02-02,33.1674244331
2018-02-05,31.7688451696
2018-02-06,32.6673737467
2018-02-07,32.0344970967
2018-02-08,31.0890887678
2018-02-09,31.1828482715
2018-02-12,31.6125793301
2018-02-13,31.5188198264
2018-02-14,32.0891901405
2018-02-15,32.3001490239
2018-02-16,32.3626553597
2018-02-20,32.0735635566
2018-02-21,31.8391647973
2018-02-22,32.0735635566
2018-02-23,32.3001490239
2018-02-26,32.565800951
2018-02-27,31.9876173449
2018-02-28,31.6828989578
2018-03-01,31.3938071548
2018-03-02,31.3781805708
2018-03-05,31.5969527461
2018-03-06,31.7454052936
2018-03-07,31.932924301
2018-03-08,31.956364177
2018-03-09,32.0657502646
2018-03-12,32.1048167245
2018-03-13,31.8391647973
2018-03-14,31.932924301
2018-03-15,31.956364177
2018-03-16,32.0950399522
2018-03-19,31.868026255
2018-03-20,31.8210579039
2018-03-21,31.7427773186
2018-03-22,31.0617362269
2018-03-23,30.6938174763
2018-03-26,31.3435463338
2018-03-27,30.9443153491
2018-03-28,31.1400168122
2018-03-29,31.5235916799
2018-04-02,31.0460801099
2018-04-03,31.3826866265
2018-04-04,31.5079355629
2018-04-05,31.8601981965
2018-04-06,31.6644967334
2018-04-09,31.9776190744
2018-04-10,32.3220536495
2018-04-11,32.1498363619
2018-04-12,32.345537825
2018-04-13,32.3768500591
2018-04-16,32.5020989955
2018-04-17,32.8230493951
2018-04-18,32.9326422144
2018-04-19,32.807393278
2018-04-20,32.7134565757
2018-04-23,32.6978004587
2018-04-24,32.5255831711
2018-04-25,32.4864428785
2018-04-26,32.5490673467
2018-04-27,32.6351759905
2018-04-30,32.5647234637
2018-05-01,32.3846781177
2018-05-02,32.4394745273
2018-05-03,32.5099270541
2018-05-04,32.5647234637
2018-05-07,32.5960356978
2018-05-08,32.4316464688
2018-05-09,32.5490673467
2018-05-10,32.7760810439
2018-05-11,32.7525968683
2018-05-14,32.7604249269
2018-05-15,32.5020989955
2018-05-16,32.4473025859
2018-05-17,32.5568954052
2018-05-18,32.4394745273
2018-05-21,32.5882076393
2018-05-22,32.6195198734
2018-05-23,32.1185241278
2018-05-24,32.016759367
2018-05-25,31.6644967334
2018-05-29,30.5294282473
2018-05-30,31.1791571048
2018-05-31,31.0069398173
2018-06-01,31.3044060412
2018-06-04,31.4687952702
2018-06-05,31.3826866265
2018-06-06,31.7506053771
2018-06-07,31.4766233288
2018-06-08,31.5314197384
2018-06-11,31.9228226647
2018-06-12,31.6879809089
2018-06-13,31.7897456698
2018-06-14,31.8210579039
2018-06-15,31.7420727934
2018-06-18,31.333788881
2018-06-19,31.0455884723
2018-06-20,30.9735383701
2018-06-21,30.6613212607
2018-06-22,31.0776107399
2018-06-25,30.6693268276
2018-06-26,30.5812655916
2018-06-27,30.277054049
2018-06-28,30.3250874505
2018-06-29,30.6853379614
2018-07-02,30.541237757
2018-07-03,30.717360229
2018-07-05,31.2937610465
2018-07-06,31.4778890854
2018-07-09,31.6380004235
2018-07-10,31.6940393919
2018-07-11,31.0375829054
2018-07-12,31.2777499126
2018-07-13,31.3658111486
2018-07-16,31.4378612508
2018-07-17,31.4058389832
2018-07-18,31.5179169199
2018-07-19,31.3417944479
2018-07-20,31.4858946523
2018-07-23,31.4618779515
2018-07-24,31.6139837228
2018-07-25,31.9021841315
2018-07-26,31.7020449588
2018-07-27,31.8381395963
2018-07-30,31.8941785646
2018-07-31,32.0222676352
2018-08-01,31.7981117617
2018-08-02,31.4538723846
2018-08-03,31.4058389832
2018-08-06,31.3017666134
2018-08-07,31.6059781559
2018-08-08,31.509911353
2018-08-09,31.3177777472
2018-08-10,30.3571097181
2018-08-13,30.2050039469
2018-08-14,30.2210150807
2018-08-15,29.6205975625
2018-08-16,29.8287423022
2018-08-17,30.0609037425
2018-08-20,30.2690484821
2018-08-21,30.7013490952
2018-08-22,30.8854771341
2018-08-23,30.6773323945
2018-08-24,31.0055606377
2018-08-27,31.4378612508
2018-08-28,31.3738167155
2018-08-29,31.4939002192
2018-08-30,31.0856163068
2018-08-31,30.6453101268
2018-09-04,30.3170818836
2018-09-05,30.0368870418
2018-09-06,29.8847812705
2018-09-07,29.5645585942
2018-09-10,29.9007924043
2018-09-11,29.932814672
2018-09-12,30.0048647741
2018-09-13,30.3571097181
2018-09-14,30.2370262145
2018-09-17,30.3250874505
2018-09-18,30.5092154894
2018-09-19,30.6212934261
2018-09-20,31.2617387788
2018-09-21,31.3233015884
2018-09-24,31.1710132746
2018-09-25,31.2912408907
2018-09-26,31.3152864139
2018-09-27,31.1710132746
2018-09-28,30.6740724613
2018-10-01,30.6901028101
2018-10-02,30.4416324034
2018-10-03,30.5859055428
2018-10-04,30.2332378688
2018-10-05,29.9767522877
2018-10-08,29.7202667067
2018-10-09,29.7362970555
2018-10-10,29.1351589748
2018-10-11,28.8626430449
2018-10-12,28.8706582194
2018-10-15,28.9588251378
2018-10-16,29.4557659512
2018-10-17,29.1351589748
2018-10-18,28.5580664174
2018-10-19,28.7824913009
2018-10-22,28.5179905454
2018-10-23,28.3496718828
2018-10-24,27.5561696164
2018-10-25,27.98097386
2018-10-26,27.8367007207
2018-10-29,27.804640023
2018-10-30,27.9569283368
2018-10-31,28.1653228714
2018-11-01,28.550051243
2018-11-02,28.6061574639
2018-11-05,28.6141726383
2018-11-06,28.7103547312
2018-11-07,29.0870679284
2018-11-08,28.6382181615
2018-11-09,28.5901271151
2018-11-12,27.9489131624
2018-11-13,28.1733380458
2018-11-14,28.2615049643
2018-11-15,28.4137932781
2018-11-16,28.3897477548
2018-11-19,28.117231825
2018-11-20,27.5721999652
2018-11-21,27.9328828136
2018-11-23,27.6683820581
2018-11-26,28.0851711273
2018-11-27,27.9489131624
2018-11-28,28.3817325804
2018-11-29,28.2615049643
2018-11-30,28.117231825
2018-12-03,28.4859298477
2018-12-04,27.7565489766
2018-12-06,27.3878509538
2018-12-07,27.059228803
2018-12-10,26.9550315357
2018-12-11,27.0111377566
2018-12-12,27.5401392675
2018-12-13,27.5241089187
2018-12-14,27.1233501983
2018-12-17,26.9390011869
2018-12-18,26.9951074078
2018-12-19,26.7706825243
2018-12-20,26.6424397338
2018-12-21,26.2769477808
2018-12-24,25.8103026579
2018-12-26,26.5183159478
2018-12-27,26.5344071589
2018-12-28,26.6550912424
2018-12-31,26.7677297203
2019-01-02,26.6470456368
2019-01-03,26.2930389919
2019-01-04,27.1780556042
2019-01-07,27.2021924209
2019-01-08,27.3791957434
2019-01-09,27.7332023883
2019-01-10,27.7090655716
2019-01-11,27.4757430102
2019-01-14,27.3791957434
2019-01-15,27.4113781657
2019-01-16,27.387241349
2019-01-17,27.4355149824
2019-01-18,27.8377952607
2019-01-22,27.4998798269
2019-01-23,27.6768831494
2019-01-24,27.7010199661
2019-01-25,28.1354826667
2019-01-28,28.0791634277
2019-01-29,28.2078931168
2019-01-30,28.4251244671
2019-01-31,28.3607596225
2019-02-01,28.4251244671
2019-02-04,28.4090332559
2019-02-05,28.6745382396
2019-02-06,28.5538541561
2019-02-07,28.0469810054
2019-02-08,27.9343425275
2019-02-11,27.9182513164
2019-02-12,28.2722579613
2019-02-13,28.2722579613
2019-02-14,28.1837563001
2019-02-15,28.6825838452
2019-02-19,28.8032679287
2019-02-20,28.9239520122
2019-02-21,28.8998151955
2019-02-22,29.0124536734
2019-02-25,29.076818518
2019-02-26,29.3020954738
2019-02-27,29.1653201792
2019-02-28,29.3101410794
2019-03-01,29.5193268241
2019-03-04,29.3905971351
2019-03-05,29.4147339518
2019-03-06,29.3503691072
2019-03-07,28.8595871677
2019-03-08,28.9722256456
2019-03-11,29.1733657848
2019-03-12,29.1653201792
2019-03-13,29.4951900074
2019-03-14,29.559554852
2019-03-15,29.9875810681
2019-03-18,30.1166292922
2019-03-19,30.2134154602
2019-03-20,30.2214809742
2019-03-21,30.1004982642
2019-03-22,29.1890951817
2019-03-25,29.2455537797
2019-03-26,29.3020123778
2019-03-27,29.3826675178
2019-03-28,29.2939468638
2019-03-29,29.5036502279
2019-04-01,29.85046733
2019-04-02,29.9472534981
2019-04-03,30.2618085443
2019-04-04,30.3102016283
2019-04-05,30.3343981703
2019-04-08,30.3505291983
2019-04-09,30.1811534042
2019-04-10,30.3182671423
2019-04-11,30.3585947123
2019-04-12,30.6005601325
2019-04-15,30.6086256465
2019-04-16,30.6328221885
2019-04-17,30.8828531226
2019-04-18,30.8989841506
2019-04-22,30.8989841506
2019-04-23,30.8747876086
2019-04-24,30.6408877025
2019-04-25,30.6086256465
2019-04-26,30.6408877025
2019-04-29,30.8183290106
2019-04-30,31.0925564867
2019-05-01,30.8586565806
2019-05-02,30.7296083565
2019-05-03,31.0038358327
2019-05-06,30.7376738705
2019-05-07,29.9956465821
2019-05-08,30.1972844322
2019-05-09,30.0682362082
2019-05-10,30.2618085443
2019-05-13,29.5923708819
2019-05-14,29.8827293861
2019-05-15,30.0924327502
2019-05-16,30.4392498524
2019-05-17,30.2940706003
2019-05-20,29.9633845261
2019-05-21,30.1408258342
2019-05-22,30.0601706942
2019-05-23,29.697222564
2019-05-24,30.0682362082
2019-05-28,29.721419106
2019-05-29,29.4391261158
2019-05-30,29.5843053679
2019-05-31,29.2697503217
2019-06-03,29.5117157419
2019-06-04,30.0440396662
2019-06-05,29.9956465821
2019-06-06,30.1004982642
2019-06-07,30.5844291044
2019-06-10,30.5924946184
2019-06-11,30.7780014405
2019-06-12,30.5360360204
2019-06-13,30.5682980764
2019-06-14,30.3343981703
2019-06-17,30.3424636843
2019-06-18,30.9231806926
2019-06-19,31.0602944307
2019-06-20,31.3667839629
2019-06-21,31.3640416881
2019-06-24,31.4134728019
2019-06-25,31.1910327899
2019-06-26,31.2487024226
2019-06-27,31.3063720554
2019-06-28,31.5535276242
2019-07-01,31.5864817001
2019-07-02,31.6935824466
2019-07-03,31.9572150534
2019-07-05,31.7265365224
2019-07-08,31.5617661432
2019-07-09,31.4958579915
2019-07-10,31.5535276242
2019-07-11,31.5288120673
2019-07-12,31.5370505863
2019-07-15,31.5700046622
2019-07-16,31.5123350294
2019-07-17,31.396995764
2019-07-18,31.4546653967
2019-07-19,31.2075098278
2019-07-22,31.3146105743
2019-07-23,31.594720219
2019-07-24,31.602958738
2019-07-25,31.2734179795
2019-07-26,31.380518726
2019-07-29,31.4381883588
2019-07-30,30.8614920314
2019-07-31,30.6060979436
2019-08-01,30.4742816402
2019-08-02,30.1117868059
2019-08-05,29.5433289975
2019-08-06,29.6833838199
2019-08-07,29.8893467939
2019-08-08,30.1612179197
2019-08-09,30.0046860594
2019-08-12,29.7657690095
2019-08-13,30.1200253249
2019-08-14,29.213788239
2019-08-15,29.213788239
2019-08-16,29.5598060354
2019-08-19,29.8069616043
2019-08-20,29.6833838199
2019-08-21,30.07883273
2019-08-22,29.9717319835
2019-08-23,29.5186134406
2019-08-26,29.8152001233
2019-08-27,29.8234386422
2019-08-28,29.8152001233
2019-08-29,30.2106490334
2019-08-30,30.2024105145
2019-09-03,30.0705942111
2019-09-04,30.5072357161
2019-09-05,30.7626298039
2019-09-06,30.7791068418
2019-09-09,30.8862075883
2019-09-10,30.9191616642
2019-09-11,31.0427394486
2019-09-12,31.3393261312
2019-09-13,31.4217113208
2019-09-16,31.0345009296
2019-09-17,31.2404639037
2019-09-18,31.2322253847
2019-09-19,31.3393261312
2019-09-20,31.3167723617
2019-09-23,31.1600235011
2019-09-24,31.0362744006
2019-09-25,30.8382758398
2019-09-26,30.9950247005
2019-09-27,30.9372751202
2019-09-30,31.135273681
2019-10-01,30.7970261397
2019-10-02,30.0132818366
2019-10-03,30.2360302175
2019-10-04,30.4752784784
2019-10-07,30.4835284185
2019-10-08,30.1535308172
2019-10-09,30.5082782386
2019-10-10,30.8135260198
2019-10-11,31.4405214622
2019-10-14,31.4322715222
2019-10-15,31.8530184638
2019-10-16,31.910768044
2019-10-17,31.9850175043
2019-10-18,32.0345171445
2019-10-21,32.174766125
2019-10-22,31.9932674443
2019-10-23,32.1995159451
2019-10-24,32.2077658852
2019-10-25,32.174766125
2019-10-28,32.2572655254
2019-10-29,32.2325157053
2019-10-30,32.3975145059
2019-10-31,32.3150151056
2019-11-01,32.5212636064
2019-11-04,32.7110122271
2019-11-05,32.678012467
2019-11-06,32.7275121072
2019-11-07,32.8100115075
2019-11-08,32.8100115075
2019-11-11,32.8017615675
2019-11-12,32.7935116274
2019-11-13,32.7027622871
2019-11-14,32.6945123471
2019-11-15,32.933760608
2019-11-18,32.925510668
2019-11-19,32.8925109078
2019-11-20,32.6945123471
2019-11-21,32.7440119873
2019-11-22,32.7027622871
2019-11-25,32.8100115075
2019-11-26,32.8347613276
2019-11-27,32.8347613276
2019-11-29,32.7687618074
2019-12-02,32.3727646858
2019-12-03,32.3397649257
2019-12-04,32.6532626469
2019-12-05,32.6202628868
2019-12-06,32.8182614475
2019-12-09,32.5872631266
2019-12-10,32.669762527
2019-12-11,32.942010548
2019-12-12,33.2390083892
2019-12-13,33.4122571299
2019-12-16,33.7505046712
2019-12-17,33.5525061104
2019-12-18,33.4287570099
2019-12-19,33.4205070699
2019-12-20,33.5879808525
2019-12-23,33.5962517171
2019-12-24,33.5383556654
2019-12-26,33.7368564141
2019-12-27,33.8526485175
2019-12-30,33.5714391235
2019-12-31,33.7368564141
2020-01-02,34.1255870469
2020-01-03,33.6872312269
2020-01-06,33.7451272786
2020-01-07,33.5548973944
2020-01-08,33.720314685
2020-01-09,33.860919382
2020-01-10,33.7533981431
2020-01-13,33.8361067884
2020-01-14,33.720314685
2020-01-15,33.6624186333
2020-01-16,33.8278359239
2020-01-17,33.9767114854
2020-01-21,33.6376060397
2020-01-22,33.5135430718
2020-01-23,33.4142926974
2020-01-24,33.3563966457
2020-01-27,32.5458519219
2020-01-28,32.9097699612
2020-01-29,32.9593951483
2020-01-30,32.9263116902
2020-01-31,32.3390803086
2020-02-03,32.4796850056
2020-02-04,33.0421037936
2020-02-05,33.3977509684
2020-02-06,33.579709988
2020-02-07,33.3481257812
2020-02-10,33.3977509684
2020-02-11,33.5548973944
2020-02-12,33.7368564141
2020-02-13,33.4887304782
2020-02-14,33.4887304782
2020-02-18,33.3398549167
2020-02-19,33.5135430718
2020-02-20,33.3150423231
2020-02-21,33.0999998453
2020-02-24,31.6691402818
2020-02-25,30.8585955579
2020-02-26,30.8668664225
2020-02-27,29.9901547824
2020-02-28,29.750299711
2020-03-02,30.3954271443
2020-03-03,29.9818839179
2020-03-04,31.0736380357
2020-03-05,30.0232382405
2020-03-06,29.4773611816
2020-03-09,26.7231632934
2020-03-10,27.5667914754
2020-03-11,26.0780358601
2020-03-12,22.8275861002
2020-03-13,24.2419039347
2020-03-16,21.4628934529
2020-03-17,22.5711892998
2020-03-18,20.8343077487
2020-03-19,21.1403297363
2020-03-20,21.198225788
2020-03-23,21.4449225185
2020-03-24,23.4623890969
2020-03-25,24.3341339147
2020-03-26,25.3553207013
2020-03-27,24.3507385779
2020-03-30,24.7492504946
2020-03-31,24.5001805467
2020-04-01,23.2548308069
2020-04-02,23.5952264024
2020-04-03,23.1967144857
2020-04-06,24.6081108574
2020-04-07,24.740948163
2020-04-08,25.0232274374
2020-04-09,25.6542046388
2020-04-13,25.3470183697
2020-04-14,25.8451582656
2020-04-15,24.7077388366
2020-04-16,24.5998085258
2020-04-17,25.4881580069
2020-04-20,25.1560647429
2020-04-21,24.5167852099
2020-04-22,24.7907621526
2020-04-23,24.5250875415
2020-04-24,24.7990644842
2020-04-27,25.2889020485
2020-04-28,25.4300416857
2020-04-29,26.3100888351
2020-04-30,25.795344276
2020-05-01,25.2224833957
2020-05-04,25.1062507533
2020-05-05,25.0564367637
2020-05-06,24.7160411682
2020-05-07,25.1643670745
2020-05-08,25.587785986
2020-05-11,25.4300416857
2020-05-12,25.0564367637
2020-05-13,24.5915061942
2020-05-14,24.4337618939
2020-05-15,24.4918782151
2020-05-18,25.878367592
2020-05-19,25.5213673333
2020-05-20,26.1772515295
2020-05-21,25.9281815816
2020-05-22,25.8866699236
2020-05-26,26.642182099
2020-05-27,27.3644849481
2020-05-28,27.6218572276
2020-05-29,27.696578212
2020-06-01,28.2528344291
2020-06-02,28.792485983
2020-06-03,29.9382077436
2020-06-04,29.9880217332
2020-06-05,30.8763712142
2020-06-08,31.2250691413
2020-06-09,30.6189989346
2020-06-10,30.4363476395
2020-06-11,28.5019043771
2020-06-12,29.000044273
2020-06-15,29.2740212157
2020-06-16,29.6725331324
2020-06-17,29.7887657748
2020-06-18,29.639323806
2020-06-19,29.4483701793
2020-06-22,29.9000153577
2020-06-23,30.2270205734
2020-06-24,29.3801609124
2020-06-25,29.8329373648
2020-06-26,29.2963134212
2020-06-29,29.7490898736
2020-06-30,29.7910136192
2020-07-01,29.7993983683
2020-07-02,30.344407061
2020-07-06,30.9648784958
2020-07-07,30.4198698031
2020-07-08,30.696566524
2020-07-09,30.268944319
2020-07-10,30.6294885311
2020-07-13,30.5791800364
2020-07-14,31.1074192309
2020-07-15,31.5266566868
2020-07-16,31.4344244465
2020-07-17,31.5769651815
2020-07-20,31.8033534077
2020-07-21,31.9291246445
2020-07-22,32.038126383
2020-07-23,31.7195059165
2020-07-24,31.4847329412
2020-07-27,31.8117381568
2020-07-28,31.5853499306
2020-07-29,31.9542788919
2020-07-30,31.3421922062
2020-07-31,30.6462580293
2020-08-03,31.2918837115
2020-08-04,31.4595786938
2020-08-05,31.6356584253
2020-08-06,31.6691974218
2020-08-07,31.5015024394
2020-08-10,31.4847329412
2020-08-11,31.7111211674
2020-08-12,32.4741333372
2020-08-13,32.2309756128
2020-08-14,31.962663641
2020-08-17,32.1303586234
2020-08-18,32.0800501286
2020-08-19,32.038126383
2020-08-20,31.8536619024
2020-08-21,31.5266566868
2020-08-24,32.1555128707
2020-08-25,32.314823104
2020-08-26,32.5747503267
2020-08-27,32.1387433725
2020-08-28,32.3819010969
2020-08-31,31.9458941427
2020-09-01,31.9794331392
2020-09-02,32.6250588214
2020-09-03,31.8704314007
2020-09-04,31.9039703971
2020-09-08,31.3421922062
2020-09-09,32.1638976198
2020-09-10,31.7698144112
2020-09-11,32.0548958813
2020-09-14,32.105204376
2020-09-15,32.2896688566
2020-09-16,32.0716653795
2020-09-17,32.1722823689
2020-09-18,31.820122906
2020-09-21,30.6832674735
2020-09-22,30.5821416262
2020-09-23,30.101793852
2020-09-24,30.2113468532
2020-09-25,30.1355024678
2020-09-28,30.7928204746
2020-09-29,30.8518105521
2020-09-30,30.6327045499
2020-10-01,30.7506847049
2020-10-02,30.6579860117
2020-10-05,31.2310324792
2020-10-06,30.8433833982
2020-10-07,31.1636152477
2020-10-08,31.4164298657
2020-10-09,31.6945259455
2020-10-12,31.9304862557
2020-10-13,31.4754199432
2020-10-14,31.3153040185
2020-10-15,30.7928204746
2020-10-16,31.1130523241
2020-10-19,30.9529363993
2020-10-20,31.1973238634
2020-10-21,30.7928204746
2020-10-22,30.7759661667
2020-10-23,31.1046251702
2020-10-26,30.0765123902
2020-10-27,29.5540288463
2020-10-28,28.323664372
2020-10-29,28.3995087574
2020-10-30,28.3068100641
2020-11-02,28.829293608
2020-11-03,29.7731348486
2020-11-04,30.1439296217
2020-11-05,31.0456350926
2020-11-06,31.1383337859
2020-11-09,32.6973572637
2020-11-10,33.295685193
2020-11-11,33.4726554256
2020-11-12,32.9164632659
2020-11-13,33.4052381941
2020-11-16,33.67490712
2020-11-17,33.7338971975
2020-11-18,33.5232183492
2020-11-19,33.7086157357
2020-11-20,33.6664799661
2020-11-23,33.7001885818
2020-11-24,34.2310992796
2020-11-25,34.2900893572
2020-11-27,34.5429039752
2020-11-30,33.9867118156
2020-12-01,34.8462815168
2020-12-02,34.8631358247
2020-12-03,34.8378543629
2020-12-04,35.1580862124
2020-12-07,34.9642616719
2020-12-08,35.0401060573
2020-12-09,34.9052715944
2020-12-10,34.9642616719
2020-12-11,34.694592746
2020-12-14,34.7367285157
2020-12-15,35.2339305978
2020-12-16,35.3856193686
2020-12-17,35.7311326799
2020-12-18,35.4783180619
2020-12-21,34.8717315217
2020-12-22,34.8462962689
2020-12-23,35.3465229064
2020-12-24,35.456742335
2020-12-28,35.7026164449
2020-12-29,35.761965368
2020-12-30,35.7789222032
2020-12-31,35.3719581591
2021-01-04,35.6347891042
2021-01-05,35.863706379
2021-01-06,36.4402387747
2021-01-07,36.4571956098
2021-01-08,36.6267639615
2021-01-11,36.067188401
2021-01-12,36.1265373241
2021-01-13,36.0502315658
2021-01-14,36.2791488406
2021-01-15,35.5754401811
2021-01-19,35.8552279614
2021-01-20,36.0756668186
2021-01-21,36.1604509944
2021-01-22,35.9400121372
2021-01-25,35.5923970163
2021-01-26,35.8976200493
2021-01-27,34.8971667745
2021-01-28,35.3210876536
2021-01-29,34.5580300711
2021-02-01,35.0328214558
2021-02-02,35.558483346
2021-02-03,35.6517459394
2021-02-04,35.7704437856
2021-02-05,36.1265373241
2021-02-08,36.3384977637
2021-02-09,36.4063251043
2021-02-10,36.2197999175
2021-02-11,36.5335013681
2021-02-12,36.7708970604
2021-02-16,36.9998143352
2021-02-17,36.6691560494
2021-02-18,36.6182855439
2021-02-19,36.8217675659
2021-02-22,36.7539402253
2021-02-23,36.7963323132
2021-02-24,37.0761200935
2021-02-25,36.372411434
2021-02-26,36.0163178955
2021-03-01,36.6945913022
2021-03-02,36.7369833901
2021-03-03,36.5165445329
2021-03-04,36.1350157417
2021-03-05,36.2961056758
2021-03-08,36.4826308626
2021-03-09,36.9998143352
2021-03-10,37.4152567968
2021-03-11,37.7798287529
2021-03-12,37.7798287529
2021-03-15,37.6102604012
2021-03-16,37.5509114781
2021-03-17,37.9324402694
2021-03-18,37.4746057199
2021-03-19,37.4915625551
2021-03-22,37.5085193902
2021-03-23,37.0589600217
2021-03-24,36.9656552471
2021-03-25,37.2031583097
2021-03-26,37.678164435
2021-03-29,37.6103064171
2021-03-30,37.7460224529
2021-03-31,37.7545047051
2021-04-01,38.4076381273
2021-04-05,39.0862183062
2021-04-06,38.6875524511
2021-04-07,38.7469282168
2021-04-08,38.933537766
2021-04-09,39.0013957839
2021-04-12,38.8571974958
2021-04-13,39.0947005585
2021-04-14,39.077736054
2021-04-15,39.3746148823
2021-04-16,39.9259612777
2021-04-19,39.8326565031
2021-04-20,39.077736054
2021-04-21,39.6375647016
2021-04-22,39.5272954225
2021-04-23,39.9514080344
2021-04-26,40.0107838
2021-04-27,39.9683725388
2021-04-28,40.1210530791
2021-04-29,40.1125708269
2021-04-30,39.4170261435
2021-05-03,39.9089967732
2021-05-04,39.1031828107
2021-05-05,39.7478339807
2021-05-06,40.1210530791
2021-05-07,40.7232929879
2021-05-10,40.2652513671
2021-05-11,39.7563162329
2021-05-12,39.3491681256
2021-05-13,39.7817629896
2021-05-14,40.7148107357
2021-05-17,40.5536479432
2021-05-18,40.4942721775
2021-05-19,39.9429257821
2021-05-20,40.6639172222
2021-05-21,40.7911510058
2021-05-24,41.1134765908
2021-05-25,41.1643701042
2021-05-26,40.9183847893
2021-05-27,41.0116895639
2021-05-28,41.2322281221
2021-06-01,41.4103554191
2021-06-02,41.4866956892
2021-06-03,41.1813346087
2021-06-04,41.4612489325
2021-06-07,41.6393762294
2021-06-08,41.588482716
2021-06-09,41.5036601937
2021-06-10,41.5291069504
2021-06-11,41.7157164996
2021-06-14,41.8175035264
2021-06-15,41.8599147876
2021-06-16,41.444284428
2021-06-17,41.1813346087
2021-06-18,40.2991803761
2021-06-21,40.8617165586
2021-06-22,40.8788817409
2021-06-23,40.475499956
2021-06-24,40.9647076526
2021-06-25,40.9475424703
2021-06-28,40.6471517794
2021-06-29,40.6385691882
2021-06-30,40.1922744474
2021-07-01,40.2952655414
2021-07-02,40.3381784972
2021-07-06,39.8232230271
2021-07-07,40.0892833533
2021-07-08,39.3769282863
2021-07-09,40.2437699944
2021-07-12,40.4583347736
2021-07-13,40.1064485357
2021-07-14,40.3295959061
2021-07-15,39.8661359829
2021-07-16,39.5228323361
2021-07-19,38.5615821251
2021-07-20,38.9048857719
2021-07-21,39.6515712037
2021-07-22,39.7631448889
2021-07-23,40.175109265
2021-07-26,40.2609351767
2021-07-27,40.0978659445
2021-07-28,40.3381784972
2021-07-29,40.6471517794
2021-07-30,40.3639262708
2021-08-02,40.4669173648
2021-08-03,40.7243950999
2021-08-04,40.7415602822
2021-08-05,40.930377288
2021-08-06,40.8617165586
2021-08-09,40.7844732381
2021-08-10,40.8445513763
2021-08-11,41.1020291113
2021-08-12,41.2221853877
2021-08-13,41.4710805316
2021-08-16,41.2307679789
2021-08-17,40.8102210116
2021-08-18,40.57849105
2021-08-19,40.1493614915
2021-08-20,40.3725088619
2021-08-23,40.8188036027
2021-08-24,40.8016384204
2021-08-25,40.8445513763
2021-08-26,40.6471517794
2021-08-27,41.084863929
2021-08-30,41.1535246584
2021-08-31,41.1449420672
2021-09-01,41.539741261
2021-09-02,41.694227902
2021-09-03,41.4281675758
2021-09-07,41.4796631228
2021-09-08,41.0162031996
2021-09-09,40.9132121056
2021-09-10,40.7758906469
2021-09-13,41.1535246584
2021-09-14,41.0247857908
2021-09-15,40.9561250615
2021-09-16,40.981872835
2021-09-17,40.2952655414
2021-09-20,39.3898605346
2021-09-21,39.9055471225
2021-09-22,40.4040441574
2021-09-23,40.9798941805
2021-09-24,40.5587501337
2021-09-27,40.5759396867
2021-09-28,39.5359717345
2021-09-29,39.3211023229
2021-09-30,38.9257426056
2021-10-01,39.1320172407
2021-10-04,38.7882261821
2021-10-05,39.1578015701
2021-10-06,38.8827687232
2021-10-07,39.3211023229
2021-10-08,39.2179650053
2021-10-11,38.9687164879
2021-10-12,38.9429321585
2021-10-13,39.527376958
2021-10-14,40.1462008635
2021-10-15,40.4556128162
2021-10-18,40.1977695222
2021-10-19,40.3610702751
2021-10-20,40.5157762514
2021-10-21,40.3954493809
2021-10-22,40.7048613336
2021-10-25,40.5243710279
2021-10-26,40.7736195453
2021-10-27,40.6790770042
2021-10-28,41.1775740391
2021-10-29,41.0400576157
2021-11-01,41.4440121095
2021-11-02,41.4783912154
2021-11-03,41.8909404857
2021-11-04,41.8135874975
2021-11-05,42.1144046737
2021-11-08,42.0800255679
2021-11-09,42.0714307914
2021-11-10,41.4697964389
2021-11-11,41.5987180859
2021-11-12,41.7104501799
2021-11-15,41.4955807683
2021-11-16,41.4955807683
2021-11-17,41.5041755448
2021-11-18,41.6159076388
2021-11-19,40.9455150746
2021-11-22,40.489991922
2021-11-23,40.3868546045
2021-11-24,40.0344687694
2021-11-26,38.6593045352
2021-11-29,38.7882261821
2021-11-30,38.4788142294
2021-12-01,38.5045985588
2021-12-02,38.9085530526
2021-12-03,38.5131933353
2021-12-06,39.0202851467
2021-12-07,40.1547956399
2021-12-08,40.1204165341
2021-12-09,39.527376958
2021-12-10,39.7078672638
2021-12-13,39.3211023229
2021-12-14,39.0890433584
2021-12-15,39.6648933815
2021-12-16,39.5531612874
2021-12-17,38.8483896174
2021-12-20,38.8928117195
2021-12-21,39.4673250529
2021-12-22,39.9983146489
2021-12-23,40.3029808105
2021-12-27,40.677284952
2021-12-28,40.6337612146
2021-12-29,40.6076469722
2021-12-30,40.5380089924
2021-12-31,40.6163517197
2022-01-03,40.9732463661
2022-01-04,41.1212270732
2022-01-05,40.9210178813
2022-01-06,40.7469229318
2022-01-07,40.842675154
2022-01-10,40.4335520227
2022-01-11,40.8165609116
2022-01-12,41.2430935379
2022-01-13,40.9036083863
2022-01-14,40.9123131338
2022-01-18,40.2855713156
2022-01-19,40.3377998004
2022-01-20,40.1550001035
2022-01-21,39.6501247499
2022-01-24,39.1365446489
2022-01-25,38.7013072751
2022-01-26,38.8754022246
2022-01-27,38.736126265
2022-01-28,38.901516467
2022-01-31,39.4586203054
2022-02-01,39.9199719216
2022-02-02,40.0418383863
2022-02-03,39.3976870731
2022-02-04,39.3367538408
2022-02-07,39.3628680832
2022-02-08,39.5804867701
2022-02-09,40.2594570732
2022-02-10,39.8068102044
2022-02-11,38.7274215175
2022-02-14,38.3095936387
2022-02-15,39.3715728307
2022-02-16,39.5282582852
2022-02-17,38.7709452549
2022-02-18,38.5968503054
2022-02-22,37.6654423255
2022-02-23,37.2998429316
2022-02-24,36.612167881
2022-02-25,37.5958043457
2022-02-28,36.3336159618
2022-03-01,34.8363993961
2022-03-02,35.5414839416
2022-03-03,34.5317332344
2022-03-04,32.729850507
2022-03-07,31.5111858605
2022-03-08,32.4338890929
2022-03-09,34.7058281839
2022-03-10,33.6699632344
2022-03-11,33.3827065677
2022-03-14,34.0964958607
2022-03-15,34.4272762647
2022-03-16,36.0724735376
2022-03-17,36.1159972749
2022-03-18,36.2378637396
2022-03-21,35.7402324769
2022-03-22,36.2637710385
2022-03-23,35.4261093399
2022-03-24,35.7402324769
2022-03-25,35.7751350476
2022-03-28,36.0543556139
2022-03-29,37.2410430203
2022-03-30,36.8571147418
2022-03-31,35.9060196881
2022-04-01,36.3248505374
2022-04-04,36.3859300363
2022-04-05,35.6180734791
2022-04-06,34.9025707782
2022-04-07,34.9287477063
2022-04-08,34.937473349
2022-04-11,34.7018809962
2022-04-12,34.4750142862
2022-04-13,34.8763938501
2022-04-14,34.6757040681
2022-04-18,34.6320758547
2022-04-19,34.8763938501
2022-04-20,35.3824811264
2022-04-21,35.050906704
2022-04-22,34.5011912142
2022-04-25,34.1608911492
2022-04-26,32.9829293854
2022-04-27,32.9916550281
2022-04-28,33.6286269448
2022-04-29,33.1225396685
2022-05-02,33.1138140258
2022-05-03,33.3755833066
2022-05-04,34.0998116503
2022-05-05,32.9305755292
2022-05-06,32.450665181
2022-05-09,31.5519239835
2022-05-10,31.8922240486
2022-05-11,31.8485958351
2022-05-12,31.7875163362
2022-05-13,32.764788318
2022-05-16,32.7298857472
2022-05-17,33.6722551583
2022-05-18,32.5117446799
2022-05-19,32.852044745
2022-05-20,32.9043986011
2022-05-23,33.7507859425
2022-05-24,33.5762730886
2022-05-25,33.6635295156
2022-05-26,34.3005014323
2022-05-27,34.9549246344
2022-05-31,34.7716861378
2022-06-01,34.1957937199
2022-06-02,35.1294374882
2022-06-03,34.6320758547
2022-06-06,34.9112964209
2022-06-07,34.9461989917
2022-06-08,34.4401117154
2022-06-09,33.4279371628
2022-06-10,32.3459574687
2022-06-13,31.1592700622
2022-06-14,30.8713238533
2022-06-15,31.6304547677
2022-06-16,30.7317135702
2022-06-17,30.8887751387
2022-06-21,31.3431210989
2022-06-22,31.1648832764
2022-06-23,31.0401168006
2022-06-24,32.0828080626
2022-06-27,31.8065394376
2022-06-28,31.5124470304
2022-06-29,31.2450902965
2022-06-30,31.0044692361
2022-07-01,30.9599097804
2022-07-05,29.8815709539
2022-07-06,29.8993947361
2022-07-07,30.3539011837
2022-07-08,30.3539011837
2022-07-11,29.7478925869
2022-07-12,29.6765974579
2022-07-13,29.7478925869
2022-07-14,29.2755623571
2022-07-15,29.9350423006
2022-07-18,30.1132801232
2022-07-19,31.3520329901
2022-07-20,30.9866454538
2022-07-21,31.3698567723
2022-07-22,31.1827070586
2022-07-25,31.4678875747
2022-07-26,30.7282006111
2022-07-27,31.6550372884
2022-07-28,31.9402178045
2022-07-29,32.5194907279
2022-08-01,32.4749312723
2022-08-02,31.8867464578
2022-08-03,32.4660193811
2022-08-04,32.7957593529
2022-08-05,32.5105788368
2022-08-08,32.5996977481
2022-08-09,32.3412529053
2022-08-10,33.0631160867
2022-08-11,33.00964474
2022-08-12,33.3393847117
2022-08-15,33.0363804133
2022-08-16,33.223530127
2022-08-17,32.8314069174
2022-08-18,32.662080986
2022-08-19,32.0293367158
2022-08-22,31.0490286917
2022-08-23,31.138147603
2022-08-24,31.2183546231
2022-08-25,31.5926540505
2022-08-26,30.4608438772
2022-08-29,30.5677865708
2022-08-30,30.4162844216
2022-08-31,30.1578395788
2022-09-01,29.7033331313
2022-09-02,29.4627120708
2022-09-06,29.4627120708
2022-09-07,30.1489276877
2022-09-08,29.9706898651
2022-09-09,30.8262314135
2022-09-12,31.5659183771
2022-09-13,30.3628130748
2022-09-14,30.5766984619
2022-09-15,30.2469584901
2022-09-16,30.1132801232
2022-09-19,30.2179039427
2022-09-20,29.590976475
2022-09-21,29.1521272476
2022-09-22,29.0446539674
2022-09-23,27.9251406323
2022-09-26,27.5489841516
2022-09-27,27.342993698
2022-09-28,28.0415700191
2022-09-29,27.6654135385
2022-09-30,27.5489841516
2022-10-03,28.2027799394
2022-10-04,29.8417474621
2022-10-05,29.4297665547
2022-10-06,28.7670146603
2022-10-07,28.0953066592
2022-10-10,27.9699211657
2022-10-11,27.6743696452
2022-10-12,27.6654135385
2022-10-13,28.5072875665
2022-10-14,28.0326139124
2022-10-17,28.9909173273
2022-10-18,29.393942128
2022-10-19,29.0804783941
2022-10-20,29.1163028209
2022-10-21,29.7074058618
2022-10-24,29.9402646356
2022-10-25,30.7104898101
2022-10-26,31.0060413306
2022-10-27,30.7104898101
2022-10-28,31.1672512509
2022-10-31,30.6925775968
2022-11-01,30.9612607972
2022-11-02,30.2268600494
2022-11-03,29.9581768489
2022-11-04,31.5702760515
2022-11-07,31.8747836787
2022-11-08,32.1703351992
2022-11-09,31.7941787186
2022-11-10,33.7734782951
2022-11-11,34.6063962165
2022-11-14,34.310844696
2022-11-15,34.5347473631
2022-11-16,34.6422206432
2022-11-17,34.6870011766
2022-11-18,34.8571672036
2022-11-21,34.5347473631
2022-11-22,34.9646404838
2022-11-23,35.296016431
2022-11-25,35.4124458178
2022-11-28,34.8661233103
2022-11-29,35.0631576572
2022-11-30,35.8692072586
2022-12-01,36.0483293922
2022-12-02,36.0841538189
2022-12-05,35.6005240581
2022-12-06,35.4661824579
2022-12-07,35.546787418
2022-12-08,35.6811290183
2022-12-09,35.546787418
2022-12-12,35.7079973383
2022-12-13,36.3528370194
2022-12-14,36.2632759525
2022-12-15,35.0362893372
2022-12-16,34.7138694967
2022-12-19,34.6478835895
2022-12-20,34.7378313662
2022-12-21,35.3134971372
2022-12-22,34.9177269196
2022-12-23,34.9537060303
2022-12-27,35.0346590293
2022-12-28,34.6119044788
2022-12-29,35.3134971372
2022-12-30,34.8097895876
2023-01-03,35.3224919148
2023-01-04,36.2939279033
2023-01-05,35.8891629081
2023-01-06,36.9685362287
2023-01-09,37.3733012239
2023-01-10,37.6881184423
2023-01-11,38.1198677706
2023-01-12,38.6505596532
2023-01-13,38.902413428
2023-01-17,38.8214604289
2023-01-18,38.5786014318
2023-01-19,38.299763324
2023-01-20,38.6775439862
2023-01-23,38.9383925386
2023-01-24,38.956382094
2023-01-25,39.1812515358
2023-01-26,39.2981836455
2023-01-27,39.0823089814
2023-01-30,38.7135230969
2023-01-31,39.1722567581
2023-02-01,39.7299329737
2023-02-02,39.9098285271
2023-02-03,39.4241105329
2023-02-06,38.9383925386
2023-02-07,39.2262254241
2023-02-08,38.9383925386
2023-02-09,39.0823089814
2023-02-10,38.7315126522
2023-02-13,39.3161732008
2023-02-14,39.4780791989
2023-02-15,39.6219956417
2023-02-16,39.4151157552
2023-02-17,39.5140583096
2023-02-21,38.8934186503
2023-02-22,38.7315126522
2023-02-23,39.1362776474
2023-02-24,38.1648416589
2023-02-27,38.8214604289
2023-02-28,38.5426223211
2023-03-01,38.7674917629
2023-03-02,38.9383925386
2023-03-03,39.559032198
2023-03-06,39.5770217533
2023-03-07,38.8034708736
2023-03-08,39.0193455377
2023-03-09,38.5786014318
2023-03-10,38.326747657
2023-03-13,37.8500244404
2023-03-14,38.6325700978
2023-03-15,37.2293847811
2023-03-16,37.9399722171
2023-03-17,37.3822960015
2023-03-20,38.1232857861
2023-03-21,38.917332922
2023-03-22,38.8541700816
2023-03-23,38.9534259736
2023-03-24,38.5834721944
2023-03-27,38.8992863962
2023-03-28,38.9895190252
2023-03-29,39.6752870062
2023-03-30,40.3700782502
2023-03-31,40.5144504567
2023-04-03,40.7310087665
2023-04-04,40.8483111843
2023-04-05,40.5685900341
2023-04-06,40.7851483439
2023-04-10,40.7941716068
2023-04-11,40.8844042359
2023-04-12,41.2453347522
2023-04-13,41.8228235783
2023-04-14,41.7506374751
2023-04-17,41.4167767475
2023-04-18,41.759660738
2023-04-19,41.7055211605
2023-04-20,41.6152885315
2023-04-21,41.9671957849
2023-04-24,42.0935214656
2023-04-25,41.3445906442
2023-04-26,41.4438465362
2023-04-27,41.958172522
2023-04-28,41.7957537896
2023-05-01,41.7145444234
2023-05-02,41.2543580151
2023-05-03,41.3536139071
2023-05-04,41.2002184377
2023-05-05,41.8679398929
2023-05-08,41.8408701042
2023-05-09,41.4438465362
2023-05-10,41.3897069588
2023-05-11,41.2092417006
2023-05-12,41.073892757
2023-05-15,41.263381278
2023-05-16,41.0017066537
2023-05-17,41.3084975926
2023-05-18,41.3716604329
2023-05-19,41.6964978976
2023-05-22,41.7055211605
2023-05-23,40.8934274988
2023-05-24,40.2166827807
2023-05-25,40.3159386727
2023-05-26,40.9295205505
2023-05-30,40.4422643534
2023-05-31,39.7384498466
2023-06-01,40.3069154098
2023-06-02,40.7310087665
2023-06-05,40.3249619356
2023-06-06,40.4332410905
2023-06-07,40.288868884
2023-06-08,40.8031948697
2023-06-09,40.4964039309
2023-06-12,40.9475670763
2023-06-13,41.2814278039
2023-06-14,41.5791954798
2023-06-15,42.0844982027
2023-06-16,42.147661043
2023-06-20,41.7095094427
2023-06-21,41.6910865145
2023-06-22,41.4884343044
2023-06-23,40.8712662097
2023-06-26,41.0370725635
2023-06-27,41.6542406581
2023-06-28,41.6910865145
2023-06-29,41.7095094427
2023-06-30,42.3543119297
2023-07-03,42.3543119297
2023-07-05,41.5252801608
2023-07-06,40.5396535021
2023-07-07,40.9357464584
2023-07-10,41.2581477019
2023-07-11,41.6726635863
2023-07-12,42.7596163501
2023-07-13,43.5057449422
2023-07-14,43.3399385884
2023-07-17,43.2201895551
2023-07-18,43.3399385884
2023-07-19,43.0083258808
2023-07-20,42.7596163501
2023-07-21,43.0635946654
2023-07-24,42.750404886
2023-07-25,42.5938099963
2023-07-26,42.5477526758
2023-07-27,42.6030214604
2023-07-28,43.3491500525
2023-07-31,43.3215156602
2023-08-01,42.6675017091
2023-08-02,41.7187209068
2023-08-03,41.543703089
2023-08-04,41.7002979786
2023-08-07,42.1700826477
2023-08-08,41.6634521222
2023-08-09,41.8108355478
2023-08-10,42.2161399682
2023-08-11,41.7555667632
2023-08-14,41.6910865145
2023-08-15,41.1015528122
2023-08-16,40.8252088892
2023-08-17,40.3646356842
2023-08-18,40.4199044688
2023-08-21,40.7238827841
2023-08-22,40.6501910713
2023-08-23,40.8804776738
2023-08-24,40.161983474
2023-08-25,40.5120191098
2023-08-28,40.991015243
2023-08-29,41.5897604094
2023-08-30,41.5805489453
2023-08-31,41.0647069558
2023-09-01,40.7699401046
2023-09-05,40.3093668996
2023-09-06,40.1159261535
2023-09-07,39.8211593023
2023-09-08,39.9224854074
2023-09-11,40.3830586124
2023-09-12,40.0975032253
2023-09-13,39.8580051587
2023-09-14,40.2909439714
2023-09-15,40.2356751868
2023-09-18,39.9773848123
2023-09-19,39.99585865
2023-09-20,39.9773848123
2023-09-21,39.3492743301
2023-09-22,39.3215635735
2023-09-25,38.9520868192
2023-09-26,38.3793978501
2023-09-27,38.2870286615
2023-09-28,38.7673484421
2023-09-29,38.8042961175
2023-10-02,38.1207641221
2023-10-03,37.8159457998
2023-10-04,38.1392379598
2023-10-05,38.2593179049
2023-10-06,38.8597176306
2023-10-09,38.5271885518
2023-10-10,39.1091144398
2023-10-11,39.3769850866
2023-10-12,38.8504807118
2023-10-13,38.2777917427
2023-10-16,38.7026900101
2023-10-17,38.7581115232
2023-10-18,38.0191580147
2023-10-19,37.9452626638
2023-10-20,37.5757859095
2023-10-23,37.8344196375
2023-10-24,38.0283949335
2023-10-25,37.7512873678
2023-10-26,37.5850228284
2023-10-27,37.2617306684
2023-10-30,37.8528934752
2023-10-31,38.0099210958
2023-11-01,38.3332132558
2023-11-02,39.2569051415
2023-11-03,39.543249626
2023-11-06,39.3215635735
2023-11-07,39.1645359529
2023-11-08,39.5340127072
2023-11-09,39.5709603826
2023-11-10,39.8850156237
2023-11-13,40.0143324877
2023-11-14,41.2428426957
2023-11-15,41.3259749654
2023-11-16,41.3444488031
2023-11-17,41.8801900968
2023-11-20,42.1018761494
2023-11-21,41.8247685837
2023-11-22,41.870953178
2023-11-24,42.3143252831
2023-11-27,42.1480607437
2023-11-28,42.1572976625
2023-11-29,42.3974575528
2023-11-30,42.2404299322
2023-12-01,42.5360113357
2023-12-04,42.4344052282
2023-12-05,42.5544851734
2023-12-06,42.5729590111
2023-12-07,42.8131189014
2023-12-08,43.1548848991
2023-12-11,43.3026756008
2023-12-12,43.4412293836
2023-12-13,44.0139183527
2023-12-14,44.189419811
2023-12-15,43.7460477059
2023-12-18,43.7728089072
2023-12-19,44.1709960836
2023-12-20,43.4950039004
2023-12-21,44.1987765843
2023-12-22,44.0876545816
2023-12-26,44.4117604229
2023-12-27,44.5969637608
2023-12-28,44.226557085
2023-12-29,44.2728579195
2024-01-02,43.6339064038
2024-01-03,43.0319955557
2024-01-04,43.2264590605
2024-01-05,43.1616378922
2024-01-08,43.7172479058
2024-01-09,43.2357192274
2024-01-10,43.4764835666
2024-01-11,43.4209225652
2024-01-12,43.4764835666
2024-01-16,42.6801092137
2024-01-17,42.4115643738
2024-01-18,43.0134752219
2024-01-19,43.1616378922
2024-01-22,43.1338573915
2024-01-23,43.0505158895
2024-01-24,43.9117114106
2024-01-25,44.143215583
2024-01-26,44.5414027594
2024-01-29,44.6895654297
2024-01-30,44.7821670986
2024-01-31,44.3098985871
2024-02-01,44.8469882669
2024-02-02,44.5599230932
2024-02-05,44.3932400891
2024-02-06,44.754386598
2024-02-07,44.7636467649
2024-02-08,44.921069602
2024-02-09,45.2451754433
2024-02-12,45.2359152764
2024-02-13,44.3469392546
2024-02-14,44.9488501027
2024-02-15,45.4859397826
2024-02-16,45.3840779467
2024-02-20,45.6804032873
2024-02-21,45.9767286279
2024-02-22,46.7082818126
2024-02-23,46.7360623132
2024-02-26,46.7916233146
2024-02-27,47.0138673201
2024-02-28,46.9120054842
2024-02-29,46.9583063187
2024-03-01,47.1435096566
2024-03-04,47.2916723269
2024-03-05,46.9768266525
2024-03-06,47.5509569999
2024-03-07,48.3658516866
2024-03-08,47.9213636757
2024-03-11,47.8195018398
2024-03-12,48.3751118535
2024-03-13,48.5695753582
2024-03-14,48.1899085156
2024-03-15,48.2639898507
2024-03-18,48.0129207978
2024-03-19,48.133532966
2024-03-20,48.8015388205
2024-03-21,48.5788702023
2024-03-22,48.3283680069
2024-03-25,48.4768137523
2024-03-26,48.5788702023
2024-03-27,48.9778181433
2024-03-28,48.7551495251
2024-04-01,48.8664838342
2024-04-02,48.3098122887
2024-04-03,48.7180380887
2024-04-04,48.1520886841
2024-04-05,48.2263115569
2024-04-08,48.541758766
2024-04-09,48.2541451341
2024-04-10,47.6603621523
2024-04-11,47.6418064341
2024-04-12,46.6305197932
2024-04-15,46.6583533704
2024-04-16,46.5191854841
2024-04-17,46.5841304977
2024-04-18,46.5562969204
2024-04-19,46.5006297659
2024-04-22,47.0109120159
2024-04-23,47.8644750523
2024-04-24,47.6603621523
2024-04-25,47.428415675
2024-04-26,47.938697925
2024-04-29,47.7902521796
2024-04-30,46.8531884113
2024-05-01,46.7047426659
2024-05-02,47.0758570295
2024-05-03,47.5211942659
2024-05-06,47.9850872205
2024-05-07,48.337645866
2024-05-08,48.5788702023
2024-05-09,49.052041016
2024-05-10,49.2283203387
2024-05-13,49.2747096342
2024-05-14,49.5901568433
2024-05-15,50.0262162206
2024-05-16,49.5159339706
2024-05-17,49.6551018569
2024-05-20,49.5901568433
2024-05-21,49.5344896888
2024-05-22,49.0798745933
2024-05-23,48.8943174114
2024-05-24,49.358210366
2024-05-28,49.3953218024
2024-05-29,48.5046473296
2024-05-30,48.8572059751
2024-05-31,49.1077081705
2024-06-03,49.256153916
2024-06-04,48.8943174114
2024-06-05,49.7014911524
2024-06-06,49.9334376297
2024-06-07,49.2283203387
2024-06-10,48.9128731296
2024-06-11,48.3005344296
2024-06-12,49.1819310433
2024-06-13,48.0778658114
2024-06-14,46.816076975
2024-06-17,47.530472125
2024-06-18,47.6789178705
2024-06-20,47.7902521796
2024-06-21,47.3820263796
2024-06-24,47.8122843116
2024-06-25,47.8501854485
2024-06-26,47.4616987944
2024-06-27,47.4711740787
2024-06-28,47.4048470889
2024-07-01,47.9354630068
2024-07-02,47.7175314691
2024-07-03,48.5324059144
2024-07-05,48.864040863
2024-07-08,48.5797823356
2024-07-09,47.9638888595
2024-07-10,48.6555846096
2024-07-11,48.7787633048
2024-07-12,49.5746871815
2024-07-15,48.939843137
2024-07-16,48.9114172842
2024-07-17,48.2576226712
2024-07-18,47.8880865855
2024-07-19,47.4332729417
2024-07-22,48.3713260821
2024-07-23,48.0491664177
2024-07-24,47.3195695307
2024-07-25,47.1205885615
2024-07-26,47.8028090273
2024-07-29,47.177440267
2024-07-30,47.3100942465
2024-07-31,47.6701550479
2024-08-01,46.3625658217
2024-08-02,45.9077521779
2024-08-05,45.2160564278
2024-08-06,45.2350069963
2024-08-07,45.4624138182
2024-08-08,46.2014859895
2024-08-09,46.2867635478
2024-08-12,46.1162084313
2024-08-13,46.8647558868
2024-08-14,47.1963908355
2024-08-15,47.944938291
2024-08-16,48.3239496609
2024-08-19,48.9587937055
2024-08-20,48.9493184212
2024-08-21,49.4325579178
2024-08-22,48.977744274
2024-08-23,49.783143435
2024-08-26,49.5462613288
2024-08-27,49.6883905925
2024-08-28,49.5083601918
2024-08-29,49.6410141713
2024-08-30,49.7736681507
2024-09-03,48.8829914315
2024-09-04,48.6650598938
2024-09-05,48.4281777876
2024-09-06,47.5280257841
2024-09-09,47.9165124383
2024-09-10,47.5848774896
2024-09-11,48.096542839
2024-09-12,48.4376530719
2024-09-13,48.6650598938
2024-09-16,48.939843137
2024-09-17,48.9114172842
2024-09-18,48.788238589
2024-09-19,49.9536985514
2024-09-20,49.3093792226
2024-09-23,49.2947380134
2024-09-24,50.0255225392
2024-09-25,49.560477841
2024-09-26,51.0695004332
2024-09-27,51.0695004332
2024-09-30,50.52853007
2024-10-01,49.7408012954
2024-10-02,49.6269127979
2024-10-03,49.1049238509
2024-10-04,49.4655707597
2024-10-07,49.2567751809
2024-10-08,49.266265889
2024-10-09,49.4655707597
2024-10-10,49.342191554
2024-10-11,49.6553849222
2024-10-14,49.9495968742
2024-10-15,48.6493698607
2024-10-16,48.3931207413
2024-10-17,48.4595556982
2024-10-18,49.114414559
2024-10-21,48.4880278226
2024-10-22,48.3077043682
2024-10-23,48.0040017081
2024-10-24,48.3836300332
2024-10-25,48.1938158706
2024-10-28,48.6873326933
2024-10-29,48.4975185307
2024-10-30,48.0324738325
2024-10-31,47.6908083399
2024-11-01,47.8616410862
2024-11-04,47.776224713
2024-11-05,48.2127972869
2024-11-06,46.8651167328
2024-11-07,47.7192804643
2024-11-08,46.8461353166
2024-11-11,46.6753025703
2024-11-12,45.7072503413
2024-11-13,45.4699826381
2024-11-14,45.8591016713
2024-11-15,45.7262317575
2024-11-18,45.8780830876
2024-11-19,45.6028525519
2024-11-20,45.3845662649
2024-11-21,45.2896591837
2024-11-22,45.2706777674
2024-11-25,45.5079454706
2024-11-26,45.2042428105
2024-11-27,45.4130383893
2024-11-29,46.0963693745
2024-12-02,46.2292392883
2024-12-03,46.5424326565
2024-12-04,46.8746074409
2024-12-05,47.472522053
2024-12-06,47.6338640911
2024-12-09,47.6148826749
2024-12-10,47.1972915173
2024-12-11,47.3491428473
2024-12-12,47.0549308954
2024-12-13,47.3491428473
2024-12-16,47.102384436
2024-12-17,47.1118751441
2024-12-18,45.9160459201
2024-12-19,45.8021574225
2024-12-20,45.8211388388
2024-12-23,46.0835777981
2024-12-24,46.2454416044
2024-12-26,46.4453910122
2024-12-27,46.2549630048
2024-12-30,45.8741069899
2024-12-31,45.8455427888
2025-01-02,45.3789941706
2025-01-03,45.645593381
2025-01-06,46.8167256267
2025-01-07,46.9595466323
2025-01-08,46.7500758241
2025-01-10,46.3596984089
2025-01-13,46.1787918018
2025-01-14,46.6167762189
2025-01-15,47.0928462375
2025-01-16,47.8164726657
2025-01-17,48.0164220735
2025-01-21,49.0923403155
2025-01-22,49.1970757196
2025-01-23,49.5779317344
2025-01-24,49.6636243378
2025-01-27,49.7397955407
2025-01-28,49.4351107288
2025-01-29,49.5493675333
2025-01-30,50.0730445537
2025-01-31,49.6255387363
2025-02-03,48.7114843006
2025-02-04,49.7588383415
2025-02-05,50.054001753
2025-02-06,50.4729433693
2025-02-07,49.9397449485
2025-02-10,50.3777293656
2025-02-11,50.9014063861
2025-02-12,51.5488616113
2025-02-13,52.0439744306
2025-02-14,52.3962662444
2025-02-18,52.6819082555
2025-02-19,51.8249822221
2025-02-20,52.1772740358
2025-02-21,51.8440250228
2025-02-24,51.7107254176
2025-02-25,52.2439238384
2025-02-26,52.3962662444
2025-02-27,51.2727410005
2025-02-28,51.4726904083
2025-03-03,52.4819588477
2025-03-04,52.6343012537
2025-03-05,54.3195891194
2025-03-06,53.8435191009
2025-03-07,54.5100171269
2025-03-10,53.0342000693
2025-03-11,53.1198926726
2025-03-12,53.129414073
2025-03-13,52.5200444492
2025-03-14,53.7768692983
2025-03-17,54.3957603224
2025-03-18,54.6052311306
2025-03-19,54.7004451343
2025-03-20,53.8530405012
2025-03-21,53.3293634808
2025-03-24,53.3349096965
2025-03-25,53.8504073023
2025-03-26,52.8098658387
2025-03-27,52.7716808309
2025-03-28,52.513932028
2025-03-31,51.9411569105
2025-04-01,52.1416282016
2025-04-02,52.4184695084
2025-04-03,51.1488179978
2025-04-04,47.9890085993
2025-04-07,46.6716258289
2025-04-08,46.0320269477
2025-04-09,50.2037390539
2025-04-10,49.4114001412
2025-04-11,50.3564790852
2025-04-14,50.7001441557
2025-04-15,51.0342629743
2025-04-16,50.881522943
2025-04-17,51.3301967851
2025-04-21,50.7192366597
2025-04-22,52.1034431938
2025-04-23,52.762134579
2025-04-24,53.5162884837
2025-04-25,53.8694998062
2025-04-28,54.1177023572
2025-04-29,53.9458698219
2025-04-30,53.697667271
2025-05-01,53.7453985308
2025-05-02,54.8050324982
2025-05-05,54.9291337737
2025-05-06,54.86231001
2025-05-07,54.6141074591
2025-05-08,54.6522924669
2025-05-09,55.1296050649
2025-05-12,55.3873538678
2025-05-13,55.8455739618
2025-05-14,55.7119264344
2025-05-15,55.9696752373
2025-05-16,56.1319615206
2025-05-19,56.7715604018
2025-05-20,57.0197629528
2025-05-21,56.7906529058
2025-05-22,56.7620141499
2025-05-23,56.1319615206
2025-05-27,57.0579479606
2025-05-28,56.3706178196
2025-05-29,56.6283666225
2025-05-30,56.504265347
2025-06-02,57.210687992
2025-06-03,56.8383841656
2025-06-04,57.210687992
2025-06-05,57.210687992
2025-06-06,57.4111592831
2025-06-09,57.3347892674
2025-06-10,57.430251787
2025-06-11,57.3538817714
2025-06-12,57.668908086
2025-06-13,56.5138115989
2025-06-16,57.0674942126
2025-06-17,56.1319615206
2025-06-18,56.0555915049
2025-06-20,55.8455739618
2025-06-23,56.398806947
2025-06-24,57.3029767532
2025-06-25,56.8557529781
2025-06-26,57.2057541934
2025-06-27,57.8377008322
2025-06-30,58.0710349757
2025-07-01,57.8474230882
2025-07-02,58.3627026552
2025-07-03,58.2557578394
2025-07-07,57.954367904
2025-07-08,58.6154813107
2025-07-09,59.5390956289
2025-07-10,59.1307608777
2025-07-11,58.4113139351
2025-07-14,58.3724249112
2025-07-15,57.6432557126
2025-07-16,57.7988118083
2025-07-17,57.9738124159
2025-07-18,57.5946444327
2025-07-21,57.7988118083
2025-07-22,57.7890895523
2025-07-23,59.1599276456
2025-07-24,58.3821471671
2025-07-25,58.6349258226
2025-07-28,57.4974218728
2025-07-29,57.6335334566
2025-07-30,57.2154764494
2025-07-31,56.2626953632
2025-08-01,55.5626929326
2025-08-04,56.2821398752
2025-08-05,56.4182514589
2025-08-06,56.884919746
2025-08-07,57.6627002245
2025-08-08,57.8960343681
2025-08-11,57.439088337
2025-08-12,58.0029791839
2025-08-13,58.6252035667
2025-08-14,58.8682599662
2025-08-15,59.2668724614
2025-08-18,58.9168712461
2025-08-19,59.0821495978
2025-08-20,59.2182611815
2025-08-21,58.7515928944
2025-08-22,59.6654849567
2025-08-25,58.5377032628
2025-08-26,58.2946468633
2025-08-27,58.2071465595
2025-08-28,58.5182587509
2025-08-29,58.1390907676
2025-09-02,57.4876996169
2025-09-03,57.6627002245
2025-09-04,57.8765898561
2025-09-05,57.944645648
2025-09-08,58.4890919829
2025-09-09,58.459925215
2025-09-10,58.1585352796
2025-09-11,58.7710374064
2025-09-12,58.7515928944
2025-09-15,59.4127063011
2025-09-16,59.2765947174
2025-09-17,58.9168712461
2025-09-18,59.6752072126
2025-09-19,59.5877069088
2025-09-22,59.6485001755
2025-09-23,59.8236793243
2025-09-24,59.5025175514
2025-09-25,59.0256409796
2025-09-26,59.862608024
2025-09-29,60.0864480475
2025-09-30,60.456270695
2025-10-01,61.1959159901
2025-10-02,61.6241316872
2025-10-03,61.7603821363
2025-10-06,61.4294881885
2025-10-07,60.757968118
2025-10-08,61.1569872904
2025-10-09,60.5146637447
2025-10-10,59.4538566768
2025-10-13,59.9793941232
2025-10-14,60.3589489457
2025-10-15,60.5146637447
2025-10-16,61.059665541
2025-10-17,61.2348446898
2025-10-20,61.7019890867
2025-10-21,61.21538034
2025-10-22,60.8650220423
2025-10-23,61.2835055645
2025-10-24,61.3127020893
2025-10-27,61.8674360606
2025-10-28,61.7895786611
2025-10-29,61.6143995123
2025-10-30,61.1472551154
2025-10-31,60.8066289927
2025-11-03,60.8650220423
2025-11-04,60.2032341467
2025-11-05,60.7190394183
2025-11-06,60.2810915462
2025-11-07,60.5049315697
2025-11-10,61.3029699144
2025-11-11,61.8966325854
2025-11-12,62.4902952564
2025-11-13,62.0134186846
2025-11-14,61.5170777629
2025-11-17,60.5438602695
2025-11-18,59.7944827995
2025-11-19,59.6874288752
2025-11-20,58.8407296559
2025-11-21,59.424660152
2025-11-24,59.3468027525
2025-11-25,60.310288071
2025-11-26,61.0499333661
2025-11-28,61.3905594888
2025-12-01,61.2932377394
2025-12-02,61.7798464862
2025-12-03,62.1691334836
2025-12-04,62.1204726089
2025-12-05,62.1302047838
2025-12-08,62.0912760841
2025-12-09,61.9160969353
2025-12-10,62.558420481
2025-12-11,63.2104762016
2025-12-12,62.7141352799
2025-12-15,62.996368353
2025-12-16,62.8114570293
2025-12-17,62.0912760841
2025-12-18,62.5681526559
2025-12-19,62.8893144287
2025-12-22,63.0196623137
2025-12-23,63.1570027982
2025-12-24,63.3041533173
2025-12-26,63.4905439749
2025-12-29,63.0981425906
2025-12-30,63.5003540095
2025-12-31,63.1668128328
2026-01-02,64.1281962243
2026-01-05,64.7462284045
2026-01-06,64.7560384391
2026-01-07,64.5009775394
2026-01-08,64.3636370549
2026-01-09,65.1484398234
2026-01-12,65.6095114499
2026-01-13,65.4917910346
2026-01-14,65.383880654
2026-01-15,65.1484398234
2026-01-16,65.3250204463
2026-01-20,64.0595259821
2026-01-21,64.7462284045
2026-01-22,65.0993896504
2026-01-23,65.4231207924
2026-01-26,66.031342938
2026-01-27,67.0417765025
2026-01-28,66.1196332495
2026-01-29,66.1784934571
2026-01-30,65.5310311731
2026-02-02,66.1000131803
2026-02-03,65.8057121421
2026-02-04,65.5898913807
2026-02-05,64.9031889582
2026-02-06,66.2177335955
2026-02-09,67.179116987
2026-02-10,66.8848159488
2026-02-11,67.1006367101
2026-02-12,66.4041242531
2026-02-13,66.256973734
2026-02-17,66.580704876
2026-02-18,66.9731062603
2026-02-19,66.4924145645
2026-02-20,67.3949377483
2026-02-23,67.2183571254
2026-02-24,67.3360775407
2026-02-25,68.0227799632
2026-02-26,67.8461993403
2026-02-27,67.2477872292
2026-03-02,65.2857803079
2026-03-03,63.1275726944
2026-03-04,63.8927553937
2026-03-05,62.489920445
2026-03-06,61.8816982994
2026-03-09,62.5585906872
2026-03-10,62.6076408603
2026-03-11,62.6566910333
2026-03-12,61.5285370535
2026-03-13,60.7241142158
2026-03-16,61.6854976072
2026-03-17,61.9601785762
2026-03-18,60.6358239043
2026-03-19,60.9791751155
2026-03-20,58.8602076405
2026-03-23,60.5980680241
2026-03-24,60.0675401912
2026-03-25,60.7552614561
2026-03-26,59.3994681053
2026-03-27,58.7510451985
2026-03-30,58.780518967
2026-03-31,60.991051604
2026-04-01,61.9342121958
2026-04-02,61.3545614155
2026-04-06,61.7671941744
2026-04-07,61.7573695849
2026-04-08,64.5475530023
2026-04-09,64.6163251288
2026-04-10,64.7833431503
2026-04-13,65.2549234462
2026-04-14,65.9524693006
2026-04-15,65.5005381836
2026-04-16,65.1173791932
2026-04-17,66.4240495965
2026-04-20,66.178434859
2026-04-21,64.6752726658
2026-04-22,64.7833431503
2026-04-23,64.0956218854
2026-04-24,64.8717644558
2026-04-27,64.4591316968
2026-04-28,64.0072005799
2026-04-29,63.3882514416
2026-04-30,64.8128169188
2026-05-01,64.8324660978
2026-05-04,63.1426367041
2026-05-05,64.5966759498
2026-05-06,66.7777348184
2026-05-07,65.3629939307
2026-05-08,65.9033463531
2026-05-11,65.5005381836
2026-05-12,64.8029923293
2026-05-13,65.1665021407
2026-05-14,65.1763267302
2026-05-15,63.81070879
2026-05-18,64.7243956133
2026-05-19,64.0956218854
2026-05-20,65.9229955321
2026-05-21,66.3061545225
2026-05-22,66.0114168375
2026-05-26,67.0921216823
2026-05-27,67.0037003769
2026-05-28,66.8366823554
2026-05-29,66.7187872814
2026-06-01,66.7384364604
2026-06-02,67.2787888828
2026-06-03,66.433874186
2026-06-04,67.2198413458
2026-06-05,65.7068545631
2026-06-08,66.119487322
2026-06-09,66.5026463124
2026-06-10,65.4808890046
2026-06-11,67.7110708207
2026-06-12,67.7700183577
2026-06-15,68.3889674961
2026-06-16,68.624757644
2026-06-17,68.0254576846
2026-06-18,68.8310740235
2026-06-22,68.4298623499
2026-06-23,67.2317906425
2026-06-24,66.8324334068
2026-06-25,67.4813889149
2026-06-26,67.002160232
2026-06-29,67.7908907726
2026-06-30,68.5696373824
2026-07-01,67.7908907726
2026-07-02,68.8791392401
2026-07-06,69.4182715084
2026-07-07,68.509733797
2026-07-08,67.7010353946
2026-07-09,68.0305051141
2026-07-10,67.9706015287
2026-07-13,67.3615817442
2026-07-14,67.7908907726
2026-07-15,68.3000712482
2026-07-16,67.9007140125
2026-07-17,67.6111800165
2026-07-20,67.0720477482
2026-07-21,68.0704408377
2026-07-22,68.32003911
2026-07-23,67.0820316791
2026-07-24,67.5812282238
2026-07-27,68.0604569068
2026-07-28,68.0804247686
2026-07-29,67.6511157401
2026-07-30,69.5879983336
2026-07-31,69.6578858499
2026-08-03,70.3567610125
2026-08-04,71.2353469312
2026-08-05,71.1155397604
2026-08-06,71.1055558295
2026-08-07,71.7445274068
2026-08-10,71.5847845125
2026-08-11,71.7145756141
2026-08-12,71.7644952686
2026-08-13,71.9242381629
2026-08-14,71.9841417483
2026-08-17,71.7944470613
2026-08-18,71.2253630003
2026-08-19,71.4849452035
2026-08-20,71.1654594149
2026-08-21,71.6446880978
2026-08-24,71.4849452035
2026-08-25,71.6946077523
2026-08-26,71.5548327198
2026-08-27,71.2253630003
2026-08-28,71.2453308621
2026-08-31,70.7261664556
2026-09-01,69.8775323295
2026-09-02,70.0472591547
2026-09-03,70.4765681832
2026-09-04,70.5364717686
2026-09-08,70.3467770816
2026-09-09,69.5979822645
2026-09-10,68.9290588946
2026-09-11,69.5879983336
2026-09-14,68.7693160003
2026-09-15,68.509733797
2026-09-16,68.1702801466
2026-09-17,68.7693160003
2026-09-18,68.0704408377
2026-09-21,68.97
2026-09-22,69.03
