# FXI | Tiingo | fetched 2026-09-16
date,value
2015-01-02,31.6453751575
2015-01-05,31.5314882507
2015-01-06,31.1442727678
2015-01-07,31.9642584964
2015-01-08,32.2224021517
2015-01-09,32.1009227845
2015-01-12,31.8124092874
2015-01-13,32.2679569144
2015-01-14,31.9262961941
2015-01-15,32.2451795331
2015-01-16,32.0553680218
2015-01-20,31.7061148411
2015-01-21,32.715912081
2015-01-22,33.3005315357
2015-01-23,33.2170144707
2015-01-26,33.2018295498
2015-01-27,32.564062872
2015-01-28,31.9718509569
2015-01-29,32.1844398495
2015-01-30,31.3113068977
2015-02-02,31.8427791292
2015-02-03,32.4881382675
2015-02-04,32.7614668437
2015-02-05,32.6551723974
2015-02-06,31.9187037337
2015-02-09,31.8427791292
2015-02-10,31.9870358778
2015-02-11,31.9718509569
2015-02-12,32.4273985839
2015-02-13,32.632395016
2015-02-17,32.7538743832
2015-02-18,32.7235045414
2015-02-19,32.6931346996
2015-02-20,32.8981311318
2015-02-23,32.6248025556
2015-02-24,33.0272029595
2015-02-25,32.8297989878
2015-02-26,33.2321993916
2015-02-27,33.2246069312
2015-03-02,33.2929390752
2015-03-03,32.4198061234
2015-03-04,31.9035188128
2015-03-05,31.6605600784
2015-03-06,31.3264918186
2015-03-09,31.6909299202
2015-03-10,30.9544612565
2015-03-11,31.030385861
2015-03-12,31.3416767395
2015-03-13,31.5011184089
2015-03-16,32.0705529427
2015-03-17,32.2072172308
2015-03-18,32.7690593041
2015-03-19,32.7614668437
2015-03-20,32.9057235923
2015-03-23,32.799429146
2015-03-24,32.6475799369
2015-03-25,32.2755493749
2015-03-26,32.2451795331
2015-03-27,32.7235045414
2015-03-30,33.9686680553
2015-03-31,33.7105244
2015-04-01,34.317921236
2015-04-02,34.6671744168
2015-04-06,35.092352202
2015-04-07,35.2062391087
2015-04-08,37.3700903371
2015-04-09,38.8126578227
2015-04-10,38.5621066278
2015-04-13,38.9796919526
2015-04-14,38.7139558369
2015-04-15,38.9796919526
2015-04-16,39.6554209327
2015-04-17,37.9850796336
2015-04-20,38.2735931307
2015-04-21,39.1011713198
2015-04-22,39.7769002999
2015-04-23,39.3669074356
2015-04-24,39.4200546587
2015-04-27,40.0206182804
2015-04-28,40.0198590343
2015-04-29,39.4656094214
2015-04-30,38.9720994922
2015-05-01,39.3289451333
2015-05-04,39.6402360118
2015-05-05,38.2128534471
2015-05-06,37.4384224812
2015-05-07,37.4232375603
2015-05-08,38.3495177352
2015-05-11,38.0154494754
2015-05-12,37.8028605828
2015-05-13,37.3624978767
2015-05-14,37.7041585969
2015-05-15,38.4178498793
2015-05-18,37.8484153455
2015-05-19,38.3647026561
2015-05-20,37.9926720941
2015-05-21,37.8408228851
2015-05-22,38.9796919526
2015-05-26,39.1770959243
2015-05-27,39.1391336221
2015-05-28,37.7193435178
2015-05-29,37.0208371564
2015-06-01,37.4308300207
2015-06-02,37.4384224812
2015-06-03,37.6965661365
2015-06-04,37.4611998625
2015-06-05,37.1726863654
2015-06-08,37.5143470857
2015-06-09,36.9980597751
2015-06-10,36.6488065943
2015-06-11,36.9676899332
2015-06-12,37.2789808117
2015-06-15,36.1477042046
2015-06-16,35.6769716567
2015-06-17,35.783266103
2015-06-18,35.851598247
2015-06-19,35.5251224477
2015-06-22,35.9882625351
2015-06-23,36.8234331847
2015-06-24,36.906402074
2015-06-25,36.2958743308
2015-06-26,35.2656087643
2015-06-29,34.3421855527
2015-06-30,35.1816611996
2015-07-01,34.8992921184
2015-07-02,34.9603448927
2015-07-06,33.4569203251
2015-07-07,32.0221801287
2015-07-08,29.7250694951
2015-07-09,31.213230869
2015-07-10,32.6327078719
2015-07-13,32.7471818237
2015-07-14,32.6021814847
2015-07-15,31.8466534026
2015-07-16,32.4648127425
2015-07-17,32.6937606462
2015-07-20,32.4877075329
2015-07-21,32.6250762751
2015-07-22,32.2892860164
2015-07-23,32.2816544196
2015-07-24,31.8542849994
2015-07-27,30.6255979162
2015-07-28,31.1292833044
2015-07-29,31.4955999502
2015-07-30,31.0148093525
2015-07-31,30.8927038039
2015-08-03,30.4424395933
2015-08-04,30.6561243034
2015-08-05,30.8621774167
2015-08-06,30.6103347227
2015-08-07,30.9308617878
2015-08-10,31.6253370957
2015-08-11,31.213230869
2015-08-12,30.5340187548
2015-08-13,30.7629666585
2015-08-14,30.8545458199
2015-08-17,30.6561243034
2015-08-18,30.0150701731
2015-08-19,29.3434896556
2015-08-20,28.6184879606
2015-08-21,27.9011178624
2015-08-24,26.1229558104
2015-08-25,26.71822036
2015-08-26,27.3134849096
2015-08-27,28.5955931702
2015-08-28,27.7484859266
2015-08-31,27.4050640711
2015-09-01,26.1611137944
2015-09-02,26.4587460692
2015-09-03,26.611378005
2015-09-04,25.6269020191
2015-09-08,27.4355904582
2015-09-09,27.4661168454
2015-09-10,27.5195380229
2015-09-11,27.733222733
2015-09-14,27.4584852486
2015-09-15,27.8171702977
2015-09-16,28.6490143478
2015-09-17,28.3208556858
2015-09-18,27.6950647491
2015-09-21,28.0919077821
2015-09-22,27.6034855876
2015-09-23,27.2142741513
2015-09-24,27.0005894412
2015-09-25,26.9090102798
2015-09-28,26.4129564884
2015-09-29,26.3976932949
2015-09-30,27.0616422156
2015-10-01,27.2524321353
2015-10-02,28.2445397179
2015-10-05,28.748225106
2015-10-06,28.3208556858
2015-10-07,29.5037531882
2015-10-08,29.6411219304
2015-10-09,29.5037531882
2015-10-12,29.5266479786
2015-10-13,29.1450681391
2015-10-14,29.2671736877
2015-10-15,30.23638648
2015-10-16,30.343228835
2015-10-19,30.053228157
2015-10-20,30.091386141
2015-10-21,29.6487535272
2015-10-22,30.2974392543
2015-10-23,30.8087562392
2015-10-26,30.1371757217
2015-10-27,29.9005962212
2015-10-28,29.5800691561
2015-10-29,29.2900684781
2015-10-30,29.2061209134
2015-11-02,29.4503320107
2015-11-03,29.4808583978
2015-11-04,29.8548066405
2015-11-05,29.9998069795
2015-11-06,29.7250694951
2015-11-09,29.1298049455
2015-11-10,28.931383429
2015-11-11,28.9390150258
2015-11-12,28.9161202354
2015-11-13,28.3361188794
2015-11-16,28.7634882996
2015-11-17,28.6337511542
2015-11-18,28.8321726707
2015-11-19,28.8703306547
2015-11-20,29.3587528492
2015-11-23,29.038225784
2015-11-24,29.0458573808
2015-11-25,28.9771730097
2015-11-27,28.1834869436
2015-11-30,28.5803299767
2015-12-01,28.7176987189
2015-12-02,28.4734876216
2015-12-03,28.2674345083
2015-12-04,28.5116456056
2015-12-07,28.0842761853
2015-12-08,27.6569067651
2015-12-09,27.3669060871
2015-12-10,27.1074317963
2015-12-11,26.3519037141
2015-12-14,26.7411151504
2015-12-15,27.1990109578
2015-12-16,27.6798015555
2015-12-17,27.3440112968
2015-12-18,27.607301386
2015-12-21,27.8894720457
2015-12-22,27.9362533799
2015-12-23,28.4937309452
2015-12-24,28.4274573885
2015-12-28,27.967440936
2015-12-29,28.0610036043
2015-12-30,27.6087840408
2015-12-31,27.5152213725
2016-01-04,26.6263760235
2016-01-05,26.478235132
2016-01-06,25.9012653441
2016-01-07,24.9110604378
2016-01-08,24.6537630999
2016-01-11,24.5212159865
2016-01-12,24.4822315414
2016-01-13,24.0300119779
2016-01-14,24.373075095
2016-01-15,23.2308308527
2016-01-19,23.8116990851
2016-01-20,22.9696350703
2016-01-21,23.1255728509
2016-01-22,23.9598399766
2016-01-25,23.3789717442
2016-01-26,23.5466048583
2016-01-27,23.2191355192
2016-01-28,23.5621986363
2016-01-29,24.3262937609
2016-02-01,23.8039021961
2016-02-02,23.1957448521
2016-02-03,23.5699955253
2016-02-04,23.3516826326
2016-02-05,23.180151074
2016-02-08,22.7201346215
2016-02-09,22.5096186178
2016-02-10,22.6655563983
2016-02-11,22.1743523897
2016-02-12,22.6655563983
2016-02-16,23.6167768595
2016-02-17,23.9832306437
2016-02-18,23.757120862
2016-02-19,23.7493239729
2016-02-22,24.4198564292
2016-02-23,23.8116990851
2016-02-24,23.7415270839
2016-02-25,23.6635581936
2016-02-26,23.7181364168
2016-02-29,23.6089799705
2016-03-01,24.4588408743
2016-03-02,24.9890293281
2016-03-03,25.0124199951
2016-03-04,25.7219368965
2016-03-07,25.4256551135
2016-03-08,24.8408884366
2016-03-09,24.9344511049
2016-03-10,24.7395288792
2016-03-11,25.6205773392
2016-03-14,25.6517648953
2016-03-15,25.4958271147
2016-03-16,25.7843120087
2016-03-17,26.0844922362
2016-03-18,26.2599222393
2016-03-21,26.2833129064
2016-03-22,26.0727969027
2016-03-23,25.7063431184
2016-03-24,25.5270146708
2016-03-28,25.7375306745
2016-03-29,25.9948280124
2016-03-30,26.3846724637
2016-03-31,26.326195796
2016-04-01,26.181953349
2016-04-04,25.862280899
2016-04-05,25.277514222
2016-04-06,25.7531244526
2016-04-07,25.261920444
2016-04-08,25.5893897831
2016-04-11,25.8934684551
2016-04-12,26.2521253503
2016-04-13,27.2813147017
2016-04-14,27.2267364785
2016-04-15,26.8836733614
2016-04-18,27.0552049199
2016-04-19,27.382674259
2016-04-20,27.070798698
2016-04-21,26.8836733614
2016-04-22,26.782313804
2016-04-25,26.462641354
2016-04-26,26.6185791345
2016-04-27,26.8135013601
2016-04-28,26.5640009113
2016-04-29,26.1429689039
2016-05-02,26.0961875697
2016-05-03,25.4607411141
2016-05-04,25.1449671086
2016-05-05,25.1839515537
2016-05-06,25.0358106622
2016-05-09,24.6537630999
2016-05-10,25.2229359988
2016-05-11,24.8019039914
2016-05-12,24.7551226573
2016-05-13,24.357481317
2016-05-16,24.8330915475
2016-05-17,24.6810522115
2016-05-18,24.4900284304
2016-05-19,24.357481317
2016-05-20,24.669356878
2016-05-23,24.6147786548
2016-05-24,25.0903888854
2016-05-25,25.5504053379
2016-05-26,25.4568426696
2016-05-27,25.6049835611
2016-05-31,26.2365315722
2016-06-01,26.0688984581
2016-06-02,26.2989066844
2016-06-03,26.3300942405
2016-06-06,26.6653604686
2016-06-07,27.0084235858
2016-06-08,27.086392476
2016-06-09,26.9304546955
2016-06-10,26.2053440161
2016-06-13,25.6517648953
2016-06-14,25.7219368965
2016-06-15,25.7609213416
2016-06-16,25.6868508959
2016-06-17,25.581592894
2016-06-20,26.0338124575
2016-06-21,26.2944850686
2016-06-22,26.5143911564
2016-06-23,27.1584018421
2016-06-24,25.5091061837
2016-06-27,25.4305682952
2016-06-28,26.0431638255
2016-06-29,26.5143911564
2016-06-30,26.8756654435
2016-07-01,27.0798639536
2016-07-05,26.4672684233
2016-07-06,26.4044381125
2016-07-07,26.2787774909
2016-07-08,26.8442502881
2016-07-11,27.0484487982
2016-07-12,27.5982140177
2016-07-13,27.4804071849
2016-07-14,27.9280731494
2016-07-15,27.8495352609
2016-07-18,28.0772951375
2016-07-19,27.5510912846
2016-07-20,27.8809504163
2016-07-21,27.8573890497
2016-07-22,28.0066110379
2016-07-25,27.7788511612
2016-07-26,28.1087102929
2016-07-27,27.998757249
2016-07-28,27.8495352609
2016-07-29,27.8259738943
2016-08-01,27.7317284281
2016-08-02,27.6453367508
2016-08-03,27.739582217
2016-08-04,27.8024125278
2016-08-05,28.2265171257
2016-08-08,28.3835929027
2016-08-09,28.6506217235
2016-08-10,28.4856921577
2016-08-11,29.0904338991
2016-08-12,29.1532642099
2016-08-15,29.8090555789
2016-08-16,29.6794680628
2016-08-17,29.4752695528
2016-08-18,29.7344445848
2016-08-19,29.5695150189
2016-08-22,29.3024861981
2016-08-23,29.2946324092
2016-08-24,29.1532642099
2016-08-25,29.1297028434
2016-08-26,29.0040422218
2016-08-29,29.2239483096
2016-08-30,29.412439242
2016-08-31,29.098287688
2016-09-01,29.3181937758
2016-09-02,29.9072279395
2016-09-06,30.3627476928
2016-09-07,30.3548939039
2016-09-08,30.6454840914
2016-09-09,30.0250347722
2016-09-12,30.0643037165
2016-09-13,29.2632172538
2016-09-14,29.2632172538
2016-09-15,29.8051286844
2016-09-16,29.6323453297
2016-09-19,29.6951756405
2016-09-20,29.7580059513
2016-09-21,30.4884083144
2016-09-22,30.5983613583
2016-09-23,30.087865083
2016-09-26,29.4674157639
2016-09-27,29.8443976287
2016-09-28,30.0957188719
2016-09-29,29.7815673179
2016-09-30,29.8522514175
2016-10-03,29.8836665729
2016-10-04,29.6401991186
2016-10-05,30.3627476928
2016-10-06,30.4727007367
2016-10-07,30.2292332823
2016-10-10,30.6611916691
2016-10-11,29.7501521625
2016-10-12,29.7108832182
2016-10-13,29.2396558873
2016-10-14,29.5223922859
2016-10-17,29.255363465
2016-10-18,29.7344445848
2016-10-19,29.7658597402
2016-10-20,29.7265907959
2016-10-21,29.7108832182
2016-10-24,29.930789306
2016-10-25,29.8208362621
2016-10-26,29.5223922859
2016-10-27,29.2632172538
2016-10-28,28.941211911
2016-10-31,28.9490656998
2016-11-01,29.1375566322
2016-11-02,28.7605747674
2016-11-03,28.7134520343
2016-11-04,28.4621307911
2016-11-07,29.3417551423
2016-11-08,29.5538074412
2016-11-09,28.8548202336
2016-11-10,28.5799376239
2016-11-11,28.2579322811
2016-11-14,28.0851489264
2016-11-15,28.4778383688
2016-11-16,28.1401254483
2016-11-17,28.2500784922
2016-11-18,28.2265171257
2016-11-21,28.4621307911
2016-11-22,28.9647732775
2016-11-23,28.8548202336
2016-11-25,29.1297028434
2016-11-28,29.2396558873
2016-11-29,29.4202930308
2016-11-30,29.5223922859
2016-12-01,29.5223922859
2016-12-02,29.3024861981
2016-12-05,29.2632172538
2016-12-06,29.2632172538
2016-12-07,29.6009301743
2016-12-08,29.6009301743
2016-12-09,29.4281468197
2016-12-12,28.7527209786
2016-12-13,29.0668725326
2016-12-14,28.4307156357
2016-12-15,28.1793943926
2016-12-16,27.8809504163
2016-12-19,27.7709973724
2016-12-20,27.6688981173
2016-12-21,27.5746526511
2016-12-22,27.2912832372
2016-12-23,27.2191688657
2016-12-27,27.2832705292
2016-12-28,27.5316644753
2016-12-29,27.8922363325
2016-12-30,27.8121092531
2017-01-03,28.1646684024
2017-01-04,28.4531258882
2017-01-05,28.861773993
2017-01-06,28.6454308787
2017-01-09,28.6854944184
2017-01-10,29.0620916915
2017-01-11,29.2704220979
2017-01-12,29.2383712661
2017-01-13,29.3024729296
2017-01-17,29.1662568947
2017-01-18,29.3104856376
2017-01-19,29.1902950185
2017-01-20,29.0781171074
2017-01-23,29.2223458502
2017-01-24,29.3425364693
2017-01-25,29.4707397963
2017-01-26,29.5268287519
2017-01-27,29.5027906281
2017-01-30,29.3906127169
2017-01-31,29.3986254249
2017-02-01,29.382600009
2017-02-02,29.3906127169
2017-02-03,29.3505491773
2017-02-06,29.4787525043
2017-02-07,29.4627270884
2017-02-08,29.895413317
2017-02-09,30.296048714
2017-02-10,30.4563028727
2017-02-13,30.6486078632
2017-02-14,30.6405951553
2017-02-15,31.1053322157
2017-02-16,31.0412305522
2017-02-17,30.8168747299
2017-02-21,31.1053322157
2017-02-22,31.2735990824
2017-02-23,31.2175101268
2017-02-24,30.8809763934
2017-02-27,30.6886714029
2017-02-28,30.6085443235
2017-03-01,30.9290526411
2017-03-02,30.2639978822
2017-03-03,30.3441249616
2017-03-06,30.3200868378
2017-03-07,30.416239333
2017-03-08,30.3761757933
2017-03-09,30.0236166441
2017-03-10,30.1678453869
2017-03-13,30.6566205712
2017-03-14,30.5604680759
2017-03-15,31.0812940919
2017-03-16,31.5219930285
2017-03-17,31.3617388697
2017-03-20,31.745627707
2017-03-21,31.3857769935
2017-03-22,31.4819294888
2017-03-23,31.4418659491
2017-03-24,31.449878657
2017-03-27,31.2976372062
2017-03-28,31.4338532412
2017-03-29,31.32167533
2017-03-30,31.0893067998
2017-03-31,30.8409128537
2017-04-03,31.0252051363
2017-04-04,31.1053322157
2017-04-05,31.1694338792
2017-04-06,31.0252051363
2017-04-07,31.0412305522
2017-04-10,30.8569382696
2017-04-11,30.7046968188
2017-04-12,30.7367476506
2017-04-13,30.6566205712
2017-04-17,30.8168747299
2017-04-18,30.288036006
2017-04-19,30.1117564314
2017-04-20,30.5123918283
2017-04-21,30.416239333
2017-04-24,30.5845061997
2017-04-25,30.9931543046
2017-04-26,31.0091797204
2017-04-27,30.8809763934
2017-04-28,30.8729636855
2017-05-01,30.9290526411
2017-05-02,30.8248874379
2017-05-03,30.680658695
2017-05-04,30.2479724663
2017-05-05,30.2639978822
2017-05-08,30.1678453869
2017-05-09,30.6886714029
2017-05-10,30.9931543046
2017-05-11,30.9691161808
2017-05-12,31.2976372062
2017-05-15,31.7062853111
2017-05-16,31.6341709396
2017-05-17,31.1854592951
2017-05-18,31.2816117903
2017-05-19,31.6021201079
2017-05-22,31.7543615587
2017-05-23,31.714298019
2017-05-24,31.7223107269
2017-05-25,32.2431367429
2017-05-26,32.235124035
2017-05-30,32.3312765302
2017-05-31,32.1630096635
2017-06-01,32.4514671493
2017-06-02,32.4674925652
2017-06-05,32.2832002826
2017-06-06,32.491530689
2017-06-07,32.3873654858
2017-06-08,32.5315942287
2017-06-09,32.2431367429
2017-06-12,31.9546792571
2017-06-13,32.1389715397
2017-06-14,31.9947427968
2017-06-15,31.6261582317
2017-06-16,31.714298019
2017-06-19,32.1630096635
2017-06-20,31.8071781243
2017-06-21,31.7749846242
2017-06-22,31.984242375
2017-06-23,32.0083875001
2017-06-26,32.3786127516
2017-06-27,32.0566777503
2017-06-28,32.2176452509
2017-06-29,31.8876618746
2017-06-30,31.9600972499
2017-07-03,32.2900806262
2017-07-05,32.1613066257
2017-07-06,31.7910813743
2017-07-07,31.7749846242
2017-07-10,31.8313232494
2017-07-11,32.4349513768
2017-07-12,33.1190632545
2017-07-13,33.1995470048
2017-07-14,33.7146430068
2017-07-17,33.5778206313
2017-07-18,33.5295303811
2017-07-19,33.9399975077
2017-07-20,33.8675621324
2017-07-21,33.8353686323
2017-07-24,33.9560942577
2017-07-25,33.8836588825
2017-07-26,34.2216906338
2017-07-27,34.1009650083
2017-07-28,34.1412068835
2017-07-31,34.2377873838
2017-08-01,34.6321577604
2017-08-02,34.543625635
2017-08-03,34.4872870098
2017-08-04,34.4792386348
2017-08-07,34.6080126353
2017-08-08,34.8575122613
2017-08-09,34.5838675102
2017-08-10,33.5939173813
2017-08-11,33.6502560065
2017-08-14,33.9480458827
2017-08-15,33.8675621324
2017-08-16,34.3826581344
2017-08-17,33.7387881319
2017-08-18,33.8112235072
2017-08-21,34.1894971336
2017-08-22,34.7126415107
2017-08-23,34.8897057614
2017-08-24,35.0184797619
2017-08-25,35.5818660141
2017-08-28,35.5979627642
2017-08-29,35.6301562643
2017-08-30,35.6301562643
2017-08-31,35.6060111392
2017-09-01,35.6221078892
2017-09-05,35.1311570123
2017-09-06,35.2760277629
2017-09-07,35.3887050133
2017-09-08,35.2438342628
2017-09-11,35.8394140151
2017-09-12,35.7267367647
2017-09-13,35.4772371387
2017-09-14,35.4208985135
2017-09-15,35.6864948895
2017-09-18,36.072816891
2017-09-19,36.1211071412
2017-09-20,36.1854941414
2017-09-21,36.2740262668
2017-09-22,35.8796558903
2017-09-25,34.9218992615
2017-09-26,35.2035923876
2017-09-27,35.3323663881
2017-09-28,35.0345765119
2017-09-29,35.4450436386
2017-10-02,35.557720889
2017-10-03,36.6442515182
2017-10-04,36.7327836436
2017-10-05,37.3203150209
2017-10-06,36.8776543942
2017-10-09,36.7247352686
2017-10-10,37.0466702698
2017-10-11,36.9017995192
2017-10-12,36.9178962693
2017-10-13,37.2076377704
2017-10-16,37.2639763957
2017-10-17,37.0386218948
2017-10-18,37.4007987712
2017-10-19,36.6683966433
2017-10-20,37.1352023952
2017-10-23,36.7086385185
2017-10-24,36.7247352686
2017-10-25,36.7810738938
2017-10-26,36.7569287687
2017-10-27,37.4168955213
2017-10-30,36.837412519
2017-10-31,36.9661865195
2017-11-01,37.2076377704
2017-11-02,37.3847020211
2017-11-03,37.2478796456
2017-11-06,37.3847020211
2017-11-07,37.602008147
2017-11-08,37.6583467722
2017-11-09,37.6985886474
2017-11-10,37.9239431482
2017-11-13,37.7951691477
2017-11-14,37.360556896
2017-11-15,36.9017995192
2017-11-16,37.593959772
2017-11-17,37.4168955213
2017-11-20,37.8032175228
2017-11-21,38.8173127767
2017-11-22,38.889748152
2017-11-24,38.5839099008
2017-11-27,37.9641850234
2017-11-28,38.2780716496
2017-11-29,37.5295727717
2017-11-30,37.1593475203
2017-12-01,36.8696060191
2017-12-04,36.9017995192
2017-12-05,36.9259446443
2017-12-06,36.1050103911
2017-12-07,36.0486717659
2017-12-08,36.6522998933
2017-12-11,36.9661865195
2017-12-12,36.579864518
2017-12-13,37.3766536461
2017-12-14,37.0305735198
2017-12-15,36.8213157689
2017-12-18,37.0064283947
2017-12-19,36.9259446443
2017-12-20,36.829364144
2017-12-21,37.5068852073
2017-12-22,37.728431018
2017-12-26,37.728431018
2017-12-27,37.4904744065
2017-12-28,37.8022796216
2017-12-29,37.8843336255
2018-01-02,39.1971976888
2018-01-03,39.533619105
2018-01-04,39.6649055113
2018-01-05,39.8290135192
2018-01-08,39.9685053259
2018-01-09,39.8536297204
2018-01-10,39.8946567224
2018-01-11,40.1736403358
2018-01-12,40.8546885686
2018-01-16,40.862893969
2018-01-17,41.6177908054
2018-01-18,41.9049798193
2018-01-19,42.6024388529
2018-01-22,42.8403954643
2018-01-23,43.5132382968
2018-01-24,43.7758111094
2018-01-25,43.1932276813
2018-01-26,44.3091621351
2018-01-29,43.3655410896
2018-01-30,42.6516712552
2018-01-31,43.2178438825
2018-02-01,42.5942334525
2018-02-02,41.9049798193
2018-02-05,40.9285371722
2018-02-06,41.6588178074
2018-02-07,39.4351543002
2018-02-08,37.7858688208
2018-02-09,37.8433066235
2018-02-12,38.3110144461
2018-02-13,38.3110144461
2018-02-14,39.4761813022
2018-02-15,40.5018563516
2018-02-16,40.510061752
2018-02-20,39.6895217125
2018-02-21,40.2721051406
2018-02-22,40.0259431287
2018-02-23,40.7808399651
2018-02-26,41.3059855904
2018-02-27,39.5500299058
2018-02-28,38.745900667
2018-03-01,38.7787222686
2018-03-02,38.7787222686
2018-03-05,38.7705168682
2018-03-06,39.0741166828
2018-03-07,38.9756518781
2018-03-08,39.1233490852
2018-03-09,40.2146673378
2018-03-12,40.3049267422
2018-03-13,39.7387541149
2018-03-14,39.9685053259
2018-03-15,40.2146673378
2018-03-16,40.3623645449
2018-03-19,39.8536297204
2018-03-20,40.3951861465
2018-03-21,40.2064619374
2018-03-22,38.6638466631
2018-03-23,37.7202256176
2018-03-26,39.1725814876
2018-03-27,38.6146142607
2018-03-28,38.2781928445
2018-03-29,38.7623114678
2018-04-02,37.9171552271
2018-04-03,38.5079440556
2018-04-04,38.475122454
2018-04-05,38.5571764579
2018-04-06,37.7202256176
2018-04-09,38.1797280397
2018-04-10,39.3859218979
2018-04-11,39.4351543002
2018-04-12,39.5828515074
2018-04-13,39.0577058821
2018-04-16,38.5735872587
2018-04-17,38.5899980595
2018-04-18,38.4997386552
2018-04-19,38.6310250615
2018-04-20,38.0894686354
2018-04-23,38.0648524342
2018-04-24,38.5407656571
2018-04-25,38.2207550417
2018-04-26,38.39306845
2018-04-27,38.4587116532
2018-04-30,38.5079440556
2018-05-01,38.4669170536
2018-05-02,38.3602468484
2018-05-03,38.1140848366
2018-05-04,38.1879334401
2018-05-07,37.9827984303
2018-05-08,38.5407656571
2018-05-09,38.9100086749
2018-05-10,39.4023326987
2018-05-11,39.5172083042
2018-05-14,39.9028621228
2018-05-15,39.2300192904
2018-05-16,39.8782459216
2018-05-17,39.2136084896
2018-05-18,39.2956624935
2018-05-21,39.6156731089
2018-05-22,39.4105380991
2018-05-23,38.9838572785
2018-05-24,38.745900667
2018-05-25,38.6638466631
2018-05-29,37.8351012231
2018-05-30,38.0074146314
2018-05-31,38.3192198465
2018-06-01,38.7951330694
2018-06-04,39.3613056967
2018-06-05,39.4351543002
2018-06-06,40.0177377283
2018-06-07,39.7715757165
2018-06-08,39.5582353062
2018-06-11,39.4023326987
2018-06-12,39.3531002963
2018-06-13,38.745900667
2018-06-14,38.6228196611
2018-06-15,38.4094792508
2018-06-18,37.9499768287
2018-06-19,37.3960121961
2018-06-20,37.1881179766
2018-06-21,36.3066464861
2018-06-22,36.7556980002
2018-06-25,35.9656999662
2018-06-26,35.9241211223
2018-06-27,34.9179131002
2018-06-28,35.225596545
2018-06-29,35.7328584404
2018-07-02,35.0010707879
2018-07-03,34.9927550192
2018-07-05,34.8846500251
2018-07-06,35.2089650074
2018-07-09,35.9490684287
2018-07-10,35.7827530531
2018-07-11,35.0592811694
2018-07-12,35.7079111341
2018-07-13,35.674648059
2018-07-16,35.2671753889
2018-07-17,35.2089650074
2018-07-18,35.0592811694
2018-07-19,34.4272827422
2018-07-20,35.2505438513
2018-07-23,35.1673861635
2018-07-24,36.3149622549
2018-07-25,36.8305399192
2018-07-26,36.123699573
2018-07-27,36.1153838042
2018-07-30,36.0155945789
2018-07-31,36.273383411
2018-08-01,35.4667538395
2018-08-02,35.0177023255
2018-08-03,35.0426496318
2018-08-06,34.8513869499
2018-08-07,35.6247534463
2018-08-08,35.4833853771
2018-08-09,35.9989630413
2018-08-10,35.5665430649
2018-08-13,35.0509654006
2018-08-14,34.9761234816
2018-08-15,33.7537054712
2018-08-16,34.0780204536
2018-08-17,34.5270719676
2018-08-20,34.6518084993
2018-08-21,35.2754911576
2018-08-22,35.524964221
2018-08-23,34.9095973314
2018-08-24,35.4251749956
2018-08-27,36.048857654
2018-08-28,35.8742265097
2018-08-29,36.2234887984
2018-08-30,35.1757019323
2018-08-31,35.2505438513
2018-09-04,35.0010707879
2018-09-05,34.3358092857
2018-09-06,34.4106512047
2018-09-07,34.0198100721
2018-09-10,33.7038108585
2018-09-11,33.5873900956
2018-09-12,33.8867577717
2018-09-13,34.660124268
2018-09-14,34.285914673
2018-09-17,34.1611781413
2018-09-18,34.7682292622
2018-09-19,35.375280383
2018-09-20,35.5831746024
2018-09-21,35.8575949721
2018-09-24,35.4584380708
2018-09-25,35.6247534463
2018-09-26,35.7827530531
2018-09-27,35.7910688219
2018-09-28,35.6081219088
2018-10-01,35.7744372843
2018-10-02,34.9095973314
2018-10-03,34.7100188807
2018-10-04,33.8618104653
2018-10-05,34.0031785345
2018-10-08,33.7537054712
2018-10-09,33.6954950898
2018-10-10,32.7890762929
2018-10-11,32.4980243857
2018-10-12,33.3379170323
2018-10-15,32.8556024431
2018-10-16,33.462653564
2018-10-17,33.0551808938
2018-10-18,32.1321305594
2018-10-19,32.8306551368
2018-10-22,33.7121266273
2018-10-23,33.1716016567
2018-10-24,32.2069724784
2018-10-25,32.9470758997
2018-10-26,32.4148666979
2018-10-29,31.8161313459
2018-10-30,32.2734986287
2018-10-31,32.67265553
2018-11-01,34.0447573784
2018-11-02,34.1611781413
2018-11-05,34.2027569852
2018-11-06,34.2027569852
2018-11-07,34.9012815626
2018-11-08,34.0946519911
2018-11-09,33.1716016567
2018-11-12,32.8805497495
2018-11-13,33.5458112517
2018-11-14,33.7038108585
2018-11-15,34.3274935169
2018-11-16,34.4771773549
2018-11-19,33.911705078
2018-11-20,33.387811645
2018-11-21,34.0114943033
2018-11-23,33.5208639454
2018-11-26,34.2027569852
2018-11-27,34.2526515979
2018-11-28,35.0177023255
2018-11-29,34.4605458174
2018-11-30,34.9428604065
2018-12-03,35.4667538395
2018-12-04,34.9262288689
2018-12-06,34.4688615861
2018-12-07,33.7453897024
2018-12-10,33.612337402
2018-12-11,33.8202316214
2018-12-12,34.3108619793
2018-12-13,34.585282349
2018-12-14,34.2027569852
2018-12-17,33.7204423961
2018-12-18,33.6090676417
2018-12-19,33.0541018012
2018-12-20,33.0204675079
2018-12-21,32.776618881
2018-12-24,32.5159531074
2018-12-26,33.1802304013
2018-12-27,32.8691131877
2018-12-28,32.852296041
2018-12-31,32.8607046144
2019-01-02,32.5916302675
2019-01-03,32.0282558537
2019-01-04,33.1129618146
2019-01-07,33.1886389747
2019-01-08,33.3399932948
2019-01-09,33.9117762819
2019-01-10,34.1135820421
2019-01-11,33.962227722
2019-01-14,33.5586162016
2019-01-15,33.8865505619
2019-01-16,34.3406135223
2019-01-17,34.4499249757
2019-01-18,34.7862679093
2019-01-22,34.0715391754
2019-01-23,34.4583335491
2019-01-24,34.8199022027
2019-01-25,35.4757709233
2019-01-28,35.1814708563
2019-01-29,35.1814708563
2019-01-30,35.8037052835
2019-01-31,36.2745853906
2019-02-01,35.938242457
2019-02-04,35.9802853237
2019-02-05,36.5016168708
2019-02-06,36.0559624837
2019-02-07,35.6607595367
2019-02-08,35.6691681101
2019-02-11,35.7700709902
2019-02-12,35.8373395769
2019-02-13,36.1736825105
2019-02-14,36.0391453371
2019-02-15,35.8457481502
2019-02-19,36.3670796973
2019-02-20,36.5772940309
2019-02-21,36.4932082975
2019-02-22,37.1154427246
2019-02-25,37.8553971786
2019-02-26,37.544279965
2019-02-27,36.9388626845
2019-02-28,36.6866054843
2019-03-01,37.1406684447
2019-03-04,37.3508827782
2019-03-05,37.8133543119
2019-03-06,37.4349685116
2019-03-07,36.6025197509
2019-03-08,35.9466510303
2019-03-11,36.6613797643
2019-03-12,37.0902170046
2019-03-13,36.9893141245
2019-03-14,36.8715940978
2019-03-15,37.3845170715
2019-03-18,37.8301714586
2019-03-19,37.9815257787
2019-03-20,37.7544942985
2019-03-21,37.7460857252
2019-03-22,36.6529711909
2019-03-25,36.5772940309
2019-03-26,36.6361540442
2019-03-27,36.5688854575
2019-03-28,36.8547769511
2019-03-29,37.2247541781
2019-04-01,37.8217628852
2019-04-02,37.6199571251
2019-04-03,37.889031472
2019-04-04,38.284234419
2019-04-05,38.5533087659
2019-04-08,38.4355887391
2019-04-09,38.3515030057
2019-04-10,38.2758258456
2019-04-11,37.7460857252
2019-04-12,38.2085572589
2019-04-15,37.7797200185
2019-04-16,38.3430944323
2019-04-17,38.3935458724
2019-04-18,38.4524058858
2019-04-22,38.0992458055
2019-04-23,38.0908372321
2019-04-24,37.519054245
2019-04-25,37.2836141915
2019-04-26,37.5022370983
2019-04-29,37.6367742717
2019-04-30,37.4097427916
2019-05-01,37.2331627514
2019-05-02,37.098625578
2019-05-03,37.7629028719
2019-05-06,36.779099791
2019-05-07,35.7868881369
2019-05-08,35.6691681101
2019-05-09,35.0637508296
2019-05-10,35.2907823098
2019-05-13,34.1556249088
2019-05-14,34.7021821759
2019-05-15,34.8703536427
2019-05-16,35.0301165362
2019-05-17,34.4499249757
2019-05-20,33.9790448687
2019-05-21,34.3490220956
2019-05-22,34.1556249088
2019-05-23,33.7351962418
2019-05-24,33.5754333483
2019-05-28,33.7436048151
2019-05-29,34.037904882
2019-05-30,34.0463134554
2019-05-31,33.9454105753
2019-06-03,34.0883563221
2019-06-04,33.962227722
2019-06-05,33.7436048151
2019-06-06,33.7604219618
2019-06-07,34.0715391754
2019-06-10,34.433107829
2019-06-11,34.8199022027
2019-06-12,34.1892592022
2019-06-13,34.3742478157
2019-06-14,34.0463134554
2019-06-17,34.3294351649
2019-06-18,35.3316304518
2019-06-19,35.6034122245
2019-06-20,36.2743734758
2019-06-21,36.0960166875
2019-06-24,36.1214962287
2019-06-25,35.5184804205
2019-06-26,35.9431394403
2019-06-27,36.342318919
2019-06-28,36.3253325582
2019-07-01,36.8604029232
2019-07-02,36.7669779389
2019-07-03,36.6310870525
2019-07-05,36.2064280327
2019-07-08,35.9346462599
2019-07-09,35.72231675
2019-07-10,35.8242349148
2019-07-11,35.6458781264
2019-07-12,35.7817690128
2019-07-15,35.8836871776
2019-07-16,35.8242349148
2019-07-17,35.7817690128
2019-07-18,35.8751939972
2019-07-19,36.0705371463
2019-07-22,35.7393031108
2019-07-23,35.9431394403
2019-07-24,36.0620439659
2019-07-25,35.8157417344
2019-07-26,35.8667008168
2019-07-29,35.6034122245
2019-07-30,35.3825895341
2019-07-31,34.9069714319
2019-08-01,34.117105655
2019-08-02,33.8538170627
2019-08-05,32.5288809207
2019-08-06,32.834635415
2019-08-07,32.9960058426
2019-08-08,33.2762807957
2019-08-09,32.9025808582
2019-08-12,32.4949081991
2019-08-13,33.0129922034
2019-08-14,31.9938105557
2019-08-15,32.4354559364
2019-08-16,32.7836763326
2019-08-19,33.2508012545
2019-08-20,33.1318967289
2019-08-21,33.4206648624
2019-08-22,33.1658694505
2019-08-23,32.5628536423
2019-08-26,33.0299785642
2019-08-27,33.0384717446
2019-08-28,32.9960058426
2019-08-29,33.2338148937
2019-08-30,33.2253217133
2019-09-03,33.2338148937
2019-09-04,34.0151874902
2019-09-05,34.4228601493
2019-09-06,34.4908055924
2019-09-09,34.5587510356
2019-09-10,34.5757373964
2019-09-11,35.102314581
2019-09-12,35.229712287
2019-09-13,35.5864258637
2019-09-16,35.2127259262
2019-09-17,35.0428623183
2019-09-18,34.8050532671
2019-09-19,34.5587510356
2019-09-20,34.4313533297
2019-09-23,34.4228601493
2019-09-24,34.0066943098
2019-09-25,34.1255988354
2019-09-26,33.8962829647
2019-09-27,33.5055966664
2019-09-30,33.8028579803
2019-10-01,33.6584739135
2019-10-02,33.6924466351
2019-10-03,34.2360101805
2019-10-04,34.1765579178
2019-10-07,33.9387488666
2019-10-08,33.7094329959
2019-10-09,34.1850510982
2019-10-10,34.609710118
2019-10-11,35.102314581
2019-10-14,34.9494373339
2019-10-15,35.2806713694
2019-10-16,35.2636850086
2019-10-17,35.4080690753
2019-10-18,35.0258759575
2019-10-21,35.4335486165
2019-10-22,35.144780483
2019-10-23,35.0428623183
2019-10-24,35.0173827771
2019-10-25,35.2382054674
2019-10-28,35.5694395029
2019-10-29,35.2127259262
2019-10-30,35.102314581
2019-10-31,34.9494373339
2019-11-01,35.6713576676
2019-11-04,36.1045098679
2019-11-05,36.3253325582
2019-11-06,36.257387115
2019-11-07,36.5631416093
2019-11-08,36.299853017
2019-11-11,35.7393031108
2019-11-12,35.4250554361
2019-11-13,34.9494373339
2019-11-14,34.8560123495
2019-11-15,34.9324509731
2019-11-18,35.0428623183
2019-11-19,35.3995758949
2019-11-20,35.2042327458
2019-11-21,35.1532736634
2019-11-22,35.0938214006
2019-11-25,35.679850848
2019-11-26,35.764782652
2019-11-27,35.7308099304
2019-11-29,34.7710805455
2019-12-02,34.7795737259
2019-12-03,34.5757373964
2019-12-04,34.7201214632
2019-12-05,34.737107824
2019-12-06,35.0258759575
2019-12-09,34.8645055299
2019-12-10,35.0003964163
2019-12-11,35.6543713068
2019-12-12,36.3338257386
2019-12-13,36.1809484915
2019-12-16,36.6296500064
2019-12-17,37.0968207906
2019-12-18,37.2006365204
2019-12-19,37.122774723
2019-12-20,37.269847007
2019-12-23,37.2352417637
2019-12-24,37.3044522502
2019-12-26,37.6764586154
2019-12-27,37.8148795885
2019-12-30,37.6245507505
2019-12-31,37.745669102
2020-01-02,38.8270829543
2020-01-03,37.9879058049
2020-01-06,38.1695833321
2020-01-07,38.0744189131
2020-01-08,38.0484649806
2020-01-09,38.3945174134
2020-01-10,38.5156357649
2020-01-13,39.1731353871
2020-01-14,38.7751750894
2020-01-15,38.558892319
2020-01-16,38.844385576
2020-01-17,39.0260631032
2020-01-21,37.1919852096
2020-01-22,37.6072481289
2020-01-23,37.122774723
2020-01-24,36.6383013172
2020-01-27,35.1848810997
2020-01-28,35.4271178026
2020-01-29,35.643400573
2020-01-30,35.2021837213
2020-01-31,34.3803091935
2020-02-03,34.7177103154
2020-02-04,35.6520518839
2020-02-05,35.7731702353
2020-02-06,36.0154069383
2020-02-07,35.695308438
2020-02-10,35.9029398976
2020-02-11,36.5950447631
2020-02-12,37.0881694798
2020-02-13,36.6036960739
2020-02-14,36.5690908307
2020-02-18,36.4912290333
2020-02-19,36.742117047
2020-02-20,36.3528080602
2020-02-21,36.3528080602
2020-02-24,35.0637627482
2020-02-25,34.7263616263
2020-02-26,35.2281376538
2020-02-27,34.9599470184
2020-02-28,35.1762297888
2020-03-02,35.5395848432
2020-03-03,35.3146507619
2020-03-04,35.695308438
2020-03-05,35.5395848432
2020-03-06,34.8301773561
2020-03-09,33.4286650035
2020-03-10,34.7523155587
2020-03-11,33.5670859766
2020-03-12,30.971692731
2020-03-13,32.7019548947
2020-03-16,29.3365949862
2020-03-17,31.1533702581
2020-03-18,29.3885028511
2020-03-19,29.4144567836
2020-03-20,29.8124170812
2020-03-23,29.7951144596
2020-03-24,31.8108698804
2020-03-25,32.2953432862
2020-03-26,33.1777769897
2020-03-27,31.2312320555
2020-03-30,32.3559024619
2020-03-31,32.4770208134
2020-04-01,31.1533702581
2020-04-02,32.3472511511
2020-04-03,31.9146856102
2020-04-06,33.0566586383
2020-04-07,32.9528429084
2020-04-08,32.9787968409
2020-04-09,32.7625140704
2020-04-13,32.7884680029
2020-04-14,33.307546652
2020-04-15,32.5375799891
2020-04-16,32.6673496514
2020-04-17,33.2296848546
2020-04-20,32.9528429084
2020-04-21,32.0704092049
2020-04-22,32.8490271786
2020-04-23,32.7106062055
2020-04-24,33.0393560166
2020-04-27,33.7055069497
2020-04-28,33.7401121929
2020-04-29,34.2851447745
2020-04-30,33.3854084494
2020-05-01,32.2434354213
2020-05-04,32.5462313
2020-05-05,32.8749811111
2020-05-06,32.9614942193
2020-05-07,33.0480073274
2020-05-08,33.8006713687
2020-05-11,33.6449477739
2020-05-12,33.3508032061
2020-05-13,33.4546189359
2020-05-14,33.3161979628
2020-05-15,32.831724557
2020-05-18,34.1380724906
2020-05-19,33.783368747
2020-05-20,34.2764934637
2020-05-21,33.3421518953
2020-05-22,32.4424155701
2020-05-26,33.1691256789
2020-05-27,32.9874481517
2020-05-28,33.0912638815
2020-05-29,33.783368747
2020-06-01,34.406263126
2020-06-02,35.0205061941
2020-06-03,35.6174466406
2020-06-04,35.0983679915
2020-06-05,35.885637276
2020-06-08,35.7039597488
2020-06-09,35.5309335324
2020-06-10,35.9548477625
2020-06-11,34.4668223017
2020-06-12,34.8993878426
2020-06-15,34.5907428127
2020-06-16,34.8611874602
2020-06-17,35.0007717944
2020-06-18,35.1229080868
2020-06-19,35.1752522121
2020-06-22,35.4369728387
2020-06-23,35.6725214026
2020-06-24,35.3061125254
2020-06-25,35.3933527342
2020-06-26,35.0618399406
2020-06-29,34.9397036482
2020-06-30,34.6343629172
2020-07-01,35.0356678779
2020-07-02,36.1697905931
2020-07-06,39.6070548222
2020-07-07,38.4816561279
2020-07-08,39.7204670937
2020-07-09,39.4500224462
2020-07-10,38.8655130469
2020-07-13,38.4205879817
2020-07-14,38.1239712715
2020-07-15,37.9233187912
2020-07-16,37.0596407235
2020-07-17,37.1294328906
2020-07-20,37.6092540393
2020-07-21,37.8011824988
2020-07-22,37.2690172247
2020-07-23,36.9898485564
2020-07-24,36.6845078254
2020-07-27,36.6059916374
2020-07-28,36.2832028646
2020-07-29,36.8328161804
2020-07-30,36.4489592614
2020-07-31,36.0912744051
2020-08-03,36.5274754494
2020-08-04,37.3562574336
2020-08-05,37.3562574336
2020-08-06,37.3824294962
2020-08-07,36.6496117418
2020-08-10,36.9113323684
2020-08-11,36.8764362849
2020-08-12,37.4173255798
2020-08-13,37.3475334127
2020-08-14,37.5481858931
2020-08-17,38.246107564
2020-08-18,38.394415919
2020-08-19,37.9931109583
2020-08-20,38.167591376
2020-08-21,38.5078281905
2020-08-24,38.9265811931
2020-08-25,39.083613569
2020-08-26,39.0138214019
2020-08-27,38.9353052139
2020-08-28,39.2493699658
2020-08-31,38.3507958146
2020-09-01,38.8480650051
2020-09-02,38.6910326291
2020-09-03,37.8971467285
2020-09-04,38.0367310627
2020-09-08,37.251569183
2020-09-09,37.5045657886
2020-09-10,36.7630240133
2020-09-11,37.1207088697
2020-09-14,37.3737054754
2020-09-15,37.705218269
2020-09-16,37.5918059975
2020-09-17,37.2777412456
2020-09-18,37.3562574336
2020-09-21,37.0072965981
2020-09-22,36.7194039089
2020-09-23,36.3180989482
2020-09-24,35.8644498621
2020-09-25,35.5067650058
2020-09-28,36.0563783216
2020-09-29,35.9167939874
2020-09-30,36.6408877209
2020-10-01,37.0858127861
2020-10-02,36.6670597836
2020-10-05,36.8066441178
2020-10-06,37.0509167026
2020-10-07,37.4434976424
2020-10-08,37.626702081
2020-10-09,37.7226663108
2020-10-12,38.7346527336
2020-10-13,38.6823086082
2020-10-14,38.1937634386
2020-10-15,37.9058707494
2020-10-16,38.4816561279
2020-10-19,38.4642080861
2020-10-20,38.6299644829
2020-10-21,38.9789253184
2020-10-22,39.2755420285
2020-10-23,39.3715062582
2020-10-26,38.9963733601
2020-10-27,39.0748895481
2020-10-28,38.2897276684
2020-10-29,38.8655130469
2020-10-30,38.472932107
2020-11-02,39.2406459449
2020-11-03,39.3278861538
2020-11-04,40.9680020804
2020-11-05,41.6135796259
2020-11-06,41.6397516886
2020-11-09,42.0759527329
2020-11-10,41.1075864145
2020-11-11,41.5263394171
2020-11-12,41.0901383728
2020-11-13,41.4129271455
2020-11-16,41.5961315842
2020-11-17,41.3169629158
2020-11-18,41.1337584772
2020-11-19,41.1075864145
2020-11-20,41.3867550829
2020-11-23,41.2209986861
2020-11-24,41.4478232291
2020-11-25,41.2035506443
2020-11-27,42.4161895474
2020-11-30,41.0028981639
2020-12-01,41.4216511664
2020-12-02,41.1337584772
2020-12-03,41.1163104354
2020-12-04,41.1686545607
2020-12-07,40.7673496
2020-12-08,40.6364892867
2020-12-09,40.1304960753
2020-12-10,40.6277652658
2020-12-11,40.2613563886
2020-12-14,40.22084727
2020-12-15,40.2828344851
2020-12-16,40.3271110673
2020-12-17,40.5839152441
2020-12-18,40.5130727125
2020-12-21,40.1854260043
2020-12-22,40.0525962577
2020-12-23,40.3890982824
2020-12-24,39.7160942329
2020-12-28,39.778081448
2020-12-29,40.2916898015
2020-12-30,40.9558385345
2020-12-31,41.1152342304
2021-01-04,41.0001151167
2021-01-05,42.1158849882
2021-01-06,41.628842584
2021-01-07,41.9210680265
2021-01-08,42.7888890376
2021-01-11,42.213293469
2021-01-12,42.7623230883
2021-01-13,42.8862975184
2021-01-14,43.0811144801
2021-01-15,43.0545485308
2021-01-19,44.9053096667
2021-01-20,46.2867390314
2021-01-21,46.0210795382
2021-01-22,45.7908413107
2021-01-25,46.8446239671
2021-01-26,46.3575815629
2021-01-27,44.6573608064
2021-01-28,44.7459139708
2021-01-29,43.7098419473
2021-02-01,44.9053096667
2021-02-02,45.5428924504
2021-02-03,45.6491562477
2021-02-04,45.4277733367
2021-02-05,45.7731306778
2021-02-08,45.6225902984
2021-02-09,46.2247518163
2021-02-10,46.6763729547
2021-02-11,47.4910620672
2021-02-12,47.446785485
2021-02-16,47.4733514343
2021-02-17,48.2349086481
2021-02-18,47.1988366247
2021-02-19,47.4733514343
2021-02-22,45.7288540956
2021-02-23,45.8793944751
2021-02-24,44.8875990338
2021-02-25,44.205739668
2021-02-26,43.4530377706
2021-03-01,44.6042289078
2021-03-02,43.7452632131
2021-03-03,44.0817652378
2021-03-04,42.8154549869
2021-03-05,43.2582208089
2021-03-08,41.7351063812
2021-03-09,42.6383486581
2021-03-10,42.3018466334
2021-03-11,43.8249610611
2021-03-12,42.5940720759
2021-03-15,42.514374228
2021-03-16,42.8951528349
2021-03-17,42.8685868855
2021-03-18,42.4878082786
2021-03-19,42.4966635951
2021-03-22,42.43467638
2021-03-23,41.4783022045
2021-03-24,39.9463324604
2021-03-25,40.1500047385
2021-03-26,41.327761825
2021-03-29,41.106378914
2021-03-30,41.2746299264
2021-03-31,41.3189065086
2021-04-01,42.0184765073
2021-04-05,42.0538977731
2021-04-06,42.133595621
2021-04-07,41.1772214455
2021-04-08,41.7173957484
2021-04-09,41.2037873948
2021-04-12,41.1506554962
2021-04-13,41.1240895469
2021-04-14,41.2569192935
2021-04-15,41.3100511921
2021-04-16,41.5402894196
2021-04-19,41.5314341031
2021-04-20,41.4163149894
2021-04-21,41.469446888
2021-04-22,41.5934213182
2021-04-23,42.1424509375
2021-04-26,41.5048681538
2021-04-27,41.6731191662
2021-04-28,41.8679361278
2021-04-29,41.8325148621
2021-04-30,40.9824044839
2021-05-03,40.7610215729
2021-05-04,40.3536770166
2021-05-05,40.5573492947
2021-05-06,40.6724684085
2021-05-07,40.7787322057
2021-05-10,39.6186857521
2021-05-11,39.6098304357
2021-05-12,39.1227880315
2021-05-13,38.5649030958
2021-05-14,39.1493539808
2021-05-17,39.5301325877
2021-05-18,39.8489239795
2021-05-19,39.9640430933
2021-05-20,40.3625323331
2021-05-21,39.9728984097
2021-05-24,39.9197665111
2021-05-25,40.8672853701
2021-05-26,41.1152342304
2021-05-27,41.0886682811
2021-05-28,40.9469832181
2021-06-01,42.0184765073
2021-06-02,41.850225495
2021-06-03,41.0178257496
2021-06-04,41.4428809387
2021-06-07,41.0001151167
2021-06-08,40.8052981551
2021-06-09,40.8052981551
2021-06-10,41.0275816517
2021-06-11,40.9298546274
2021-06-14,41.0542344765
2021-06-15,40.4945251556
2021-06-16,39.8726259101
2021-06-17,40.4323352311
2021-06-18,40.4767566057
2021-06-21,40.4678723308
2021-06-22,40.1391541582
2021-06-23,40.6455578295
2021-06-24,41.0720030264
2021-06-25,41.8538192207
2021-06-28,41.951546245
2021-06-29,41.6405966223
2021-06-30,41.1608457758
2021-07-01,40.9476231773
2021-07-02,40.4145666812
2021-07-06,39.2862637644
2021-07-07,39.3573379639
2021-07-08,38.1313080228
2021-07-09,39.2240738398
2021-07-12,39.0908097158
2021-07-13,39.5350234626
2021-07-14,39.3662222388
2021-07-15,39.748246061
2021-07-16,39.4461807132
2021-07-19,38.922008492
2021-07-20,38.7265544435
2021-07-21,38.8420500176
2021-07-22,39.0019669665
2021-07-23,38.0069281737
2021-07-26,35.9724292135
2021-07-27,34.7908206471
2021-07-28,36.8875095318
2021-07-29,36.3722215856
2021-07-30,36.0168505882
2021-08-02,36.5321385344
2021-08-03,36.2567260114
2021-08-04,36.7453611329
2021-08-05,36.3366844858
2021-08-06,35.9102392889
2021-08-09,36.5765599091
2021-08-10,36.9763522812
2021-08-11,37.2873019039
2021-08-12,36.7187083081
2021-08-13,36.7364768579
2021-08-16,36.1234618874
2021-08-17,35.1106545447
2021-08-18,35.3949513427
2021-08-19,34.6842093478
2021-08-20,34.3554911752
2021-08-23,35.0218117954
2021-08-24,36.2478417365
2021-08-25,35.9457763887
2021-08-26,35.3771827928
2021-08-27,35.6614795907
2021-08-30,35.7147852404
2021-08-31,36.3722215856
2021-09-01,37.1806906047
2021-09-02,36.7808982326
2021-09-03,36.8430881572
2021-09-07,37.7137471008
2021-09-08,37.3050704538
2021-09-09,36.9585837313
2021-09-10,36.9319309065
2021-09-13,36.8519724321
2021-09-14,36.0168505882
2021-09-15,35.76809089
2021-09-16,35.2439186688
2021-09-17,35.4660255422
2021-09-20,33.9201617034
2021-09-21,34.3377226254
2021-09-22,34.9951589706
2021-09-23,34.7019778977
2021-09-24,33.973467353
2021-09-27,34.4621024745
2021-09-28,34.5065238491
2021-09-29,34.2577641509
2021-09-30,34.5864823236
2021-10-01,34.3110698006
2021-10-04,33.4581794068
2021-10-05,33.9290459783
2021-10-06,33.7780133044
2021-10-07,35.1550759194
2021-10-08,35.492678367
2021-10-11,35.4660255422
2021-10-12,35.2705714936
2021-10-13,35.9813134884
2021-10-14,35.8125122646
2021-10-15,36.1589989871
2021-10-18,36.3722215856
2021-10-19,37.411681753
2021-10-20,37.4827559525
2021-10-21,37.4472188528
2021-10-22,37.4916402274
2021-10-25,37.6071358016
2021-10-26,36.8519724321
2021-10-27,36.4344115101
2021-10-28,36.5143699845
2021-10-29,35.8302808145
2021-11-01,36.4788328848
2021-11-02,35.483794092
2021-11-03,35.7858594398
2021-11-04,35.5726368414
2021-11-05,34.9507375959
2021-11-08,35.3416456931
2021-11-09,35.0573488951
2021-11-10,35.3771827928
2021-11-11,36.7808982326
2021-11-12,36.7986667825
2021-11-15,36.5232542595
2021-11-16,36.9852365561
2021-11-17,36.5676756342
2021-11-18,35.7769751649
2021-11-19,35.9901977634
2021-11-22,35.5282154667
2021-11-23,35.3416456931
2021-11-24,35.4393727174
2021-11-26,34.4443339246
2021-11-29,34.115615752
2021-11-30,33.9290459783
2021-12-01,33.8490875039
2021-12-02,34.0800786522
2021-12-03,33.289378183
2021-12-06,33.9201617034
2021-12-07,34.3732597251
2021-12-08,34.524292399
2021-12-09,34.5331766739
2021-12-10,34.524292399
2021-12-13,33.9417522684
2021-12-14,33.8608743837
2021-12-15,32.881353336
2021-12-16,33.0520955369
2021-12-17,32.6566925452
2021-12-20,31.9647373096
2021-12-21,32.9083126308
2021-12-22,32.8364211778
2021-12-23,32.9172990625
2021-12-27,32.8274347462
2021-12-28,32.4500046177
2021-12-29,32.0725744892
2021-12-30,33.2408106012
2021-12-31,32.8723669043
2022-01-03,32.8454076094
2022-01-04,32.2523031218
2022-01-05,31.6681850658
2022-01-06,32.2253438269
2022-01-07,32.9172990625
2022-01-10,32.9352719257
2022-01-11,33.9866844265
2022-01-12,34.7415446835
2022-01-13,33.9147929735
2022-01-14,34.2562773754
2022-01-18,33.8788472469
2022-01-19,34.022630153
2022-01-20,35.0740426538
2022-01-21,34.3820874182
2022-01-24,33.8339150888
2022-01-25,33.8698608153
2022-01-26,33.2228377379
2022-01-27,32.6297332503
2022-01-28,32.5308825024
2022-01-31,34.0945216061
2022-02-01,34.3191823968
2022-02-02,34.022630153
2022-02-03,33.8159422255
2022-02-04,34.1304673326
2022-02-07,33.9237794051
2022-02-08,34.2562773754
2022-02-09,34.8403954314
2022-02-10,34.4180331448
2022-02-11,33.8339150888
2022-02-14,33.5104035501
2022-02-15,34.022630153
2022-02-16,34.2383045122
2022-02-17,33.9597251316
2022-02-18,32.9891905155
2022-02-22,32.1085202157
2022-02-23,31.7310900873
2022-02-24,31.4974428649
2022-02-25,31.6502122026
2022-02-28,31.3626463904
2022-03-01,31.299741369
2022-03-02,31.0660941466
2022-03-03,30.2752881631
2022-03-04,29.6282650857
2022-03-07,28.5049611319
2022-03-08,28.1005717085
2022-03-09,28.5678661533
2022-03-10,27.2738199985
2022-03-11,26.1235567498
2022-03-14,24.3712025819
2022-03-15,24.3262704237
2022-03-16,29.4934686113
2022-03-17,28.406110384
2022-03-18,29.8079937183
2022-03-21,28.5588797217
2022-03-22,29.81698015
2022-03-23,29.6282650857
2022-03-24,29.304753547
2022-03-25,28.8644183971
2022-03-28,29.3137399787
2022-03-29,29.9427901928
2022-03-30,29.7810344234
2022-03-31,28.7296219227
2022-04-01,29.8349530132
2022-04-04,30.8504197875
2022-04-05,30.0056952142
2022-04-06,29.4215771582
2022-04-07,28.9812420083
2022-04-08,29.0082013032
2022-04-11,28.3162460677
2022-04-12,28.2084088881
2022-04-13,28.7565812176
2022-04-14,28.4330696789
2022-04-18,28.1724631616
2022-04-19,27.893883781
2022-04-20,27.0761185027
2022-04-21,26.2763260875
2022-04-22,26.5189597416
2022-04-25,26.2224074978
2022-04-26,25.6652487367
2022-04-27,26.483014015
2022-04-28,26.6897019425
2022-04-29,27.8040194647
2022-05-02,27.9208430759
2022-05-03,28.3252324993
2022-05-04,28.4510425421
2022-05-05,26.9592948915
2022-05-06,26.1235567498
2022-05-09,25.170994997
2022-05-10,25.4585608092
2022-05-11,25.4675472408
2022-05-12,25.4675472408
2022-05-13,26.6088240579
2022-05-16,26.5728783314
2022-05-17,27.3816571781
2022-05-18,26.6178104895
2022-05-19,27.2288878404
2022-05-20,27.3367250199
2022-05-23,27.2738199985
2022-05-24,26.2313939294
2022-05-25,26.5638918997
2022-05-26,27.6063179689
2022-05-27,27.8040194647
2022-05-31,28.6307711747
2022-06-01,28.3342189309
2022-06-02,29.1519842093
2022-06-03,28.6397576064
2022-06-06,29.4305635898
2022-06-07,29.8798851714
2022-06-08,30.6976504497
2022-06-09,29.5347423931
2022-06-10,29.5527954141
2022-06-13,28.262004411
2022-06-14,29.1375759306
2022-06-15,29.7152726033
2022-06-16,28.5689057684
2022-06-17,29.092443378
2022-06-21,29.8145642189
2022-06-22,29.2820000988
2022-06-23,29.7333256243
2022-06-24,30.5457115704
2022-06-27,30.7984538647
2022-06-28,30.8074803752
2022-06-29,30.6359766755
2022-06-30,30.6088971439
2022-07-01,30.6359766755
2022-07-05,30.4915525073
2022-07-06,30.1034125553
2022-07-07,30.7533213121
2022-07-08,30.3471283391
2022-07-11,29.038284315
2022-07-12,28.8667806153
2022-07-13,28.650144363
2022-07-14,28.24395139
2022-07-15,28.0092621167
2022-07-18,28.5508527474
2022-07-19,28.8397010837
2022-07-20,28.6591708735
2022-07-21,28.8938601468
2022-07-22,28.2529779005
2022-07-25,28.4876671738
2022-07-26,28.3883755582
2022-07-27,28.7133299366
2022-07-28,28.3432430056
2022-07-29,27.4225389334
2022-08-01,27.0524520025
2022-08-02,26.8628952817
2022-08-03,27.0885580445
2022-08-04,27.5128040386
2022-08-05,27.2059026812
2022-08-08,26.9621868974
2022-08-09,26.7906831976
2022-08-10,26.65528554
2022-08-11,27.1427171076
2022-08-12,27.2961677863
2022-08-15,27.1517436181
2022-08-16,26.8358157502
2022-08-17,26.7816566871
2022-08-18,26.4928083508
2022-08-19,26.3393576721
2022-08-22,26.5379409033
2022-08-23,26.4928083508
2022-08-24,26.6101529874
2022-08-25,27.9460765431
2022-08-26,27.7113872698
2022-08-29,27.4586449755
2022-08-30,26.7184711136
2022-08-31,27.2690882547
2022-09-01,26.9621868974
2022-09-02,26.4115697562
2022-09-06,25.8880321465
2022-09-07,26.2039600144
2022-09-08,25.8699791255
2022-09-09,26.5108613718
2022-09-12,26.8538687712
2022-09-13,25.7255549573
2022-09-14,25.7526344888
2022-09-15,25.6533428732
2022-09-16,25.2652029212
2022-09-19,25.3554680263
2022-09-20,25.1568847951
2022-09-21,24.4889230173
2022-09-22,24.3444988491
2022-09-23,24.0195444707
2022-09-26,24.1639686388
2022-09-27,23.9473323866
2022-09-28,24.2091011914
2022-09-29,23.4237947769
2022-09-30,23.3425561823
2022-10-03,23.4418477979
2022-10-04,24.3896314016
2022-10-05,24.5701616119
2022-10-06,24.3806048911
2022-10-07,23.8029082184
2022-10-10,23.0807873775
2022-10-11,22.4489316417
2022-10-12,22.3045074735
2022-10-13,22.1149507528
2022-10-14,21.8080493954
2022-10-17,22.4760111732
2022-10-18,22.295480963
2022-10-19,21.3567238698
2022-10-20,21.4560154854
2022-10-21,21.5914131431
2022-10-24,19.4340771309
2022-10-25,19.8041640619
2022-10-26,20.5443379238
2022-10-27,20.0027472931
2022-10-28,19.4431036414
2022-10-31,18.9105395213
2022-11-01,19.7138989568
2022-11-02,19.8041640619
2022-11-03,20.0027472931
2022-11-04,21.519201059
2022-11-07,21.6275191852
2022-11-08,21.6094661641
2022-11-09,20.724868134
2022-11-10,21.9885796056
2022-11-11,22.9724692514
2022-11-14,23.0988403985
2022-11-15,24.290339786
2022-11-16,23.7487491553
2022-11-17,24.308392807
2022-11-18,23.5501659241
2022-11-21,23.1891055036
2022-11-22,22.9634427408
2022-11-23,23.2613175877
2022-11-25,22.8641511252
2022-11-28,23.0627343565
2022-11-29,24.2361807229
2022-11-30,25.4186535999
2022-12-01,25.0395401584
2022-12-02,25.7526344888
2022-12-05,25.6713958942
2022-12-06,25.9963502727
2022-12-07,25.4367066209
2022-12-08,26.267145588
2022-12-09,26.1317479303
2022-12-12,25.8248465729
2022-12-13,26.1345876705
2022-12-14,26.3004630507
2022-12-15,25.6738227257
2022-12-16,25.7475451169
2022-12-19,25.6001003345
2022-12-20,25.2130577809
2022-12-21,25.9226357959
2022-12-22,25.7659757147
2022-12-23,25.6185309323
2022-12-27,26.8349503867
2022-12-28,25.9502816926
2022-12-29,26.7335820988
2022-12-30,26.0792958771
2023-01-03,27.0192563646
2023-01-04,28.7425172582
2023-01-05,28.678010166
2023-01-06,28.7517325571
2023-01-09,28.7517325571
2023-01-10,29.1111292141
2023-01-11,29.4060187788
2023-01-12,29.1572057086
2023-01-13,29.5718941589
2023-01-17,28.9268232362
2023-01-18,28.6411489704
2023-01-19,29.212497502
2023-01-20,29.9405061148
2023-01-23,30.2722568751
2023-01-24,30.2169650817
2023-01-25,30.281472174
2023-01-26,30.6777300265
2023-01-27,30.6224382331
2023-01-30,29.4889564689
2023-01-31,29.3046504909
2023-02-01,29.9589367126
2023-02-02,29.3691575832
2023-02-03,28.6503642693
2023-02-06,28.2172452211
2023-02-07,28.4568429925
2023-02-08,28.0605851399
2023-02-09,28.585857177
2023-02-10,27.7749108741
2023-02-13,28.2356758189
2023-02-14,27.9776474498
2023-02-15,27.7564802763
2023-02-16,27.7749108741
2023-02-17,27.2127776414
2023-02-21,26.8994574789
2023-02-22,26.6690750065
2023-02-23,26.5216302242
2023-02-24,25.7198992202
2023-02-27,26.0608652794
2023-02-28,25.7659757147
2023-03-01,26.8349503867
2023-03-02,27.3233612282
2023-03-03,27.2865000326
2023-03-06,26.982395169
2023-03-07,26.4939843275
2023-03-08,26.2083100617
2023-03-09,25.2407036776
2023-03-10,25.2222730798
2023-03-13,25.378933161
2023-03-14,25.5448085412
2023-03-15,25.1854118842
2023-03-16,25.5079473456
2023-03-17,25.4434402533
2023-03-20,25.4250096555
2023-03-21,25.7844063125
2023-03-22,25.8673440025
2023-03-23,26.6782903054
2023-03-24,26.5677067187
2023-03-27,26.0240040838
2023-03-28,27.0929787558
2023-03-29,27.1021940547
2023-03-30,27.5629589995
2023-03-31,27.2127776414
2023-04-03,27.0929787558
2023-04-04,26.9731798701
2023-04-05,26.6598597076
2023-04-06,26.9916104679
2023-04-10,26.8994574789
2023-04-11,26.9178880767
2023-04-12,26.180664165
2023-04-13,26.7888738922
2023-04-14,26.4571231319
2023-04-17,27.1759164458
2023-04-18,27.0653328591
2023-04-19,26.7335820988
2023-04-20,26.5584914198
2023-04-21,26.1714488661
2023-04-24,25.9042051981
2023-04-25,25.203842482
2023-04-26,25.6185309323
2023-04-27,25.9779275893
2023-04-28,26.1069417738
2023-05-01,26.005573486
2023-05-02,25.5171626445
2023-05-03,25.3973637588
2023-05-04,26.0792958771
2023-05-05,26.4202619363
2023-05-08,26.622998512
2023-05-09,26.2083100617
2023-05-10,26.0240040838
2023-05-11,26.3004630507
2023-05-12,25.6093156334
2023-05-15,26.7612279955
2023-05-16,26.4847690286
2023-05-17,26.2083100617
2023-05-18,25.8489134047
2023-05-19,25.7106839213
2023-05-22,26.1253723716
2023-05-23,25.3328566665
2023-05-24,24.8260152272
2023-05-25,24.3191737879
2023-05-26,24.7246469394
2023-05-30,23.9966383265
2023-05-31,23.9321312343
2023-06-01,24.5403409614
2023-06-02,25.2775648732
2023-06-05,25.2407036776
2023-06-06,25.7936216114
2023-06-07,25.4843561804
2023-06-08,25.7531003001
2023-06-09,25.7809014159
2023-06-12,25.7160321457
2023-06-13,26.0125773812
2023-06-14,26.3647248484
2023-06-15,26.9485482809
2023-06-16,26.7910086245
2023-06-20,25.6418958368
2023-06-21,25.4843561804
2023-06-22,25.4287539487
2023-06-23,24.9005327479
2023-06-26,25.0302712884
2023-06-27,25.5770265665
2023-06-28,25.3638846784
2023-06-29,24.9654020182
2023-06-30,25.1970779834
2023-07-03,25.6789639912
2023-07-05,25.3824187557
2023-07-06,24.6503227054
2023-07-07,25.1878109448
2023-07-10,25.1692768676
2023-07-11,25.3360835626
2023-07-12,26.0959807287
2023-07-13,26.6890711998
2023-07-14,26.2164522307
2023-07-17,26.0867136901
2023-07-18,25.5028902576
2023-07-19,25.6696969526
2023-07-20,25.5770265665
2023-07-21,25.5955606437
2023-07-24,26.1423159218
2023-07-25,26.4666622732
2023-07-26,26.8466108562
2023-07-27,26.4110600415
2023-07-28,27.875252142
2023-07-31,28.1903314548
2023-08-01,27.5045705976
2023-08-02,26.661270084
2023-08-03,27.3840990957
2023-08-04,26.994883474
2023-08-07,26.8929460493
2023-08-08,26.3925259643
2023-08-09,26.5037304276
2023-08-10,26.7168723157
2023-08-11,25.8735718021
2023-08-14,25.6326287982
2023-08-15,25.2156120607
2023-08-16,24.6966578985
2023-08-17,24.8819986707
2023-08-18,24.2703741223
2023-08-21,24.2333059679
2023-08-22,24.2240389293
2023-08-23,24.7429930915
2023-08-24,24.8541975548
2023-08-25,24.8078623618
2023-08-28,25.4009528329
2023-08-29,25.9013729179
2023-08-30,25.7252991843
2023-08-31,25.3916857943
2023-09-01,25.9847762654
2023-09-05,25.6048276823
2023-09-06,25.6789639912
2023-09-07,24.9468679409
2023-09-08,24.9097997865
2023-09-11,25.2434131765
2023-09-12,25.2990154082
2023-09-13,25.0858735201
2023-09-14,25.2990154082
2023-09-15,25.1878109448
2023-09-18,25.0673394429
2023-09-19,25.0024701726
2023-09-20,24.826396439
2023-09-21,24.2889081996
2023-09-22,25.1507427904
2023-09-25,24.7615271687
2023-09-26,24.4186467401
2023-09-27,24.4742489718
2023-09-28,24.3352433926
2023-09-29,24.5854534351
2023-10-02,24.4371808173
2023-10-03,23.8626244235
2023-10-04,23.658749574
2023-10-05,23.8070221918
2023-10-06,24.3074422768
2023-10-09,24.2981752382
2023-10-10,24.9190668251
2023-10-11,25.160009829
2023-10-12,24.7244590143
2023-10-13,24.5391182421
2023-10-16,24.6966578985
2023-10-17,24.5113171262
2023-10-18,24.1035674273
2023-10-19,23.6865506898
2023-10-20,23.1953976435
2023-10-23,23.3992724929
2023-10-24,24.1499026204
2023-10-25,23.658749574
2023-10-26,23.7050847671
2023-10-27,23.7884881146
2023-10-30,24.0386981571
2023-10-31,23.6494825354
2023-11-01,23.612414381
2023-11-02,23.8626244235
2023-11-03,24.4186467401
2023-11-06,24.492783049
2023-11-07,24.3815785857
2023-11-08,24.2055048521
2023-11-09,23.8718914621
2023-11-10,23.7977551532
2023-11-13,24.112834466
2023-11-14,24.6317886282
2023-11-15,25.2156120607
2023-11-16,24.1869707748
2023-11-17,24.2055048521
2023-11-20,24.7337260529
2023-11-21,24.2425730065
2023-11-22,24.3630445085
2023-11-24,24.4279137787
2023-11-27,24.112834466
2023-11-28,23.825556269
2023-11-29,23.2231987593
2023-11-30,23.3158691454
2023-12-01,23.0656591029
2023-12-04,22.5281708635
2023-12-05,22.1852904349
2023-12-06,22.1945574735
2023-12-07,22.2686937824
2023-12-08,21.9628815082
2023-12-11,22.0462848557
2023-12-12,22.1945574735
2023-12-13,22.1204211646
2023-12-14,22.4076993615
2023-12-15,22.3613641685
2023-12-18,22.1296882032
2023-12-19,22.4262334387
2023-12-20,21.7936653832
2023-12-21,22.5546838164
2023-12-22,21.926843609
2023-12-26,22.0885600261
2023-12-27,22.1170982173
2023-12-28,22.7164002335
2023-12-29,22.8590911897
2024-01-02,22.1075854869
2024-01-03,22.5166328948
2024-01-04,22.2217382519
2024-01-05,22.0980727565
2024-01-08,21.8222035744
2024-01-09,21.3846179753
2024-01-10,21.3941307057
2024-01-11,21.7175635398
2024-01-12,21.6224362357
2024-01-16,20.9470323761
2024-01-17,20.4048067424
2024-01-18,20.4809085857
2024-01-19,20.623599542
2024-01-22,20.1099120995
2024-01-23,21.0326469499
2024-01-24,21.6604871573
2024-01-25,21.6414616965
2024-01-26,21.4987707403
2024-01-29,21.2038760974
2024-01-30,20.8614178024
2024-01-31,20.6997013853
2024-02-01,20.7948286895
2024-02-02,20.3667558207
2024-02-05,20.8138541503
2024-02-06,22.0029454523
2024-02-07,21.5177962011
2024-02-08,21.0231342195
2024-02-09,21.2704652103
2024-02-12,21.6129235052
2024-02-13,21.1182615236
2024-02-14,21.5653598532
2024-02-15,21.6509744269
2024-02-16,21.9458690698
2024-02-20,21.8031781136
2024-02-21,22.4405310514
2024-02-22,22.7829893464
2024-02-23,22.9447057635
2024-02-26,22.7449384248
2024-02-27,23.1349603718
2024-02-28,22.316865556
2024-02-29,22.2788146344
2024-03-01,22.7544511552
2024-03-04,22.2502764431
2024-03-05,21.9078181481
2024-03-06,22.3834546689
2024-03-07,22.1932000606
2024-03-08,22.3263782865
2024-03-11,22.8686039202
2024-03-12,23.3632659018
2024-03-13,23.4393677451
2024-03-14,22.9637312243
2024-03-15,22.8210402681
2024-03-18,22.8590911897
2024-03-19,22.7449384248
2024-03-20,22.9542184939
2024-03-21,22.8495784593
2024-03-22,22.5261456252
2024-03-25,22.5546838164
2024-03-26,22.6783493118
2024-03-27,22.6498111206
2024-03-28,22.8971421114
2024-04-01,23.2110622151
2024-04-02,23.4013168235
2024-04-03,23.2586258672
2024-04-04,23.1349603718
2024-04-05,23.0112948764
2024-04-08,23.1730112935
2024-04-09,23.391804093
2024-04-10,23.2776513281
2024-04-11,23.4964441276
2024-04-12,22.6783493118
2024-04-15,22.7544511552
2024-04-16,22.5166328948
2024-04-17,22.4976074339
2024-04-18,22.9066548418
2024-04-19,22.8400657289
2024-04-22,23.230087676
2024-04-23,23.5915714318
2024-04-24,24.0386697613
2024-04-25,24.2003861784
2024-04-26,24.6094335863
2024-04-29,24.8377391163
2024-04-30,24.2479498305
2024-05-01,24.4286917084
2024-05-02,25.8270630796
2024-05-03,25.998292227
2024-05-06,25.9792667662
2024-05-07,25.60827028
2024-05-08,25.5131429758
2024-05-09,26.06488134
2024-05-10,26.4168523653
2024-05-13,26.9781034599
2024-05-14,26.6451578953
2024-05-15,26.9495652686
2024-05-16,27.7391218932
2024-05-17,27.9008383103
2024-05-20,27.5964309369
2024-05-21,27.1683580682
2024-05-22,26.8258997732
2024-05-23,26.2836741395
2024-05-24,26.2361104874
2024-05-28,26.2170850266
2024-05-29,25.7985248883
2024-05-30,25.8270630796
2024-05-31,25.3324010979
2024-06-03,25.4560665933
2024-06-04,25.6558339321
2024-06-05,25.8746267316
2024-06-06,25.8651140012
2024-06-07,25.2087356025
2024-06-10,25.4465538629
2024-06-11,25.2608615601
2024-06-12,25.2036023348
2024-06-13,25.1845159264
2024-06-14,24.9745654336
2024-06-17,25.2894911727
2024-06-18,25.346750398
2024-06-20,25.652132933
2024-06-21,25.213145539
2024-06-24,25.4994416655
2024-06-25,25.299034377
2024-06-26,25.3085775812
2024-06-27,24.7073557156
2024-06-28,24.8027877577
2024-07-01,24.8886765957
2024-07-02,25.2226887432
2024-07-03,25.6712193414
2024-07-05,25.2322319475
2024-07-08,25.0318246589
2024-07-09,25.2894911727
2024-07-10,25.1749727222
2024-07-11,25.7093921583
2024-07-12,25.9766018763
2024-07-15,25.3944664191
2024-07-16,25.3944664191
2024-07-17,25.0509110673
2024-07-18,24.8218741662
2024-07-19,24.6405532861
2024-07-22,25.1558863137
2024-07-23,24.8027877577
2024-07-24,24.5260348355
2024-07-25,24.2301955048
2024-07-26,24.3542571596
2024-07-29,24.3924299764
2024-07-30,24.1729362795
2024-07-31,24.506948427
2024-08-01,24.1633930752
2024-08-02,24.0488746247
2024-08-05,23.886640153
2024-08-06,23.6480600476
2024-08-07,23.753035294
2024-08-08,24.3256275469
2024-08-09,24.2874547301
2024-08-12,24.4783188144
2024-08-13,24.6214668776
2024-08-14,24.1633930752
2024-08-15,24.6596396945
2024-08-16,25.1558863137
2024-08-19,25.3849232149
2024-08-20,24.8123309619
2024-08-21,25.0699974758
2024-08-22,24.8791333915
2024-08-23,25.2704047643
2024-08-26,25.0699974758
2024-08-27,25.346750398
2024-08-28,24.945935821
2024-08-29,25.1272567011
2024-08-30,25.2513183559
2024-09-03,24.8123309619
2024-09-04,24.7932445535
2024-09-05,24.6691828987
2024-09-06,24.3351707511
2024-09-09,24.3542571596
2024-09-10,24.2969979343
2024-09-11,24.5451212439
2024-09-12,24.5355780397
2024-09-13,24.6787261029
2024-09-16,24.8218741662
2024-09-17,25.1367999053
2024-09-18,24.993651842
2024-09-19,25.8907130384
2024-09-20,25.9097994468
2024-09-23,26.4155892703
2024-09-24,29.011340817
2024-09-25,28.2097116629
2024-09-26,30.4619078579
2024-09-27,30.7004879633
2024-09-30,30.3283029989
2024-10-01,31.5880059554
2024-10-02,33.8592885588
2024-10-03,32.9240545457
2024-10-04,34.0787822558
2024-10-07,35.014016269
2024-10-08,31.8074996524
2024-10-09,31.2921666247
2024-10-10,31.702524406
2024-10-11,31.8456724692
2024-10-14,31.2444506036
2024-10-15,29.6793651122
2024-10-16,30.2042413441
2024-10-17,29.4407850068
2024-10-18,30.7004879633
2024-10-21,30.290130182
2024-10-22,30.5287102874
2024-10-23,30.4619078579
2024-10-24,30.2805869778
2024-10-25,30.2710437736
2024-10-28,30.7959200055
2024-10-29,30.5764263085
2024-10-30,30.1851549356
2024-10-31,30.1183525061
2024-11-01,30.2328709567
2024-11-04,30.4141918368
2024-11-05,31.1490185615
2024-11-06,30.2328709567
2024-11-07,31.8933884903
2024-11-08,30.0324636682
2024-11-11,30.0324636682
2024-11-12,28.9254519791
2024-11-13,28.8872791622
2024-11-14,28.5818966273
2024-11-15,28.7727607116
2024-11-18,29.316723352
2024-11-19,29.0017976128
2024-11-20,29.1354024718
2024-11-21,28.963624796
2024-11-22,28.3337733177
2024-11-25,28.3433165219
2024-11-26,28.171538846
2024-11-27,28.9254519791
2024-11-29,28.9254519791
2024-12-02,28.9827112044
2024-12-03,29.1067728592
2024-12-04,28.8968223664
2024-12-05,28.9827112044
2024-12-06,29.364439373
2024-12-09,31.7788700397
2024-12-10,30.3283029989
2024-12-11,30.0420068724
2024-12-12,30.0610932808
2024-12-13,29.6793651122
2024-12-16,29.1926616971
2024-12-17,29.6994965015
2024-12-18,29.099115418
2024-12-19,29.2831031694
2024-12-20,29.4574073549
2024-12-23,29.7285471991
2024-12-24,30.1062062677
2024-12-26,30.1352569653
2024-12-27,29.873800687
2024-12-30,29.5251923159
2024-12-31,29.4767744866
2025-01-02,28.9441783642
2025-01-03,29.4283566573
2025-01-06,29.0410140228
2025-01-07,28.6827220859
2025-01-08,28.5762028614
2025-01-10,27.7434161972
2025-01-13,27.8789861192
2025-01-14,28.4890507686
2025-01-15,28.8763934031
2025-01-16,28.886076969
2025-01-17,29.447723789
2025-01-21,29.7769650284
2025-01-22,29.5639265794
2025-01-23,29.592977277
2025-01-24,30.3289282825
2025-01-27,30.6000681267
2025-01-28,30.9486764978
2025-01-29,30.8227901416
2025-01-30,31.5587411471
2025-01-31,30.8808915367
2025-02-03,30.7162709171
2025-02-04,31.4425383568
2025-02-05,30.9196258002
2025-02-06,31.2585506054
2025-02-07,31.6943110692
2025-02-10,32.556148431
2025-02-11,32.2850085869
2025-02-12,33.0887445535
2025-02-13,33.0790609876
2025-02-14,33.9312147835
2025-02-18,34.182987496
2025-02-19,33.9408983494
2025-02-20,34.5993808281
2025-02-21,35.0932426871
2025-02-24,33.9215312177
2025-02-25,34.2604560229
2025-02-26,35.2869140043
2025-02-27,34.9092549357
2025-02-28,34.1152025349
2025-03-03,33.4179857928
2025-03-04,33.9312147835
2025-03-05,35.6258388095
2025-03-06,35.8001429951
2025-03-07,35.7904594292
2025-03-10,34.8317864088
2025-03-11,35.238496175
2025-03-12,35.1997619116
2025-03-13,35.4321674923
2025-03-14,36.4683090396
2025-03-17,37.3301464014
2025-03-18,37.2720450062
2025-03-19,37.1171079524
2025-03-20,36.0519157075
2025-03-21,35.4031167947
2025-03-24,35.5096360192
2025-03-25,35.1513440823
2025-03-26,35.1222933847
2025-03-27,35.5193195851
2025-03-28,34.7059000526
2025-03-31,34.7059000526
2025-04-01,34.6284315257
2025-04-02,34.4153930767
2025-04-03,34.1055189691
2025-04-04,31.7039946351
2025-04-07,29.0506975886
2025-04-08,28.6536713883
2025-04-09,30.6775366536
2025-04-10,30.5613338633
2025-04-11,31.8976659523
2025-04-14,32.3140592844
2025-04-15,32.130071533
2025-04-16,31.3941205275
2025-04-17,31.3747533957
2025-04-21,31.4038040933
2025-04-22,32.4012113772
2025-04-23,32.7595033141
2025-04-24,33.0306431583
2025-04-25,32.9047568021
2025-04-28,32.9241239338
2025-04-29,32.7304526165
2025-04-30,32.7885540117
2025-05-01,32.7207690507
2025-05-02,33.8053284273
2025-05-05,33.7665941639
2025-05-06,34.1539367984
2025-05-07,33.3792515294
2025-05-08,33.8924805201
2025-05-09,33.7278599004
2025-05-12,34.8995713698
2025-05-13,34.6090643939
2025-05-14,35.1610276481
2025-05-15,34.6187479598
2025-05-16,34.5122287353
2025-05-19,34.7252671843
2025-05-20,35.1126098188
2025-05-21,34.9479891991
2025-05-22,34.7736850136
2025-05-23,34.8317864088
2025-05-27,34.4734944719
2025-05-28,34.1248861008
2025-05-29,34.4928616036
2025-05-30,33.8924805201
2025-06-02,34.2314053253
2025-06-03,34.5703301305
2025-06-04,35.2191290433
2025-06-05,35.4709017557
2025-06-06,35.4321674923
2025-06-09,35.8872950878
2025-06-10,36.0422321417
2025-06-11,36.226219893
2025-06-12,36.0809664051
2025-06-13,35.4224839264
2025-06-16,36.0023445655
2025-06-17,35.5801736311
2025-06-18,35.0990951245
2025-06-20,34.8732827643
2025-06-23,35.4230867718
2025-06-24,36.4245154999
2025-06-25,36.385243785
2025-06-26,36.4834230721
2025-06-27,36.1397955674
2025-06-30,36.0907059239
2025-07-01,36.1594314248
2025-07-02,36.0219804229
2025-07-03,35.6096274173
2025-07-07,35.6488991321
2025-07-08,36.0219804229
2025-07-09,35.5212660589
2025-07-10,35.8550756349
2025-07-11,35.8158039201
2025-07-14,36.2379748545
2025-07-15,36.95468365
2025-07-16,36.787778862
2025-07-17,36.9055940065
2025-07-18,37.3670366557
2025-07-21,37.5143055863
2025-07-22,38.0346558077
2025-07-23,38.3684653837
2025-07-24,38.191742667
2025-07-25,37.9462944493
2025-07-28,37.7793896613
2025-07-29,37.524123515
2025-07-30,37.0921346519
2025-07-31,36.7583250759
2025-08-01,36.1594314248
2025-08-04,36.787778862
2025-08-05,36.95468365
2025-08-06,37.1019525806
2025-08-07,37.0528629371
2025-08-08,36.9841374361
2025-08-11,36.6503278601
2025-08-12,37.2492215112
2025-08-13,38.3782833124
2025-08-14,37.6419386594
2025-08-15,37.6419386594
2025-08-18,37.8775689484
2025-08-19,37.524123515
2025-08-20,37.7303000178
2025-08-21,37.6713924456
2025-08-22,38.525552243
2025-08-25,38.4273729559
2025-08-26,38.5059163856
2025-08-27,37.524123515
2025-08-28,37.857933091
2025-08-29,38.2015605957
2025-09-02,38.5451881004
2025-09-03,38.2015605957
2025-09-04,37.6321207307
2025-09-05,38.191742667
2025-09-08,38.7219108171
2025-09-09,39.2422610385
2025-09-10,38.9968128209
2025-09-11,39.9982415489
2025-09-12,39.7527933313
2025-09-15,40.0375132637
2025-09-16,40.3025973388
2025-09-17,40.8622192751
2025-09-18,40.3320511249
2025-09-19,40.1847821943
2025-09-22,39.9098801906
2025-09-23,39.3698941117
2025-09-24,39.8313367609
2025-09-25,39.929516048
2025-09-26,39.595706472
2025-09-29,40.2338718379
2025-09-30,40.3909586972
2025-10-01,40.6265889861
2025-10-02,40.9898523482
2025-10-03,40.6658607009
2025-10-06,40.6462248435
2025-10-07,40.1847821943
2025-10-08,40.3025973388
2025-10-09,39.7724291887
2025-10-10,37.6321207307
2025-10-13,38.8102721755
2025-10-14,38.6826391023
2025-10-15,39.0753562505
2025-10-16,39.261896896
2025-10-17,39.2717148247
2025-10-20,39.7527933313
2025-10-21,39.2128072524
2025-10-22,39.0164486783
2025-10-23,39.6742499016
2025-10-24,39.8117009035
2025-10-27,40.3320511249
2025-10-28,40.1160566934
2025-10-29,40.2240539092
2025-10-30,39.4189837553
2025-10-31,38.9869948922
2025-11-03,39.1048100367
2025-11-04,38.6531853162
2025-11-05,39.0459024644
2025-11-06,39.4091658265
2025-11-07,39.2128072524
2025-11-10,40.0178774063
2025-11-11,40.0178774063
2025-11-12,40.1651463369
2025-11-13,39.9098801906
2025-11-14,39.3895299691
2025-11-17,38.9477231774
2025-11-18,38.7906363181
2025-11-19,38.3979191698
2025-11-20,37.8775689484
2025-11-21,38.0150199503
2025-11-24,38.6335494588
2025-11-25,38.8789976764
2025-11-26,38.6531853162
2025-11-28,38.8102721755
2025-12-01,38.9182693912
2025-12-02,38.7710004606
2025-12-03,38.4960984569
2025-12-04,38.5942777439
2025-12-05,39.1637176089
2025-12-08,38.7513646032
2025-12-09,38.1131992373
2025-12-10,38.3782833124
2025-12-11,38.4764625995
2025-12-12,38.3684653837
2025-12-15,38.0346558077
2025-12-16,37.6772979297
2025-12-17,37.5681171401
2025-12-18,37.9254360878
2025-12-19,38.3125316145
2025-12-22,38.3423081934
2025-12-23,38.2430529302
2025-12-24,38.2629039828
2025-12-26,38.6400739832
2025-12-29,38.1834997722
2025-12-30,38.3820102987
2025-12-31,38.0048402984
2026-01-02,39.5234458261
2026-01-05,39.6326266157
2026-01-06,39.612775563
2026-01-07,38.9874674046
2026-01-08,39.1065737205
2026-01-09,39.0569460888
2026-01-12,40.3373389848
2026-01-13,39.9502434581
2026-01-14,39.7418074053
2026-01-15,39.7021053
2026-01-16,39.0073184572
2026-01-20,38.5805208252
2026-01-21,39.0470205625
2026-01-22,39.1859779311
2026-01-23,39.1462758258
2026-01-26,39.1562013521
2026-01-27,39.642552142
2026-01-28,40.1983816162
2026-01-29,40.4762963533
2026-01-30,39.3150097733
2026-02-02,38.878286615
2026-02-03,38.4316379304
2026-02-04,37.9849892457
2026-02-05,37.9155105615
2026-02-06,38.9279142466
2026-02-09,39.1065737205
2026-02-10,39.2356055627
2026-02-11,39.1760524047
2026-02-12,38.3720847724
2026-02-13,38.0445424037
2026-02-17,38.2331274039
2026-02-18,38.4316379304
2026-02-19,38.3224571408
2026-02-20,38.5209676673
2026-02-23,38.3919358251
2026-02-24,38.084244509
2026-02-25,38.1338721406
2026-02-26,37.1115429291
2026-02-27,37.0023621396
2026-03-02,36.6251921392
2026-03-03,35.7914479279
2026-03-04,35.9403308228
2026-03-05,35.3150226643
2026-03-06,35.5532352961
2026-03-09,36.2083200336
2026-03-10,36.3175008231
2026-03-11,36.128915823
2026-03-12,35.8907031912
2026-03-13,35.9701074018
2026-03-16,36.6053410866
2026-03-17,36.6152666129
2026-03-18,35.9304052965
2026-03-19,35.9204797701
2026-03-20,34.8981505587
2026-03-23,35.1165121378
2026-03-24,35.0768100325
2026-03-25,35.73189477
2026-03-26,34.6698634532
2026-03-27,34.5904592426
2026-03-30,34.7393421375
2026-03-31,35.6326395067
2026-04-01,35.2951716117
2026-04-02,35.2951716117
2026-04-06,35.2852460853
2026-04-07,35.2157674011
2026-04-08,36.0792881913
2026-04-09,36.0197350334
2026-04-10,35.9800329281
2026-04-13,36.1884689809
2026-04-14,36.6152666129
2026-04-15,36.6053410866
2026-04-16,36.9527345079
2026-04-17,37.319978982
2026-04-20,37.3795321399
2026-04-21,36.833628192
2026-04-22,36.6946708235
2026-04-23,36.2182455599
2026-04-24,36.5854900339
2026-04-27,36.1785434546
2026-04-28,35.9800329281
2026-04-29,36.069362665
2026-04-30,36.5160113496
2026-05-01,36.5358624023
2026-05-04,36.2777987178
2026-05-05,36.2182455599
2026-05-06,37.2107981924
2026-05-07,36.9130324026
2026-05-08,36.9626600343
2026-05-11,37.1909471397
2026-05-12,37.0519897712
2026-05-13,37.9750637194
2026-05-14,36.9626600343
2026-05-15,35.9304052965
2026-05-18,35.8907031912
2026-05-19,36.0098095071
2026-05-20,35.9701074018
2026-05-21,35.6227139804
2026-05-22,35.2554695064
2026-05-26,35.4837566118
2026-05-27,35.0569589799
2026-05-28,34.7294166111
2026-05-29,34.7889697691
2026-06-01,35.0768100325
2026-06-02,36.0892137177
2026-06-03,35.275320559
2026-06-04,35.2058418747
2026-06-05,34.4912039793
2026-06-08,34.4217252951
2026-06-09,34.4316508214
2026-06-10,34.4912039793
2026-06-11,34.6500124005
2026-06-12,35.0271824009
2026-06-15,35.11
2026-06-16,34.56
2026-06-17,33.65
2026-06-18,33.3
2026-06-22,33.43
2026-06-23,32.83
2026-06-24,32.36
2026-06-25,31.68
2026-06-26,31.59
2026-06-29,31.71
2026-06-30,31.59
2026-07-01,31.97
2026-07-02,31.91
2026-07-06,32.49
2026-07-07,32.49
2026-07-08,33.44
2026-07-09,33.41
2026-07-10,33.48
2026-07-13,33.44
2026-07-14,33.77
2026-07-15,34.28
2026-07-16,34.53
2026-07-17,34.13
2026-07-20,35.04
2026-07-21,34.63
2026-07-22,34.43
2026-07-23,34.46
2026-07-24,34.58
2026-07-27,35.28
2026-07-28,35.65
2026-07-29,36.12
2026-07-30,36.52
2026-07-31,36.5
2026-08-03,36.46
2026-08-04,36.31
2026-08-05,36.08
2026-08-06,35.95
2026-08-07,36.17
2026-08-10,36.49
2026-08-11,35.66
2026-08-12,35.23
2026-08-13,34.86
2026-08-14,34.89
2026-08-17,35.1
2026-08-18,35.06
2026-08-19,35.68
2026-08-20,35.67
2026-08-21,35.86
2026-08-24,35.55
2026-08-25,35.56
2026-08-26,35.55
2026-08-27,35.24
2026-08-28,35.51
2026-08-31,35.37
2026-09-01,35.34
2026-09-02,35.54
2026-09-03,35.34
2026-09-04,35.88
2026-09-08,35.0
2026-09-09,34.55
2026-09-10,34.35
2026-09-11,34.49
2026-09-14,34.84
2026-09-15,34.4
