# HG=F | Yahoo (browser) | fetched 2026-08-11
date,value
2021-08-10,4.3515
2021-08-11,4.364
2021-08-12,4.356
2021-08-13,4.387
2021-08-16,4.322
2021-08-17,4.2
2021-08-18,4.116
2021-08-19,4.0385
2021-08-20,4.1345
2021-08-23,4.2345
2021-08-24,4.255
2021-08-25,4.265
2021-08-26,4.246
2021-08-27,4.3165
2021-08-30,4.361
2021-08-31,4.36
2021-09-01,4.263
2021-09-02,4.29
2021-09-03,4.3255
2021-09-07,4.2775
2021-09-08,4.232
2021-09-09,4.2835
2021-09-10,4.448
2021-09-13,4.3635
2021-09-14,4.318
2021-09-15,4.4035
2021-09-16,4.2785
2021-09-17,4.2455
2021-09-20,4.117
2021-09-21,4.128
2021-09-22,4.2525
2021-09-23,4.231
2021-09-24,4.2875
2021-09-27,4.2935
2021-09-28,4.245
2021-09-29,4.2
2021-09-30,4.09
2021-10-01,4.1935
2021-10-04,4.2465
2021-10-05,4.202
2021-10-06,4.157
2021-10-07,4.251
2021-10-08,4.283
2021-10-11,4.3745
2021-10-12,4.329
2021-10-13,4.5205
2021-10-14,4.6315
2021-10-15,4.734
2021-10-18,4.7305
2021-10-19,4.714
2021-10-20,4.756
2021-10-21,4.5865
2021-10-22,4.526
2021-10-25,4.5515
2021-10-26,4.4865
2021-10-27,4.387
2021-10-28,4.4375
2021-10-29,4.3755
2021-11-01,4.402
2021-11-02,4.374
2021-11-03,4.326
2021-11-04,4.326
2021-11-05,4.349
2021-11-08,4.405
2021-11-09,4.38
2021-11-10,4.328
2021-11-11,4.4045
2021-11-12,4.4555
2021-11-15,4.407
2021-11-16,4.3585
2021-11-17,4.273
2021-11-18,4.31
2021-11-19,4.4085
2021-11-22,4.3955
2021-11-23,4.4235
2021-11-24,4.458
2021-11-26,4.2815
2021-11-29,4.337
2021-11-30,4.278
2021-12-01,4.2475
2021-12-02,4.299
2021-12-03,4.2665
2021-12-06,4.337
2021-12-07,4.338
2021-12-08,4.391
2021-12-09,4.33
2021-12-10,4.283
2021-12-13,4.28
2021-12-14,4.254
2021-12-15,4.1795
2021-12-16,4.3005
2021-12-17,4.291
2021-12-20,4.288
2021-12-21,4.338
2021-12-22,4.3895
2021-12-23,4.387
2021-12-27,4.465
2021-12-28,4.42
2021-12-29,4.402
2021-12-30,4.3845
2021-12-31,4.455
2022-01-03,4.4145
2022-01-04,4.466
2022-01-05,4.4045
2022-01-06,4.348
2022-01-07,4.403
2022-01-10,4.3445
2022-01-11,4.4205
2022-01-12,4.564
2022-01-13,4.534
2022-01-14,4.4115
2022-01-18,4.376
2022-01-19,4.4625
2022-01-20,4.5765
2022-01-21,4.5125
2022-01-24,4.403
2022-01-25,4.443
2022-01-26,4.5045
2022-01-27,4.413
2022-01-28,4.303
2022-01-31,4.318
2022-02-01,4.429
2022-02-02,4.491
2022-02-03,4.4665
2022-02-04,4.4835
2022-02-07,4.4615
2022-02-08,4.4595
2022-02-09,4.6005
2022-02-10,4.6575
2022-02-11,4.505
2022-02-14,4.5075
2022-02-15,4.5315
2022-02-16,4.5405
2022-02-17,4.525
2022-02-18,4.5195
2022-02-22,4.51
2022-02-23,4.4815
2022-02-24,4.454
2022-02-25,4.472
2022-02-28,4.4445
2022-03-01,4.5865
2022-03-02,4.6555
2022-03-03,4.7715
2022-03-04,4.929
2022-03-07,4.722
2022-03-08,4.7005
2022-03-09,4.564
2022-03-10,4.6435
2022-03-11,4.616
2022-03-14,4.5125
2022-03-15,4.5015
2022-03-16,4.588
2022-03-17,4.6905
2022-03-18,4.7305
2022-03-21,4.7015
2022-03-22,4.689
2022-03-23,4.7625
2022-03-24,4.729
2022-03-25,4.686
2022-03-28,4.714
2022-03-29,4.7165
2022-03-30,4.7395
2022-03-31,4.743
2022-04-01,4.6825
2022-04-04,4.7765
2022-04-05,4.791
2022-04-06,4.7335
2022-04-07,4.695
2022-04-08,4.72
2022-04-11,4.6285
2022-04-12,4.704
2022-04-13,4.707
2022-04-14,4.717
2022-04-18,4.796
2022-04-19,4.714
2022-04-20,4.6495
2022-04-21,4.7035
2022-04-22,4.5825
2022-04-25,4.449
2022-04-26,4.44
2022-04-27,4.4545
2022-04-28,4.4135
2022-04-29,4.395
2022-05-02,4.2555
2022-05-03,4.271
2022-05-04,4.3285
2022-05-05,4.285
2022-05-06,4.2615
2022-05-09,4.193
2022-05-10,4.1545
2022-05-11,4.2125
2022-05-12,4.105
2022-05-13,4.1805
2022-05-16,4.1965
2022-05-17,4.2395
2022-05-18,4.182
2022-05-19,4.285
2022-05-20,4.281
2022-05-23,4.3475
2022-05-24,4.3255
2022-05-25,4.277
2022-05-26,4.255
2022-05-27,4.304
2022-05-31,4.295
2022-06-01,4.33
2022-06-02,4.554
2022-06-03,4.4775
2022-06-06,4.4395
2022-06-07,4.4395
2022-06-08,4.4585
2022-06-09,4.389
2022-06-10,4.301
2022-06-13,4.2165
2022-06-14,4.1615
2022-06-15,4.1675
2022-06-16,4.112
2022-06-17,4.0175
2022-06-21,4.043
2022-06-22,3.9515
2022-06-23,3.7585
2022-06-24,3.76
2022-06-27,3.779
2022-06-28,3.784
2022-06-29,3.779
2022-06-30,3.7145
2022-07-01,3.619
2022-07-05,3.425
2022-07-06,3.418
2022-07-07,3.582
2022-07-08,3.532
2022-07-11,3.4375
2022-07-12,3.2965
2022-07-13,3.3255
2022-07-14,3.2105
2022-07-15,3.2345
2022-07-18,3.348
2022-07-19,3.2915
2022-07-20,3.3295
2022-07-21,3.302
2022-07-22,3.3485
2022-07-25,3.351
2022-07-26,3.3825
2022-07-27,3.4295
2022-07-28,3.475
2022-07-29,3.584
2022-08-01,3.552
2022-08-02,3.5245
2022-08-03,3.4695
2022-08-04,3.483
2022-08-05,3.553
2022-08-08,3.5875
2022-08-09,3.5925
2022-08-10,3.6555
2022-08-11,3.7105
2022-08-12,3.676
2022-08-15,3.629
2022-08-16,3.6365
2022-08-17,3.598
2022-08-18,3.6465
2022-08-19,3.6835
2022-08-22,3.6705
2022-08-23,3.7045
2022-08-24,3.6605
2022-08-25,3.7105
2022-08-26,3.7115
2022-08-29,3.6265
2022-08-30,3.545
2022-08-31,3.5185
2022-09-01,3.4145
2022-09-02,3.4215
2022-09-06,3.469
2022-09-07,3.438
2022-09-08,3.536
2022-09-09,3.581
2022-09-12,3.6255
2022-09-13,3.581
2022-09-14,3.5455
2022-09-15,3.5235
2022-09-16,3.561
2022-09-19,3.5575
2022-09-20,3.548
2022-09-21,3.512
2022-09-22,3.4985
2022-09-23,3.3715
2022-09-26,3.3135
2022-09-27,3.323
2022-09-28,3.382
2022-09-29,3.44
2022-09-30,3.442
2022-10-03,3.458
2022-10-04,3.518
2022-10-05,3.5325
2022-10-06,3.475
2022-10-07,3.4125
2022-10-10,3.4535
2022-10-11,3.478
2022-10-12,3.4445
2022-10-13,3.4675
2022-10-14,3.4505
2022-10-17,3.4555
2022-10-18,3.4065
2022-10-19,3.3605
2022-10-20,3.451
2022-10-21,3.523
2022-10-24,3.4795
2022-10-25,3.4505
2022-10-26,3.6295
2022-10-27,3.6255
2022-10-28,3.466
2022-10-31,3.4135
2022-11-01,3.5095
2022-11-02,3.5055
2022-11-03,3.4565
2022-11-04,3.7145
2022-11-07,3.6295
2022-11-08,3.7055
2022-11-09,3.7415
2022-11-10,3.796
2022-11-11,3.951
2022-11-14,3.855
2022-11-15,3.8395
2022-11-16,3.788
2022-11-17,3.6895
2022-11-18,3.632
2022-11-21,3.5715
2022-11-22,3.6145
2022-11-23,3.6175
2022-11-25,3.6265
2022-11-28,3.6105
2022-11-29,3.63
2022-11-30,3.7295
2022-12-01,3.814
2022-12-02,3.848
2022-12-05,3.7895
2022-12-06,3.8115
2022-12-07,3.8555
2022-12-08,3.8805
2022-12-09,3.876
2022-12-12,3.7985
2022-12-13,3.8395
2022-12-14,3.875
2022-12-15,3.763
2022-12-16,3.7615
2022-12-19,3.783
2022-12-20,3.7975
2022-12-21,3.806
2022-12-22,3.7515
2022-12-23,3.803
2022-12-27,3.8335
2022-12-28,3.832
2022-12-29,3.821
2022-12-30,3.8055
2023-01-03,3.766
2023-01-04,3.7395
2023-01-05,3.818
2023-01-06,3.9085
2023-01-09,4.0185
2023-01-10,4.067
2023-01-11,4.1545
2023-01-12,4.186
2023-01-13,4.2075
2023-01-17,4.215
2023-01-18,4.2285
2023-01-19,4.2265
2023-01-20,4.2485
2023-01-23,4.254
2023-01-24,4.2455
2023-01-25,4.24
2023-01-26,4.267
2023-01-27,4.224
2023-01-30,4.2035
2023-01-31,4.2285
2023-02-01,4.111
2023-02-02,4.094
2023-02-03,4.063
2023-02-06,4.0435
2023-02-07,4.0885
2023-02-08,4.0435
2023-02-09,4.1055
2023-02-10,4.0275
2023-02-13,4.087
2023-02-14,4.11
2023-02-15,4.052
2023-02-16,4.1655
2023-02-17,4.114
2023-02-21,4.2345
2023-02-22,4.2025
2023-02-23,4.073
2023-02-24,3.955
2023-02-27,4.009
2023-02-28,4.0975
2023-03-01,4.168
2023-03-02,4.084
2023-03-03,4.078
2023-03-06,4.1005
2023-03-07,3.9865
2023-03-08,4.0415
2023-03-09,4.0545
2023-03-10,4.0455
2023-03-13,4.0695
2023-03-14,4.0105
2023-03-15,3.8565
2023-03-16,3.8855
2023-03-17,3.9135
2023-03-20,3.9755
2023-03-21,4.0185
2023-03-22,4.0685
2023-03-23,4.146
2023-03-24,4.1015
2023-03-27,4.1045
2023-03-28,4.112
2023-03-29,4.115
2023-03-30,4.0905
2023-03-31,4.1045
2023-04-03,4.0595
2023-04-04,3.9835
2023-04-05,3.998
2023-04-06,4.026
2023-04-10,3.9865
2023-04-11,4.0245
2023-04-12,4.0845
2023-04-13,4.124
2023-04-14,4.1075
2023-04-17,4.066
2023-04-18,4.0895
2023-04-19,4.072
2023-04-20,4.022
2023-04-21,3.98
2023-04-24,3.953
2023-04-25,3.846
2023-04-26,3.85
2023-04-27,3.8645
2023-04-28,3.87
2023-05-01,3.917
2023-05-02,3.848
2023-05-03,3.8315
2023-05-04,3.85
2023-05-05,3.8715
2023-05-08,3.918
2023-05-09,3.889
2023-05-10,3.828
2023-05-11,3.6975
2023-05-12,3.7165
2023-05-15,3.7375
2023-05-16,3.6545
2023-05-17,3.743
2023-05-18,3.6815
2023-05-19,3.7225
2023-05-22,3.674
2023-05-23,3.6415
2023-05-24,3.5535
2023-05-25,3.5805
2023-05-26,3.6735
2023-05-30,3.658
2023-05-31,3.631
2023-06-01,3.7065
2023-06-02,3.7225
2023-06-05,3.7625
2023-06-06,3.767
2023-06-07,3.7545
2023-06-08,3.7965
2023-06-09,3.789
2023-06-12,3.7505
2023-06-13,3.8285
2023-06-14,3.866
2023-06-15,3.8965
2023-06-16,3.8845
2023-06-20,3.8785
2023-06-21,3.911
2023-06-22,3.8885
2023-06-23,3.806
2023-06-26,3.7865
2023-06-27,3.7815
2023-06-28,3.7205
2023-06-29,3.6775
2023-06-30,3.741
2023-07-03,3.779
2023-07-05,3.7535
2023-07-06,3.72
2023-07-07,3.767
2023-07-10,3.7715
2023-07-11,3.7535
2023-07-12,3.842
2023-07-13,3.9295
2023-07-14,3.922
2023-07-17,3.832
2023-07-18,3.816
2023-07-19,3.7995
2023-07-20,3.8175
2023-07-21,3.803
2023-07-24,3.8405
2023-07-25,3.902
2023-07-26,3.8905
2023-07-27,3.8635
2023-07-28,3.917
2023-07-31,3.9945
2023-08-01,3.8935
2023-08-02,3.8275
2023-08-03,3.876
2023-08-04,3.845
2023-08-07,3.813
2023-08-08,3.748
2023-08-09,3.7675
2023-08-10,3.751
2023-08-11,3.7145
2023-08-14,3.7245
2023-08-15,3.6615
2023-08-16,3.6515
2023-08-17,3.6855
2023-08-18,3.699
2023-08-21,3.712
2023-08-22,3.7505
2023-08-23,3.8035
2023-08-24,3.7675
2023-08-25,3.76
2023-08-28,3.754
2023-08-29,3.793
2023-08-30,3.785
2023-08-31,3.7725
2023-09-01,3.8125
2023-09-05,3.811
2023-09-06,3.7485
2023-09-07,3.726
2023-09-08,3.6805
2023-09-11,3.77
2023-09-12,3.752
2023-09-13,3.756
2023-09-14,3.7825
2023-09-15,3.7635
2023-09-18,3.7415
2023-09-19,3.714
2023-09-20,3.7465
2023-09-21,3.6665
2023-09-22,3.6655
2023-09-25,3.6495
2023-09-26,3.625
2023-09-27,3.627
2023-09-28,3.6945
2023-09-29,3.726
2023-10-02,3.632
2023-10-03,3.6155
2023-10-04,3.584
2023-10-05,3.547
2023-10-06,3.6245
2023-10-09,3.6425
2023-10-10,3.632
2023-10-11,3.614
2023-10-12,3.594
2023-10-13,3.58
2023-10-16,3.587
2023-10-17,3.5755
2023-10-18,3.582
2023-10-19,3.5915
2023-10-20,3.542
2023-10-23,3.573
2023-10-24,3.61
2023-10-25,3.572
2023-10-26,3.5685
2023-10-27,3.634
2023-10-30,3.6495
2023-10-31,3.6415
2023-11-01,3.645
2023-11-02,3.667
2023-11-03,3.6745
2023-11-06,3.7095
2023-11-07,3.67
2023-11-08,3.628
2023-11-09,3.635
2023-11-10,3.5835
2023-11-13,3.6625
2023-11-14,3.6825
2023-11-15,3.7175
2023-11-16,3.7045
2023-11-17,3.7375
2023-11-20,3.8125
2023-11-21,3.8145
2023-11-22,3.7665
2023-11-23,3.779
2023-11-24,3.7965
2023-11-27,3.7625
2023-11-28,3.801
2023-11-29,3.786
2023-11-30,3.829
2023-12-01,3.909
2023-12-04,3.8205
2023-12-05,3.7725
2023-12-06,3.7165
2023-12-07,3.7845
2023-12-08,3.82
2023-12-11,3.78
2023-12-12,3.786
2023-12-13,3.786
2023-12-14,3.8885
2023-12-15,3.885
2023-12-18,3.848
2023-12-19,3.896
2023-12-20,3.9015
2023-12-21,3.9085
2023-12-22,3.8955
2023-12-26,3.8955
2023-12-27,3.9435
2023-12-28,3.913
2023-12-29,3.8805
2024-01-02,3.869
2024-01-03,3.8475
2024-01-04,3.831
2024-01-05,3.7945
2024-01-08,3.7995
2024-01-09,3.7485
2024-01-10,3.781
2024-01-11,3.7765
2024-01-12,3.74
2024-01-16,3.7665
2024-01-17,3.7325
2024-01-18,3.745
2024-01-19,3.787
2024-01-22,3.764
2024-01-23,3.7905
2024-01-24,3.8825
2024-01-25,3.8655
2024-01-26,3.8505
2024-01-29,3.873
2024-01-30,3.9065
2024-01-31,3.9025
2024-02-01,3.8525
2024-02-02,3.8215
2024-02-05,3.772
2024-02-06,3.7825
2024-02-07,3.7375
2024-02-08,3.7055
2024-02-09,3.686
2024-02-12,3.7285
2024-02-13,3.714
2024-02-14,3.7005
2024-02-15,3.7565
2024-02-16,3.838
2024-02-20,3.8665
2024-02-21,3.8745
2024-02-22,3.8975
2024-02-23,3.882
2024-02-26,3.824
2024-02-27,3.831
2024-02-28,3.8275
2024-02-29,3.8345
2024-03-01,3.855
2024-03-04,3.852
2024-03-05,3.844
2024-03-06,3.8705
2024-03-07,3.9195
2024-03-08,3.885
2024-03-11,3.9225
2024-03-12,3.925
2024-03-13,4.0525
2024-03-14,4.037
2024-03-15,4.1125
2024-03-18,4.1145
2024-03-19,4.0585
2024-03-20,4.0385
2024-03-21,4.0465
2024-03-22,3.996
2024-03-25,4.007
2024-03-26,3.996
2024-03-27,3.9925
2024-03-28,4.0035
2024-04-01,4.046
2024-04-02,4.07
2024-04-03,4.193
2024-04-04,4.2465
2024-04-05,4.2395
2024-04-08,4.277
2024-04-09,4.286
2024-04-10,4.282
2024-04-11,4.252
2024-04-12,4.2575
2024-04-15,4.379
2024-04-16,4.3055
2024-04-17,4.3425
2024-04-18,4.4405
2024-04-19,4.502
2024-04-22,4.5005
2024-04-23,4.4905
2024-04-24,4.467
2024-04-25,4.5705
2024-04-26,4.569
2024-04-29,4.659
2024-04-30,4.5645
2024-05-01,4.5525
2024-05-02,4.494
2024-05-03,4.5735
2024-05-06,4.6345
2024-05-07,4.6255
2024-05-08,4.562
2024-05-09,4.6075
2024-05-10,4.6935
2024-05-13,4.8045
2024-05-14,4.9535
2024-05-15,4.9695
2024-05-16,4.892
2024-05-17,5.057
2024-05-20,5.0875
2024-05-21,5.119
2024-05-22,4.8675
2024-05-23,4.8165
2024-05-24,4.7785
2024-05-28,4.8755
2024-05-29,4.8055
2024-05-30,4.672
2024-05-31,4.61
2024-06-03,4.677
2024-06-04,4.548
2024-06-05,4.6195
2024-06-06,4.691
2024-06-07,4.4945
2024-06-10,4.5565
2024-06-11,4.523
2024-06-12,4.5815
2024-06-13,4.5075
2024-06-14,4.551
2024-06-17,4.5215
2024-06-18,4.562
2024-06-20,4.618
2024-06-21,4.494
2024-06-24,4.527
2024-06-25,4.381
2024-06-26,4.3675
2024-06-27,4.3285
2024-06-28,4.3905
2024-07-01,4.4265
2024-07-02,4.4295
2024-07-03,4.541
2024-07-05,4.6585
2024-07-08,4.622
2024-07-09,4.578
2024-07-10,4.6075
2024-07-11,4.5085
2024-07-12,4.5985
2024-07-15,4.529
2024-07-16,4.444
2024-07-17,4.399
2024-07-18,4.266
2024-07-19,4.219
2024-07-22,4.1805
2024-07-23,4.146
2024-07-24,4.099
2024-07-25,4.1125
2024-07-26,4.1045
2024-07-29,4.062
2024-07-30,4.063
2024-07-31,4.16
2024-08-01,4.0665
2024-08-02,4.084
2024-08-05,3.984
2024-08-06,4.0115
2024-08-07,3.9375
2024-08-08,3.945
2024-08-09,3.98
2024-08-12,4.055
2024-08-13,4.036
2024-08-14,4.025
2024-08-15,4.139
2024-08-16,4.1275
2024-08-19,4.1665
2024-08-20,4.1495
2024-08-21,4.1815
2024-08-22,4.141
2024-08-23,4.1945
2024-08-26,4.2115
2024-08-27,4.2305
2024-08-28,4.145
2024-08-29,4.1475
2024-08-30,4.145
2024-09-03,4.032
2024-09-04,4.0195
2024-09-05,4.0775
2024-09-06,4.0145
2024-09-09,4.0845
2024-09-10,4.0405
2024-09-11,4.083
2024-09-12,4.133
2024-09-13,4.175
2024-09-16,4.213
2024-09-17,4.2135
2024-09-18,4.238
2024-09-19,4.286
2024-09-20,4.2815
2024-09-23,4.289
2024-09-24,4.4295
2024-09-25,4.428
2024-09-26,4.581
2024-09-27,4.541
2024-09-30,4.496
2024-10-01,4.5355
2024-10-02,4.596
2024-10-03,4.502
2024-10-04,4.5225
2024-10-07,4.519
2024-10-08,4.412
2024-10-09,4.355
2024-10-10,4.385
2024-10-11,4.4515
2024-10-14,4.3635
2024-10-15,4.3005
2024-10-16,4.3315
2024-10-17,4.2865
2024-10-18,4.346
2024-10-21,4.323
2024-10-22,4.348
2024-10-23,4.3045
2024-10-24,4.3195
2024-10-25,4.3395
2024-10-28,4.332
2024-10-29,4.3325
2024-10-30,4.3275
2024-10-31,4.3135
2024-11-01,4.3475
2024-11-04,4.407
2024-11-05,4.4505
2024-11-06,4.2225
2024-11-07,4.41
2024-11-08,4.2865
2024-11-11,4.211
2024-11-12,4.1195
2024-11-13,4.066
2024-11-14,4.073
2024-11-15,4.051
2024-11-18,4.108
2024-11-19,4.13
2024-11-20,4.1435
2024-11-21,4.113
2024-11-22,4.074
2024-11-25,4.0915
2024-11-26,4.039
2024-11-27,4.067
2024-11-29,4.0805
2024-12-02,4.0755
2024-12-03,4.146
2024-12-04,4.142
2024-12-05,4.135
2024-12-06,4.1385
2024-12-09,4.2235
2024-12-10,4.2235
2024-12-11,4.214
2024-12-12,4.195
2024-12-13,4.149
2024-12-16,4.1435
2024-12-17,4.0915
2024-12-18,4.1
2024-12-19,4.0205
2024-12-20,4.041
2024-12-23,4.023
2024-12-24,4.0495
2024-12-26,4.072
2024-12-27,4.0625
2024-12-30,4.0455
2024-12-31,3.986
2025-01-02,3.9885
2025-01-03,4.0395
2025-01-06,4.127
2025-01-07,4.1605
2025-01-08,4.2275
2025-01-09,4.2795
2025-01-10,4.2745
2025-01-13,4.2955
2025-01-14,4.3105
2025-01-15,4.3595
2025-01-16,4.4105
2025-01-17,4.3375
2025-01-21,4.311
2025-01-22,4.2715
2025-01-23,4.2995
2025-01-24,4.29
2025-01-27,4.2035
2025-01-28,4.2205
2025-01-29,4.2575
2025-01-30,4.288
2025-01-31,4.262
2025-02-03,4.294
2025-02-04,4.3425
2025-02-05,4.4345
2025-02-06,4.4535
2025-02-07,4.5815
2025-02-10,4.7005
2025-02-11,4.5945
2025-02-12,4.698
2025-02-13,4.769
2025-02-14,4.6565
2025-02-18,4.585
2025-02-19,4.557
2025-02-20,4.608
2025-02-21,4.56
2025-02-24,4.517
2025-02-25,4.486
2025-02-26,4.542
2025-02-27,4.58
2025-02-28,4.5145
2025-03-03,4.5765
2025-03-04,4.5275
2025-03-05,4.7665
2025-03-06,4.779
2025-03-07,4.683
2025-03-10,4.6395
2025-03-11,4.74
2025-03-12,4.821
2025-03-13,4.8985
2025-03-14,4.8695
2025-03-17,4.9335
2025-03-18,4.993
2025-03-19,5.076
2025-03-20,5.085
2025-03-21,5.0875
2025-03-24,5.064
2025-03-25,5.183
2025-03-26,5.216
2025-03-27,5.0975
2025-03-28,5.1125
2025-03-31,5.02
2025-04-01,5.019
2025-04-02,5.0235
2025-04-03,4.811
2025-04-04,4.3845
2025-04-07,4.169
2025-04-08,4.1275
2025-04-09,4.1755
2025-04-10,4.321
2025-04-11,4.5075
2025-04-14,4.6105
2025-04-15,4.611
2025-04-16,4.674
2025-04-17,4.7315
2025-04-21,4.721
2025-04-22,4.8705
2025-04-23,4.8355
2025-04-24,4.85
2025-04-25,4.8355
2025-04-28,4.838
2025-04-29,4.823
2025-04-30,4.56
2025-05-01,4.581
2025-05-02,4.6275
2025-05-05,4.655
2025-05-06,4.735
2025-05-07,4.6165
2025-05-08,4.561
2025-05-09,4.611
2025-05-12,4.5785
2025-05-13,4.6815
2025-05-14,4.611
2025-05-15,4.6445
2025-05-16,4.5555
2025-05-19,4.6335
2025-05-20,4.6195
2025-05-21,4.638
2025-05-22,4.6485
2025-05-23,4.8065
2025-05-27,4.71
2025-05-28,4.644
2025-05-29,4.6535
2025-05-30,4.6525
2025-06-02,4.8345
2025-06-03,4.8095
2025-06-04,4.8645
2025-06-05,4.9135
2025-06-06,4.83
2025-06-09,4.9095
2025-06-10,4.884
2025-06-11,4.801
2025-06-12,4.8215
2025-06-13,4.803
2025-06-16,4.8265
2025-06-17,4.8005
2025-06-18,4.845
2025-06-20,4.826
2025-06-23,4.843
2025-06-24,4.867
2025-06-25,4.913
2025-06-26,5.0655
2025-06-27,5.0685
2025-06-30,5.03
2025-07-01,5.048
2025-07-02,5.149
2025-07-03,5.097
2025-07-04,5.0185
2025-07-07,4.9845
2025-07-08,5.645
2025-07-09,5.4435
2025-07-10,5.548
2025-07-11,5.562
2025-07-14,5.515
2025-07-15,5.546
2025-07-16,5.4965
2025-07-17,5.486
2025-07-18,5.578
2025-07-21,5.6105
2025-07-22,5.697
2025-07-23,5.795
2025-07-24,5.777
2025-07-25,5.7635
2025-07-28,5.595
2025-07-29,5.6035
2025-07-30,5.57
2025-07-31,4.3305
2025-08-01,4.4125
2025-08-04,4.415
2025-08-05,4.364
2025-08-06,4.391
2025-08-07,4.3785
2025-08-08,4.4555
2025-08-11,4.4235
2025-08-12,4.5085
2025-08-13,4.482
2025-08-14,4.4645
2025-08-15,4.478
2025-08-18,4.457
2025-08-19,4.409
2025-08-20,4.426
2025-08-21,4.4315
2025-08-22,4.4475
2025-08-25,4.4665
2025-08-26,4.4505
2025-08-27,4.4145
2025-08-28,4.4635
2025-08-29,4.5185
2025-09-02,4.5695
2025-09-03,4.5585
2025-09-04,4.488
2025-09-05,4.4825
2025-09-08,4.4905
2025-09-09,4.501
2025-09-10,4.55
2025-09-11,4.5905
2025-09-12,4.5885
2025-09-15,4.6555
2025-09-16,4.633
2025-09-17,4.571
2025-09-18,4.541
2025-09-19,4.569
2025-09-22,4.573
2025-09-23,4.5845
2025-09-24,4.7525
2025-09-25,4.7
2025-09-26,4.7155
2025-09-29,4.841
2025-09-30,4.805
2025-10-01,4.8305
2025-10-02,4.898
2025-10-03,5.058
2025-10-06,4.987
2025-10-07,5.048
2025-10-08,5.046
2025-10-09,5.0755
2025-10-10,4.8485
2025-10-13,5.1005
2025-10-14,4.9805
2025-10-15,4.972
2025-10-16,4.958
2025-10-17,4.9315
2025-10-20,4.998
2025-10-21,4.93
2025-10-22,4.961
2025-10-23,5.082
2025-10-24,5.0935
2025-10-27,5.1405
2025-10-28,5.1405
2025-10-29,5.2335
2025-10-30,5.078
2025-10-31,5.0655
2025-11-03,5.047
2025-11-04,4.926
2025-11-05,4.963
2025-11-06,4.9455
2025-11-07,4.938
2025-11-10,5.087
2025-11-11,5.0485
2025-11-12,5.0895
2025-11-13,5.0875
2025-11-14,5.0495
2025-11-17,5
2025-11-18,4.9625
2025-11-19,5.008
2025-11-20,4.9595
2025-11-21,5.0085
2025-11-24,4.962
2025-11-25,4.9995
2025-11-26,5.1045
2025-11-28,5.1855
2025-12-01,5.219
2025-12-02,5.161
2025-12-03,5.308
2025-12-04,5.2915
2025-12-05,5.382
2025-12-08,5.3645
2025-12-09,5.2405
2025-12-10,5.2755
2025-12-11,5.427
2025-12-12,5.2835
2025-12-15,5.3385
2025-12-16,5.287
2025-12-17,5.3635
2025-12-18,5.3665
2025-12-19,5.4395
2025-12-22,5.4375
2025-12-23,5.476
2025-12-24,5.4985
2025-12-26,5.7665
2025-12-29,5.4905
2025-12-30,5.7275
2025-12-31,5.63
2026-01-02,5.64
2026-01-05,5.9245
2026-01-06,6.0105
2026-01-07,5.809
2026-01-08,5.7465
2026-01-09,5.8555
2026-01-12,5.985
2026-01-13,5.97
2026-01-14,6.009
2026-01-15,5.948
2026-01-16,5.7885
2026-01-20,5.773
2026-01-21,5.7295
2026-01-22,5.7425
2026-01-23,5.911
2026-01-26,5.984
2026-01-27,5.8285
2026-01-28,5.8925
2026-01-29,6.1755
2026-01-30,5.897
2026-02-02,5.8015
2026-02-03,6.0625
2026-02-04,5.826
2026-02-05,5.799
2026-02-06,5.8635
2026-02-09,5.945
2026-02-10,5.896
2026-02-11,5.949
2026-02-12,5.771
2026-02-13,5.7925
2026-02-17,5.633
2026-02-18,5.7935
2026-02-19,5.73
2026-02-20,5.831
2026-02-23,5.773
2026-02-24,5.923
2026-02-25,5.9795
2026-02-26,5.947
2026-02-27,6.0045
2026-03-02,5.8945
2026-03-03,5.7735
2026-03-04,5.855
2026-03-05,5.753
2026-03-06,5.757
2026-03-09,5.8005
2026-03-10,5.904
2026-03-11,5.8455
2026-03-12,5.8245
2026-03-13,5.7145
2026-03-16,5.7905
2026-03-17,5.7265
2026-03-18,5.554
2026-03-19,5.433
2026-03-20,5.3425
2026-03-23,5.4395
2026-03-24,5.4225
2026-03-25,5.529
2026-03-26,5.4465
2026-03-27,5.467
2026-03-30,5.476
2026-03-31,5.5875
2026-04-01,5.624
2026-04-02,5.563
2026-04-06,5.5835
2026-04-07,5.5445
2026-04-08,5.7595
2026-04-09,5.748
2026-04-10,5.8705
2026-04-13,5.976
2026-04-14,6.0705
2026-04-15,6.072
2026-04-16,6.0665
2026-04-17,6.1035
2026-04-20,6.036
2026-04-21,6.0015
2026-04-22,6.12
2026-04-23,6.0755
2026-04-24,6.0235
2026-04-27,6.018
2026-04-28,5.9145
2026-04-29,5.8785
2026-04-30,5.926
2026-05-01,5.932
2026-05-04,5.795
2026-05-05,5.943
2026-05-06,6.1365
2026-05-07,6.1275
2026-05-08,6.249
2026-05-11,6.4135
2026-05-12,6.485
2026-05-13,6.6355
2026-05-14,6.5675
2026-05-15,6.2515
2026-05-18,6.272
2026-05-19,6.165
2026-05-20,6.2905
2026-05-21,6.257
2026-05-22,6.342
2026-05-26,6.361
2026-05-27,6.305
2026-05-28,6.396
2026-05-29,6.3595
2026-06-01,6.524
2026-06-02,6.6495
2026-06-03,6.481
2026-06-04,6.511
2026-06-05,6.2635
2026-06-08,6.3295
2026-06-09,6.3025
2026-06-10,6.249
2026-06-11,6.259
2026-06-12,6.4305
2026-06-15,6.4825
2026-06-16,6.489
2026-06-17,6.4815
2026-06-18,6.3745
2026-06-22,6.3565
2026-06-23,6.141
2026-06-24,5.943
2026-06-25,6.0705
2026-06-26,6.1415
2026-06-29,6.0975
2026-06-30,6.1925
2026-07-01,6.1235
2026-07-02,6.1145
2026-07-06,6.178
2026-07-07,6.1715
2026-07-08,6.0545
2026-07-09,6.215
2026-07-10,6.2335
2026-07-13,6.233
2026-07-14,6.33
2026-07-15,6.2935
2026-07-16,6.296
2026-07-17,6.22
2026-07-20,6.299
2026-07-21,6.511
2026-07-22,6.451
2026-07-23,6.305
2026-07-24,6.32
2026-07-27,6.339
2026-07-28,6.322
2026-07-29,6.2735
2026-07-30,6.4445
2026-07-31,6.436
2026-08-03,6.514
2026-08-04,6.6185
2026-08-05,6.703
2026-08-06,6.687
2026-08-07,6.5705
2026-08-10,6.5945
2026-08-11,6.658
