# MU | Tiingo | fetched 2026-08-23
date,value
2015-01-02,33.8803593476
2015-01-05,32.9297593371
2015-01-06,32.0474075325
2015-01-07,31.2966772678
2015-01-08,32.8273870283
2015-01-09,32.6860157447
2015-01-12,30.8676885451
2015-01-13,30.0633346901
2015-01-14,29.2979798099
2015-01-15,28.5667490326
2015-01-16,28.264506978
2015-01-20,28.9274895494
2015-01-21,29.7269685326
2015-01-22,30.1169582805
2015-01-23,30.1754567426
2015-01-26,30.2437049485
2015-01-27,28.907990062
2015-01-28,28.3668792868
2015-01-29,28.9664885242
2015-01-30,28.5326249297
2015-02-02,27.7233962028
2015-02-03,28.2206331314
2015-02-04,28.3035059528
2015-02-05,28.7519941629
2015-02-06,28.1865090284
2015-02-09,27.6405233814
2015-02-10,30.3119531544
2015-02-11,30.2437049485
2015-02-12,31.1406813687
2015-02-13,31.0529336754
2015-02-17,31.5209213728
2015-02-18,31.3649254737
2015-02-19,31.0139347006
2015-02-20,31.2284290619
2015-02-23,30.614195209
2015-02-24,29.9999613561
2015-02-25,29.7172187889
2015-02-26,29.8537152006
2015-02-27,29.9024639191
2015-03-02,30.4581993099
2015-03-03,28.9177398057
2015-03-04,28.5326249297
2015-03-05,28.5472495452
2015-03-06,27.7867695368
2015-03-09,27.942765436
2015-03-10,26.9190423478
2015-03-11,27.1822854276
2015-03-12,27.3187818394
2015-03-13,27.9963890263
2015-03-16,27.7916444087
2015-03-17,26.9677910663
2015-03-18,27.4552782511
2015-03-19,27.3480310705
2015-03-20,27.9622649234
2015-03-23,27.3187818394
2015-03-24,27.2602833772
2015-03-25,25.9050690033
2015-03-26,25.9928166966
2015-03-27,26.0074413121
2015-03-30,26.012316184
2015-03-31,26.4510546503
2015-04-01,26.4510546503
2015-04-02,26.0561900306
2015-04-06,26.7435469612
2015-04-07,26.1975613142
2015-04-08,26.4510546503
2015-04-09,27.1189120936
2015-04-10,27.3187818394
2015-04-13,27.1822854276
2015-04-14,27.0262895285
2015-04-15,27.4650279948
2015-04-16,27.3090320957
2015-04-17,27.3187818394
2015-04-20,27.5527756881
2015-04-21,27.8355182553
2015-04-22,28.7568690347
2015-04-23,28.7763685221
2015-04-24,28.4692515956
2015-04-27,28.5326249297
2015-04-28,28.264506978
2015-04-29,28.1475100536
2015-04-30,27.42602902
2015-05-01,28.264506978
2015-05-04,27.9525151797
2015-05-05,27.3382813268
2015-05-06,27.2895326083
2015-05-07,26.5875510621
2015-05-08,26.4998033688
2015-05-11,27.0555387596
2015-05-12,26.1975613142
2015-05-13,26.5095531125
2015-05-14,26.0220659277
2015-05-15,25.6710751546
2015-05-18,26.0903141335
2015-05-19,25.6515756672
2015-05-20,25.9245684907
2015-05-21,26.2268105453
2015-05-22,26.6460495243
2015-05-26,26.6362997806
2015-05-27,27.42602902
2015-05-28,27.5722751755
2015-05-29,27.2310341461
2015-06-01,27.7087715873
2015-06-02,27.0945377343
2015-06-03,26.4023059318
2015-06-04,26.3096833667
2015-06-05,25.9245684907
2015-06-08,25.271335663
2015-06-09,24.5596043731
2015-06-10,24.5596043731
2015-06-11,24.3938587302
2015-06-12,24.5011059109
2015-06-15,23.6333787219
2015-06-16,23.6333787219
2015-06-17,23.8673725706
2015-06-18,23.852747955
2015-06-19,23.8576228269
2015-06-22,24.013618726
2015-06-23,23.8771223143
2015-06-24,23.4578833353
2015-06-25,23.4188843605
2015-06-26,19.1679961086
2015-06-29,18.2612699447
2015-06-30,18.3685171254
2015-07-01,18.3100186632
2015-07-02,18.5927612304
2015-07-06,17.8615304532
2015-07-07,17.7445335288
2015-07-08,17.1887981381
2015-07-09,16.7208104406
2015-07-10,17.1302996759
2015-07-13,17.1692986507
2015-07-14,19.1192473901
2015-07-15,18.4172658439
2015-07-16,19.1192473901
2015-07-17,19.6164843186
2015-07-20,18.4172658439
2015-07-21,18.4075161002
2015-07-22,17.5495386548
2015-07-23,18.2320207136
2015-07-24,17.8810299406
2015-07-27,17.6665355792
2015-07-28,19.2557438018
2015-07-29,19.3727407262
2015-07-30,19.4019899573
2015-07-31,18.0467755834
2015-08-03,18.5245130246
2015-08-04,18.5342627683
2015-08-05,18.4367653313
2015-08-06,18.251520201
2015-08-07,17.9785273775
2015-08-10,18.349017638
2015-08-11,17.4325417305
2015-08-12,17.7347837851
2015-08-13,17.2570463439
2015-08-14,16.5258155666
2015-08-17,16.7890586465
2015-08-18,15.9700801759
2015-08-19,15.5020924784
2015-08-20,14.3711222096
2015-08-21,14.1663775919
2015-08-24,14.0786298987
2015-08-25,13.9128842558
2015-08-26,14.0591304113
2015-08-27,15.2778483734
2015-08-28,15.5605909406
2015-08-31,15.999329407
2015-09-01,15.4240945289
2015-09-02,15.8823324826
2015-09-03,16.1748247936
2015-09-04,16.3990688986
2015-09-08,17.0913007011
2015-09-09,16.5355653103
2015-09-10,16.7695591591
2015-09-11,16.3795694112
2015-09-14,16.2820719742
2015-09-15,16.1065765877
2015-09-16,16.2625724868
2015-09-17,15.999329407
2015-09-18,15.1121027306
2015-09-21,15.355846323
2015-09-22,15.0243550373
2015-09-23,14.4393704155
2015-09-24,14.9561068314
2015-09-25,14.5368678524
2015-09-28,13.7081396382
2015-09-29,14.0201314365
2015-09-30,14.5856165709
2015-10-01,14.4003714407
2015-10-02,15.5118422221
2015-10-05,17.1302996759
2015-10-06,17.7640330162
2015-10-07,18.1540227641
2015-10-08,18.251520201
2015-10-09,17.705534554
2015-10-12,17.5787878859
2015-10-13,17.7250340414
2015-10-14,18.349017638
2015-10-15,18.1930217389
2015-10-16,18.0370258397
2015-10-19,18.6805089237
2015-10-20,16.6623119784
2015-10-21,16.0188288944
2015-10-22,16.3015714616
2015-10-23,16.8085581339
2015-10-26,16.1650750499
2015-10-27,16.2625724868
2015-10-28,16.4965663356
2015-10-29,15.8043345331
2015-10-30,16.1455755625
2015-11-02,16.6623119784
2015-11-03,17.3886678838
2015-11-04,17.0035530078
2015-11-05,16.096826844
2015-11-06,16.0383283818
2015-11-09,15.4435940163
2015-11-10,15.1559765772
2015-11-11,15.1121027306
2015-11-12,14.9658565751
2015-11-13,14.6246155457
2015-11-16,14.517368365
2015-11-17,14.8976083692
2015-11-18,15.2193499112
2015-11-19,15.4728432474
2015-11-20,15.0438545247
2015-11-23,14.936607344
2015-11-24,15.2388493986
2015-11-25,15.1901006801
2015-11-27,15.1706011927
2015-11-30,15.5313417095
2015-12-01,16.1358258188
2015-12-02,15.4240945289
2015-12-03,15.2193499112
2015-12-04,15.1121027306
2015-12-07,14.4783693902
2015-12-08,14.2346257978
2015-12-09,13.9616329743
2015-12-10,14.29312426
2015-12-11,13.6886401508
2015-12-14,13.3181498903
2015-12-15,13.8251365625
2015-12-16,13.7178893819
2015-12-17,13.9616329743
2015-12-18,14.0006319491
2015-12-21,14.4003714407
2015-12-22,14.2443755415
2015-12-23,13.9421334869
2015-12-24,14.1176288735
2015-12-28,13.8348863062
2015-12-29,13.9811324617
2015-12-30,13.8056370751
2015-12-31,13.8056370751
2016-01-04,13.971382718
2016-01-05,14.4491201592
2016-01-06,13.8641355373
2016-01-07,13.3181498903
2016-01-08,12.9964083483
2016-01-11,12.2164288525
2016-01-12,12.4016739828
2016-01-13,11.7581908987
2016-01-14,11.719191924
2016-01-15,10.8027160164
2016-01-19,10.5297231929
2016-01-20,9.7984924156
2016-01-21,10.5784719114
2016-01-22,10.7929662727
2016-01-25,10.2177313946
2016-01-26,10.2859796005
2016-01-27,10.1299837013
2016-01-28,9.6376216446
2016-01-29,10.7539672979
2016-02-01,10.6857190921
2016-02-02,10.3249785753
2016-02-03,10.4907242181
2016-02-04,10.9489621719
2016-02-05,10.7247180669
2016-02-08,9.91548934
2016-02-09,9.7302442097
2016-02-10,9.6522462602
2016-02-11,9.4475016425
2016-02-12,9.7692431845
2016-02-16,10.5394729366
2016-02-17,11.1439570458
2016-02-18,11.202455508
2016-02-19,10.880713966
2016-02-22,10.7734667853
2016-02-23,10.2274811383
2016-02-24,10.3737272938
2016-02-25,10.4517252433
2016-02-26,10.4322257559
2016-02-29,10.3639775501
2016-03-01,10.7929662727
2016-03-02,11.3877006383
2016-03-03,11.4949478189
2016-03-04,11.5826955122
2016-03-07,11.2902032013
2016-03-08,10.3932267811
2016-03-09,10.5394729366
2016-03-10,10.6077211425
2016-03-11,11.104958071
2016-03-14,10.8709642223
2016-03-15,10.5784719114
2016-03-16,10.4517252433
2016-03-17,10.5979713988
2016-03-18,10.8612144786
2016-03-21,11.2414544828
2016-03-22,11.1537067895
2016-03-23,10.3834770375
2016-03-24,10.237230882
2016-03-28,10.1202339576
2016-03-29,10.1884821635
2016-03-30,10.2177313946
2016-03-31,10.2079816509
2016-04-01,10.7539672979
2016-04-04,10.5297231929
2016-04-05,10.139733445
2016-04-06,10.2079816509
2016-04-07,10.2469806257
2016-04-08,10.4517252433
2016-04-11,10.1884821635
2016-04-12,9.91548934
2016-04-13,10.6077211425
2016-04-14,10.139733445
2016-04-15,10.4224760122
2016-04-18,10.6174708862
2016-04-19,10.4517252433
2016-04-20,10.4809744744
2016-04-21,10.3834770375
2016-04-22,10.3932267811
2016-04-25,10.2859796005
2016-04-26,11.2219549954
2016-04-27,11.2707037139
2016-04-28,11.3292021761
2016-04-29,10.4809744744
2016-05-02,10.3542278064
2016-05-03,10.1007344702
2016-05-04,9.7497436971
2016-05-05,9.8082421593
2016-05-06,9.7399939534
2016-05-09,9.6229970291
2016-05-10,9.8374913904
2016-05-11,9.8472411341
2016-05-12,9.3890031803
2016-05-13,9.3207549745
2016-05-16,9.4377518988
2016-05-17,9.4280021551
2016-05-18,9.7984924156
2016-05-19,9.817991903
2016-05-20,10.5297231929
2016-05-23,10.8612144786
2016-05-24,11.202455508
2016-05-25,11.3097026887
2016-05-26,11.6509437181
2016-05-27,12.0019344912
2016-05-31,12.4016739828
2016-06-01,12.7624144996
2016-06-02,12.7819139869
2016-06-03,12.5381703945
2016-06-06,12.4504227012
2016-06-07,12.6746668063
2016-06-08,12.265177571
2016-06-09,12.1969293651
2016-06-10,11.8361888483
2016-06-13,11.7484411551
2016-06-14,11.621694487
2016-06-15,11.719191924
2016-06-16,11.6509437181
2016-06-17,11.8946873105
2016-06-20,12.0116842349
2016-06-21,12.4309232139
2016-06-22,12.4016739828
2016-06-23,13.6983898945
2016-06-24,12.8794114239
2016-06-27,11.9239365416
2016-06-28,12.6649170626
2016-06-29,12.8599119365
2016-06-30,13.4156473273
2016-07-01,12.1871796214
2016-07-05,11.6119447433
2016-07-06,11.4364493567
2016-07-07,11.8946873105
2016-07-08,12.3041765458
2016-07-11,12.3236760332
2016-07-12,12.8989109113
2016-07-13,12.9574093735
2016-07-14,12.9574093735
2016-07-15,12.8014134743
2016-07-18,13.006158092
2016-07-19,12.8891611676
2016-07-20,13.2499016844
2016-07-21,12.8501621928
2016-07-22,12.8014134743
2016-07-25,13.5716432264
2016-07-26,14.3028740037
2016-07-27,13.8348863062
2016-07-28,13.4643960457
2016-07-29,13.3961478399
2016-08-01,13.2206524533
2016-08-02,13.0646565542
2016-08-03,13.1719037348
2016-08-04,13.6788904071
2016-08-05,14.1566278482
2016-08-08,14.0591304113
2016-08-09,14.1176288735
2016-08-10,13.8446360499
2016-08-11,14.068880155
2016-08-12,14.5563673398
2016-08-15,15.1413519617
2016-08-16,15.1023529869
2016-08-17,15.131602218
2016-08-18,15.3753458104
2016-08-19,15.8433335078
2016-08-22,15.7848350457
2016-08-23,15.775085302
2016-08-24,15.1218524743
2016-08-25,15.7945847894
2016-08-26,16.096826844
2016-08-29,16.4868165919
2016-08-30,16.321070949
2016-08-31,16.0773273566
2016-09-01,16.223573512
2016-09-02,16.2820719742
2016-09-06,16.5843140288
2016-09-07,16.7305601843
2016-09-08,17.0133027515
2016-09-09,16.3893191549
2016-09-12,16.7208104406
2016-09-13,16.3308206927
2016-09-14,16.5063160793
2016-09-15,17.0133027515
2016-09-16,17.0425519826
2016-09-19,16.5258155666
2016-09-20,16.4965663356
2016-09-21,17.2180473691
2016-09-22,17.1497991633
2016-09-23,17.0425519826
2016-09-26,16.9255550582
2016-09-27,17.5495386548
2016-09-28,17.0035530078
2016-09-29,17.1010504448
2016-09-30,17.3350442935
2016-10-03,17.286295575
2016-10-04,17.3545437809
2016-10-05,17.2570463439
2016-10-06,17.286295575
2016-10-07,17.1692986507
2016-10-10,17.06205147
2016-10-11,16.4380678734
2016-10-12,16.3600699238
2016-10-13,16.4283181297
2016-10-14,16.7013109532
2016-10-17,16.5648145414
2016-10-18,16.9743037767
2016-10-19,16.7841837746
2016-10-20,16.7744340309
2016-10-21,16.516065823
2016-10-24,16.6330627473
2016-10-25,17.1010504448
2016-10-26,17.1985478818
2016-10-27,17.0913007011
2016-10-28,16.7695591591
2016-10-31,16.7305601843
2016-11-01,16.5550647977
2016-11-02,16.2625724868
2016-11-03,16.2040740246
2016-11-04,16.2625724868
2016-11-07,16.9401796738
2016-11-08,16.9743037767
2016-11-09,16.7695591591
2016-11-10,16.5648145414
2016-11-11,17.2277971128
2016-11-14,17.2667960876
2016-11-15,17.6470360918
2016-11-16,17.7835325036
2016-11-17,18.7000084111
2016-11-18,18.7292576422
2016-11-21,19.0022504657
2016-11-22,19.2459940581
2016-11-23,19.411739701
2016-11-25,19.6262340623
2016-11-28,19.4897376506
2016-11-29,18.9340022598
2016-11-30,19.0412494405
2016-12-01,18.0175263523
2016-12-02,18.3197684069
2016-12-05,18.1442730204
2016-12-06,18.5830114867
2016-12-07,19.9284761169
2016-12-08,20.1429704783
2016-12-09,19.9869745791
2016-12-12,19.5189868817
2016-12-13,19.6262340623
2016-12-14,19.5189868817
2016-12-15,19.7822299615
2016-12-16,19.7627304741
2016-12-19,19.8407284237
2016-12-20,20.1332207346
2016-12-21,20.0649725287
2016-12-22,22.6096556337
2016-12-23,22.6779038395
2016-12-27,22.7169028143
2016-12-28,22.2099161421
2016-12-29,21.7126792135
2016-12-30,21.3714381841
2017-01-03,21.985672037
2017-01-04,21.8004269068
2017-01-05,21.5566833144
2017-01-06,21.4884351085
2017-01-09,21.7809274194
2017-01-10,21.9174238312
2017-01-11,22.2196658858
2017-01-12,21.7516781883
2017-01-13,21.6249315203
2017-01-17,21.1959427976
2017-01-18,21.761427932
2017-01-19,21.1666935665
2017-01-20,21.4104371589
2017-01-23,21.342188953
2017-01-24,22.278164348
2017-01-25,22.9703961505
2017-01-26,22.9313971757
2017-01-27,23.370135642
2017-01-30,23.5748802597
2017-01-31,23.5066320538
2017-02-01,24.1306156504
2017-02-02,24.1696146252
2017-02-03,23.984369495
2017-02-06,23.7308761588
2017-02-07,23.984369495
2017-02-08,23.6041294908
2017-02-09,23.8381233395
2017-02-10,23.4481335916
2017-02-13,23.3018874362
2017-02-14,22.5414074278
2017-02-15,22.4439099908
2017-02-16,22.404911016
2017-02-17,22.7656515328
2017-02-21,23.1751407681
2017-02-22,23.1556412807
2017-02-23,22.8923982009
2017-02-24,22.6584043521
2017-02-27,23.1653910244
2017-02-28,22.8533992261
2017-03-01,23.9356207765
2017-03-02,24.0818669319
2017-03-03,24.9300946336
2017-03-06,25.0665910453
2017-03-07,24.9983428395
2017-03-08,24.7448495033
2017-03-09,24.5206053983
2017-03-10,24.5498546294
2017-03-13,25.0568413016
2017-03-14,24.9398443773
2017-03-15,25.4663305369
2017-03-16,25.3883325873
2017-03-17,25.1543387386
2017-03-20,25.5540782302
2017-03-21,24.8813459151
2017-03-22,25.4078320747
2017-03-23,25.8075715663
2017-03-24,27.718521331
2017-03-27,28.040262873
2017-03-28,27.9720146671
2017-03-29,27.7867695368
2017-03-30,28.2450074906
2017-03-31,28.1767592847
2017-04-03,27.9232659486
2017-04-04,27.8745172301
2017-04-05,27.5527756881
2017-04-06,27.9037664612
2017-04-07,27.8062690242
2017-04-10,26.9482915789
2017-04-11,26.4998033688
2017-04-12,26.0220659277
2017-04-13,26.0708146461
2017-04-17,26.4510546503
2017-04-18,26.460804394
2017-04-19,26.5778013184
2017-04-20,27.2602833772
2017-04-21,26.6362997806
2017-04-24,25.9050690033
2017-04-25,26.3145582386
2017-04-26,26.1195633646
2017-04-27,26.9385418352
2017-04-28,26.97754081
2017-05-01,27.5820249192
2017-05-02,27.075038247
2017-05-03,27.299282352
2017-05-04,27.0945377343
2017-05-05,27.4942772259
2017-05-08,27.3577808142
2017-05-09,28.0890115915
2017-05-10,28.58624852
2017-05-11,28.3035059528
2017-05-12,28.2060085158
2017-05-15,28.1085110788
2017-05-16,28.2937562091
2017-05-17,26.3243079823
2017-05-18,26.7922956797
2017-05-19,27.1237869654
2017-05-22,27.3577808142
2017-05-23,27.5820249192
2017-05-24,28.264506978
2017-05-25,28.6934957007
2017-05-26,29.0152372427
2017-05-30,29.9317131502
2017-05-31,29.9999613561
2017-06-01,29.9902116124
2017-06-02,30.4289500788
2017-06-05,30.4289500788
2017-06-06,30.7799408519
2017-06-07,31.6866670157
2017-06-08,31.6379182972
2017-06-09,29.8342157132
2017-06-12,30.4192003351
2017-06-13,30.7506916208
2017-06-14,30.2827039233
2017-06-15,29.7952167385
2017-06-16,29.1127346797
2017-06-19,30.4192003351
2017-06-20,30.0584598183
2017-06-21,31.2089295745
2017-06-22,31.0919326502
2017-06-23,30.935936751
2017-06-26,31.6866670157
2017-06-27,30.8676885451
2017-06-28,31.4331736796
2017-06-29,30.6824434149
2017-06-30,29.1127346797
2017-07-03,28.4107531335
2017-07-05,29.74646802
2017-07-06,29.3467285284
2017-07-07,29.4442259654
2017-07-10,29.7367182763
2017-07-11,30.5849459779
2017-07-12,30.6629439275
2017-07-13,30.3509521292
2017-07-14,30.9944352132
2017-07-17,30.9261870073
2017-07-18,31.1016823939
2017-07-19,31.0236844443
2017-07-20,31.1991798308
2017-07-21,31.2089295745
2017-07-24,30.8774382888
2017-07-25,29.1517336544
2017-07-26,29.0639859612
2017-07-27,29.4832249401
2017-07-28,28.5472495452
2017-07-31,27.4162792764
2017-08-01,27.6307736377
2017-08-02,27.9135162049
2017-08-03,27.1335367091
2017-08-04,27.2212844024
2017-08-07,27.8745172301
2017-08-08,28.1182608225
2017-08-09,27.8647674864
2017-08-10,26.8020454234
2017-08-11,27.3090320957
2017-08-14,28.5082505704
2017-08-15,28.9372392931
2017-08-16,29.9219634065
2017-08-17,28.8787408309
2017-08-18,29.6197213519
2017-08-21,28.8202423687
2017-08-22,29.6879695578
2017-08-23,29.6879695578
2017-08-24,29.4637254527
2017-08-25,29.5319736586
2017-08-28,30.3022034107
2017-08-29,30.6921931586
2017-08-30,30.8189398267
2017-08-31,31.1699305997
2017-09-01,31.7841644527
2017-09-05,31.2674280367
2017-09-06,31.4429234233
2017-09-07,31.9694095829
2017-09-08,31.6379182972
2017-09-11,32.6031429232
2017-09-12,33.4318711375
2017-09-13,33.7243634484
2017-09-14,33.7146137047
2017-09-15,33.7828619106
2017-09-18,34.543341919
2017-09-19,35.0503285912
2017-09-20,35.0698280786
2017-09-21,35.0113296164
2017-09-22,35.1673255156
2017-09-25,33.9973562719
2017-09-26,33.3246239568
2017-09-27,36.1617993727
2017-09-28,37.0100270743
2017-09-29,38.3457419608
2017-10-02,39.0087245322
2017-10-03,39.3597153053
2017-10-04,38.5699860659
2017-10-05,38.3847409356
2017-10-06,38.6772332465
2017-10-09,39.9349501835
2017-10-10,40.9294240406
2017-10-11,40.5686835238
2017-10-12,39.564459923
2017-10-13,39.3889645364
2017-10-16,40.4516865994
2017-10-17,39.3792147927
2017-10-18,40.6076824986
2017-10-19,40.2761912129
2017-10-20,40.4614363431
2017-10-23,40.5199348053
2017-10-24,40.5589337801
2017-10-25,40.0324476204
2017-10-26,39.5839594104
2017-10-27,39.8277030028
2017-10-30,40.6076824986
2017-10-31,43.201114322
2017-11-01,43.2693625279
2017-11-02,43.2303635531
2017-11-03,42.6161297002
2017-11-06,42.1676414901
2017-11-07,42.8501235489
2017-11-08,42.9866199607
2017-11-09,42.4113850825
2017-11-10,43.6593522758
2017-11-13,44.4588312589
2017-11-14,44.6538261329
2017-11-15,44.2248374102
2017-11-16,45.0243163934
2017-11-17,45.004816906
2017-11-20,46.4477789732
2017-11-21,48.1637338639
2017-11-22,47.9102405277
2017-11-24,48.4367266874
2017-11-27,46.8475184647
2017-11-28,46.7305215404
2017-11-29,42.6453789313
2017-11-30,41.3291635322
2017-12-01,40.9391737843
2017-12-04,38.9014773516
2017-12-05,40.1786937759
2017-12-06,40.5394342927
2017-12-07,42.1188927716
2017-12-08,42.1286425153
2017-12-11,41.9336476414
2017-12-12,40.8124271162
2017-12-13,40.9976722465
2017-12-14,41.1829173767
2017-12-15,41.3389132759
2017-12-18,42.6161297002
2017-12-19,42.87937278
2017-12-20,44.6050774144
2017-12-21,43.3083615027
2017-12-22,43.0158691918
2017-12-26,41.1926671204
2017-12-27,41.4169112254
2017-12-28,40.7636783977
2017-12-29,40.0909460826
2018-01-02,42.5771307254
2018-01-03,43.8543471497
2018-01-04,45.7067984522
2018-01-05,44.6538261329
2018-01-08,44.4100825405
2018-01-09,41.8946486666
2018-01-10,42.2261399523
2018-01-11,41.7484025111
2018-01-12,41.7386527674
2018-01-16,41.8458999481
2018-01-17,43.1523656035
2018-01-18,42.8891225237
2018-01-19,41.6801543053
2018-01-22,41.8069009733
2018-01-23,42.8501235489
2018-01-24,42.0018958473
2018-01-25,41.9336476414
2018-01-26,42.5771307254
2018-01-29,42.2066404649
2018-01-30,40.627181986
2018-01-31,42.6258794439
2018-02-01,41.4266609691
2018-02-02,39.7984537717
2018-02-05,38.4139901667
2018-02-06,42.781875343
2018-02-07,40.9586732717
2018-02-08,38.9989747886
2018-02-09,39.3987142801
2018-02-12,41.1341686582
2018-02-13,41.5631573809
2018-02-14,42.3626363641
2018-02-15,42.4113850825
2018-02-16,43.103616885
2018-02-20,43.7763492001
2018-02-21,43.4253584271
2018-02-22,43.1426158598
2018-02-23,45.3655574228
2018-02-26,46.7792702589
2018-02-27,47.3642548807
2018-02-28,47.5884989857
2018-03-01,46.4282794858
2018-03-02,47.8809912966
2018-03-05,50.7279164562
2018-03-06,52.3951226284
2018-03-07,52.6193667335
2018-03-08,53.8380846956
2018-03-09,53.2238508427
2018-03-12,57.8842283299
2018-03-13,57.9427267921
2018-03-14,58.2839678215
2018-03-15,57.367491914
2018-03-16,59.0639473173
2018-03-19,58.6349585946
2018-03-20,59.619682708
2018-03-21,59.5416847584
2018-03-22,57.4454898635
2018-03-23,52.8533605822
2018-03-26,54.1695759813
2018-03-27,51.088656973
2018-03-28,50.2014302966
2018-03-29,50.8351636369
2018-04-02,48.8072169479
2018-04-03,50.2599287587
2018-04-04,52.053881599
2018-04-05,48.5927225865
2018-04-06,47.2472579563
2018-04-09,46.7597707715
2018-04-10,49.2167061832
2018-04-11,49.2167061832
2018-04-12,51.2739021032
2018-04-13,50.9229113301
2018-04-16,50.3574261957
2018-04-17,50.9521605612
2018-04-18,52.6583657082
2018-04-19,50.1331820907
2018-04-20,49.3532025949
2018-04-23,47.7932436034
2018-04-24,45.9310425572
2018-04-25,46.4087799984
2018-04-26,48.8852148974
2018-04-27,46.3307820488
2018-04-30,44.8293215194
2018-05-01,45.6190507589
2018-05-02,44.7415738262
2018-05-03,45.4533051161
2018-05-04,46.389280511
2018-05-07,47.2667574437
2018-05-08,47.354505137
2018-05-09,49.7334425991
2018-05-10,51.3421503091
2018-05-11,50.5231718386
2018-05-14,51.6736415948
2018-05-15,52.6583657082
2018-05-16,55.0860518888
2018-05-17,53.3310980233
2018-05-18,52.053881599
2018-05-21,54.0915780317
2018-05-22,57.5527370442
2018-05-23,58.4692129517
2018-05-24,59.9511739937
2018-05-25,59.8146775819
2018-05-29,61.0528950315
2018-05-30,61.004146313
2018-05-31,56.1487739518
2018-06-01,57.269994477
2018-06-04,57.6209852501
2018-06-05,57.9232273047
2018-06-06,57.9329770484
2018-06-07,58.137721666
2018-06-08,59.8536765567
2018-06-11,59.8536765567
2018-06-12,59.0346980862
2018-06-13,58.5472109013
2018-06-14,57.6989831997
2018-06-15,56.7727575484
2018-06-18,56.9872519098
2018-06-19,57.7672314055
2018-06-20,57.4747390946
2018-06-21,57.9524765358
2018-06-22,55.6710365107
2018-06-25,51.829637494
2018-06-26,53.2238508427
2018-06-27,50.9521605612
2018-06-28,51.8101380066
2018-06-29,51.1276559478
2018-07-02,53.116603662
2018-07-03,50.1916805529
2018-07-05,51.5176456957
2018-07-06,51.8978856999
2018-07-09,52.9508580192
2018-07-10,54.3450713678
2018-07-11,52.8241113511
2018-07-12,54.0623288006
2018-07-13,54.9398057334
2018-07-16,54.7448108594
2018-07-17,55.5345400989
2018-07-18,56.0122775401
2018-07-19,54.8130590653
2018-07-20,53.6430898217
2018-07-23,52.9313585318
2018-07-24,51.8393872377
2018-07-25,52.053881599
2018-07-26,52.4146221158
2018-07-27,52.6096169898
2018-07-30,51.6833913385
2018-07-31,51.4688969772
2018-08-01,50.9814097923
2018-08-02,52.0636313427
2018-08-03,51.4883964646
2018-08-06,51.3519000528
2018-08-07,51.7126405696
2018-08-08,52.053881599
2018-08-09,50.9521605612
2018-08-10,50.0844333722
2018-08-13,50.0551841411
2018-08-14,49.3532025949
2018-08-15,46.3015328177
2018-08-16,45.9212928135
2018-08-17,45.9310425572
2018-08-20,46.8670179521
2018-08-21,48.6902200235
2018-08-22,48.9827123344
2018-08-23,48.4562261748
2018-08-24,49.4312005445
2018-08-27,50.766915431
2018-08-28,51.0301585108
2018-08-29,50.5329215823
2018-08-30,51.4396477461
2018-08-31,51.2056538974
2018-09-04,50.6304190192
2018-09-05,48.3002302756
2018-09-06,43.5326056077
2018-09-07,43.7373502254
2018-09-10,43.7763492001
2018-09-11,42.5088825195
2018-09-12,40.6954301919
2018-09-13,42.5283820069
2018-09-14,43.1913645783
2018-09-17,42.4893830321
2018-09-18,44.1955881791
2018-09-19,43.9323450993
2018-09-20,44.907319469
2018-09-21,43.620353301
2018-09-24,44.0298425363
2018-09-25,43.522855864
2018-09-26,43.2401132968
2018-09-27,43.8640968934
2018-09-28,44.0980907422
2018-10-01,44.0200927926
2018-10-02,44.6148271581
2018-10-03,44.0200927926
2018-10-04,43.0548681666
2018-10-05,42.4893830321
2018-10-08,41.9921461036
2018-10-09,41.2121666078
2018-10-10,40.5686835238
2018-10-11,40.9196742969
2018-10-12,41.4071614817
2018-10-15,41.2804148137
2018-10-16,42.1286425153
2018-10-17,41.2901645574
2018-10-18,40.2664414692
2018-10-19,39.4377132549
2018-10-22,38.7649809398
2018-10-23,37.7120086205
2018-10-24,34.543341919
2018-10-25,35.8595573181
2018-10-26,34.5140926879
2018-10-29,33.7926116543
2018-10-30,35.1088270534
2018-10-31,36.7760332256
2018-11-01,39.1159717129
2018-11-02,39.3109665869
2018-11-05,38.920976839
2018-11-06,38.8039799146
2018-11-07,39.9057009524
2018-11-08,39.4279635112
2018-11-09,38.1312475995
2018-11-12,36.5030404021
2018-11-13,36.9027798937
2018-11-14,37.0782752802
2018-11-15,38.9112270953
2018-11-16,38.4529891415
2018-11-19,35.9083060366
2018-11-20,35.2160742341
2018-11-21,35.4695675702
2018-11-23,35.4890670576
2018-11-26,35.6548127004
2018-11-27,36.0740516794
2018-11-28,37.7412578516
2018-11-29,36.9612783558
2018-11-30,37.5950116962
2018-12-03,39.0282240196
2018-12-04,35.957054755
2018-12-06,36.7272845071
2018-12-07,34.4263449946
2018-12-10,33.929108066
2018-12-11,34.3288475576
2018-12-12,35.1283265408
2018-12-13,34.1436024274
2018-12-14,33.3441234442
2018-12-17,33.0321316459
2018-12-18,33.2563757509
2018-12-19,30.6239449527
2018-12-20,30.4971982846
2018-12-21,29.5612228897
2018-12-24,28.2937562091
2018-12-26,30.1169582805
2018-12-27,31.130931625
2018-12-28,30.7799408519
2018-12-31,30.935936751
2019-01-02,31.9304106081
2019-01-03,30.2242054611
2019-01-04,31.8816618896
2019-01-07,33.1491285703
2019-01-08,32.8956352341
2019-01-09,34.5530916627
2019-01-10,35.0113296164
2019-01-11,35.1088270534
2019-01-14,33.802361398
2019-01-15,33.1393788266
2019-01-16,32.739639335
2019-01-17,33.0321316459
2019-01-18,34.865083461
2019-01-22,33.0223819022
2019-01-23,33.383122419
2019-01-24,35.6743121878
2019-01-25,37.985001444
2019-01-28,37.1270239987
2019-01-29,36.4542916836
2019-01-30,37.2830198979
2019-01-31,37.2635204105
2019-02-01,38.6089850407
2019-02-04,38.4822383726
2019-02-05,38.3847409356
2019-02-06,40.4809358305
2019-02-07,38.3944906793
2019-02-08,37.6145111836
2019-02-11,37.6145111836
2019-02-12,39.3889645364
2019-02-13,40.6369317297
2019-02-14,41.173167633
2019-02-15,40.9391737843
2019-02-19,40.9099245532
2019-02-20,41.1536681456
2019-02-21,40.4906855742
2019-02-22,41.5046589187
2019-02-25,41.6801543053
2019-02-26,41.8848989229
2019-02-27,40.2859409566
2019-02-28,39.8569522339
2019-03-01,40.5394342927
2019-03-04,40.0324476204
2019-03-05,38.9892250449
2019-03-06,36.9807778432
2019-03-07,36.8832804063
2019-03-08,37.6827593894
2019-03-11,38.0532496499
2019-03-12,38.2677440113
2019-03-13,37.858254776
2019-03-14,37.4487655407
2019-03-15,38.5504865785
2019-03-18,38.6187347844
2019-03-19,39.3597153053
2019-03-20,39.1257214566
2019-03-21,42.8891225237
2019-03-22,40.5784332675
2019-03-25,39.5352106919
2019-03-26,39.3109665869
2019-03-27,38.2482445239
2019-03-28,38.3554917045
2019-03-29,40.2956907003
2019-04-01,41.1926671204
2019-04-02,41.3779122507
2019-04-03,42.8013748304
2019-04-04,41.816650717
2019-04-05,42.235889696
2019-04-08,41.8264004607
2019-04-09,40.6759307045
2019-04-10,41.1146691708
2019-04-11,41.2219163515
2019-04-12,40.9586732717
2019-04-15,40.7734281414
2019-04-16,41.689904049
2019-04-17,42.0701440531
2019-04-18,42.3138876456
2019-04-22,42.3138876456
2019-04-23,41.6996537927
2019-04-24,41.9531471288
2019-04-25,41.6801543053
2019-04-26,41.0464209649
2019-04-29,41.0561707086
2019-04-30,41.0074219902
2019-05-01,40.851426091
2019-05-02,41.494909175
2019-05-03,42.2456394397
2019-05-06,41.075670196
2019-05-07,39.2524681247
2019-05-08,38.7552311961
2019-05-09,38.2872434987
2019-05-10,37.9655019567
2019-05-13,36.4445419399
2019-05-14,37.5462629777
2019-05-15,37.4487655407
2019-05-16,36.376293734
2019-05-17,35.1575757719
2019-05-20,33.7536126795
2019-05-21,34.7480865366
2019-05-22,33.8608598602
2019-05-23,32.9736331837
2019-05-24,33.1491285703
2019-05-28,32.1156557384
2019-05-29,32.4568967678
2019-05-30,32.4861459989
2019-05-31,31.7939141964
2019-06-03,31.8719121459
2019-06-04,33.6268660114
2019-06-05,32.5056454863
2019-06-06,32.6323921543
2019-06-07,33.1393788266
2019-06-10,34.0656044778
2019-06-11,33.9681070408
2019-06-12,32.1351552258
2019-06-13,32.544644461
2019-06-14,31.8426629149
2019-06-17,31.6184188098
2019-06-18,33.4318711375
2019-06-19,33.0906301081
2019-06-20,33.2953747257
2019-06-21,32.417897793
2019-06-24,32.3593993308
2019-06-25,31.8621624022
2019-06-26,36.1130506542
2019-06-27,37.117274255
2019-06-28,37.6242609273
2019-07-01,39.1062219692
2019-07-02,38.6089850407
2019-07-03,38.599235297
2019-07-05,38.4334896541
2019-07-08,39.3987142801
2019-07-09,40.3151901877
2019-07-10,41.8264004607
2019-07-11,42.3918855952
2019-07-12,43.396109196
2019-07-15,43.2888620153
2019-07-16,41.9823963599
2019-07-17,42.2846384145
2019-07-18,43.5521050951
2019-07-19,44.3808333094
2019-07-22,46.0090405068
2019-07-23,45.7750466581
2019-07-24,46.7890200026
2019-07-25,46.5745256412
2019-07-26,46.3015328177
2019-07-29,45.64829999
2019-07-30,46.2722835866
2019-07-31,43.7665994565
2019-08-01,42.5088825195
2019-08-02,42.976870217
2019-08-05,40.8904250658
2019-08-06,41.5534076372
2019-08-07,40.7051799355
2019-08-08,41.5631573809
2019-08-09,40.4809358305
2019-08-12,41.075670196
2019-08-13,43.0646179103
2019-08-14,40.9879225028
2019-08-15,41.1829173767
2019-08-16,42.460133801
2019-08-19,43.8835963808
2019-08-20,43.1231163724
2019-08-21,43.0646179103
2019-08-22,43.6593522758
2019-08-23,41.8848989229
2019-08-26,42.3431368767
2019-08-27,41.3779122507
2019-08-28,42.0701440531
2019-08-29,43.5521050951
2019-08-30,44.1370897169
2019-09-03,43.8640968934
2019-09-04,45.6385502463
2019-09-05,47.8029933471
2019-09-06,47.7444948849
2019-09-09,47.900490784
2019-09-10,48.1539841202
2019-09-11,49.2167061832
2019-09-12,49.1777072084
2019-09-13,49.2362056705
2019-09-16,48.8949646411
2019-09-17,49.5676969562
2019-09-18,49.2167061832
2019-09-19,48.5732230991
2019-09-20,47.9297400151
2019-09-23,48.3587287378
2019-09-24,47.2960066748
2019-09-25,48.2319820697
2019-09-26,47.3837543681
2019-09-27,42.1286425153
2019-09-30,41.7776517422
2019-10-01,41.2414158389
2019-10-02,40.9294240406
2019-10-03,42.3723861078
2019-10-04,43.4351081707
2019-10-07,43.0548681666
2019-10-08,41.5729071246
2019-10-09,41.8069009733
2019-10-10,42.1968907212
2019-10-11,43.9713440741
2019-10-14,43.7373502254
2019-10-15,45.2973092169
2019-10-16,44.0298425363
2019-10-17,44.361333822
2019-10-18,42.3821358515
2019-10-21,44.0883409985
2019-10-22,43.5423553514
2019-10-23,43.5423553514
2019-10-24,45.9212928135
2019-10-25,46.8280189774
2019-10-28,47.4715020614
2019-10-29,46.9060169269
2019-10-30,46.6817728219
2019-10-31,46.3600312799
2019-11-01,47.1692600068
2019-11-04,48.3489789941
2019-11-05,47.4617523177
2019-11-06,46.486777948
2019-11-07,47.1887594941
2019-11-08,46.0090405068
2019-11-11,45.102314343
2019-11-12,45.7262979396
2019-11-13,45.1413133177
2019-11-14,45.6288005026
2019-11-15,46.516027179
2019-11-18,46.6232743597
2019-11-19,45.4143061413
2019-11-20,44.4295820279
2019-11-21,44.4100825405
2019-11-22,44.7220743388
2019-11-25,46.3307820488
2019-11-26,45.550802553
2019-11-27,46.9547656454
2019-11-29,46.3210323051
2019-12-02,45.229061011
2019-12-03,44.0980907422
2019-12-04,45.1413133177
2019-12-05,45.4533051161
2019-12-06,46.7305215404
2019-12-09,45.2875594732
2019-12-10,46.2722835866
2019-12-11,48.0272374521
2019-12-12,49.6944436243
2019-12-13,49.9186877293
2019-12-16,51.6151431326
2019-12-17,51.6736415948
2019-12-18,51.7126405696
2019-12-19,53.1653523805
2019-12-20,53.6820887964
2019-12-23,54.0135800821
2019-12-24,54.0330795695
2019-12-26,53.7308375149
2019-12-27,52.6778651956
2019-12-30,51.8783862125
2019-12-31,52.4341216032
2020-01-02,54.0038303384
2020-01-03,53.1653523805
2020-01-06,52.2293769856
2020-01-07,56.8117565232
2020-01-08,56.0805257459
2020-01-09,55.8757811283
2020-01-10,55.2517975317
2020-01-13,56.0122775401
2020-01-14,56.0805257459
2020-01-15,54.7643103468
2020-01-16,56.2365216451
2020-01-17,56.2170221577
2020-01-21,57.494238582
2020-01-22,57.689233456
2020-01-23,57.7184826871
2020-01-24,56.3145195947
2020-01-27,54.0233298258
2020-01-28,55.0568026577
2020-01-29,53.9160826452
2020-01-30,53.6528395653
2020-01-31,51.7613892881
2020-02-03,52.4341216032
2020-02-04,54.1110775191
2020-02-05,55.3492949686
2020-02-06,57.2114960148
2020-02-07,55.4565421493
2020-02-10,55.8952806157
2020-02-11,55.8172826661
2020-02-12,57.7867308929
2020-02-13,57.8452293551
2020-02-14,57.0360006283
2020-02-18,56.304769851
2020-02-19,58.4887124391
2020-02-20,57.5234878131
2020-02-21,55.56378933
2020-02-24,53.633340078
2020-02-25,50.7961646621
2020-02-26,51.0594077419
2020-02-27,49.3142036201
2020-02-28,51.2446528722
2020-03-02,53.2238508427
2020-03-03,50.5036723512
2020-03-04,53.9063329015
2020-03-05,52.375623141
2020-03-06,50.1819308092
2020-03-09,44.8195717757
2020-03-10,46.6622733345
2020-03-11,42.6258794439
2020-03-12,37.8387552886
2020-03-13,41.914148154
2020-03-16,33.607366524
2020-03-17,36.4445419399
2020-03-18,33.8218608854
2020-03-19,35.3818198769
2020-03-20,35.2063244904
2020-03-23,37.2927696416
2020-03-24,42.1871409775
2020-03-25,41.4364107128
2020-03-26,43.6691020195
2020-03-27,42.3918855952
2020-03-30,43.4058589397
2020-03-31,41.0074219902
2020-04-01,38.8917276079
2020-04-02,40.0616968515
2020-04-03,40.1884435196
2020-04-06,45.2095615236
2020-04-07,45.3753071665
2020-04-08,47.0815123135
2020-04-09,44.9755676749
2020-04-13,45.0145666497
2020-04-14,46.4282794858
2020-04-15,45.2680599858
2020-04-16,44.3905830531
2020-04-17,44.5563286959
2020-04-20,42.3138876456
2020-04-21,40.3736886498
2020-04-22,42.8111245741
2020-04-23,42.6746281624
2020-04-24,43.0548681666
2020-04-27,44.1468394606
2020-04-28,44.1760886917
2020-04-29,48.5829728428
2020-04-30,46.6915225656
2020-05-01,43.9323450993
2020-05-04,43.3473604775
2020-05-05,44.2735861287
2020-05-06,44.9268189564
2020-05-07,45.424055885
2020-05-08,47.0425133387
2020-05-11,46.9937646202
2020-05-12,44.5465789522
2020-05-13,42.4406343136
2020-05-14,44.585577927
2020-05-15,43.298611759
2020-05-18,44.7708230573
2020-05-19,43.9908435615
2020-05-20,45.4728046034
2020-05-21,44.0883409985
2020-05-22,43.8153481749
2020-05-26,44.6538261329
2020-05-27,48.2124825823
2020-05-28,45.3070589606
2020-05-29,46.711022053
2020-06-01,45.1803122925
2020-06-02,45.64829999
2020-06-03,47.6957461664
2020-06-04,49.9381872167
2020-06-05,52.375623141
2020-06-08,52.3561236536
2020-06-09,51.8198877503
2020-06-10,51.1569051789
2020-06-11,47.3057564185
2020-06-12,47.4715020614
2020-06-15,48.0077379647
2020-06-16,49.7431923428
2020-06-17,49.6846938806
2020-06-18,49.2167061832
2020-06-19,49.5579472126
2020-06-22,49.8699390109
2020-06-23,48.5927225865
2020-06-24,47.0815123135
2020-06-25,47.9589892462
2020-06-26,47.2765071874
2020-06-29,47.9151153996
2020-06-30,50.2306795277
2020-07-01,48.4562261748
2020-07-02,48.5829728428
2020-07-06,49.6456949058
2020-07-07,47.8614918092
2020-07-08,48.4659759185
2020-07-09,48.7292189983
2020-07-10,49.4312005445
2020-07-13,48.222232326
2020-07-14,48.4659759185
2020-07-15,49.2459554142
2020-07-16,48.8462159227
2020-07-17,48.2319820697
2020-07-20,49.928437473
2020-07-21,50.2306795277
2020-07-22,50.3574261957
2020-07-23,51.3226508217
2020-07-24,48.7682179731
2020-07-27,50.2989277335
2020-07-28,48.836466179
2020-07-29,49.1289584899
2020-07-30,49.4701995193
2020-07-31,48.802342076
2020-08-03,49.1289584899
2020-08-04,50.0161851663
2020-08-05,49.7724415739
2020-08-06,47.4812518051
2020-08-07,47.5300005235
2020-08-10,47.9199902714
2020-08-11,46.5647758975
2020-08-12,47.2667574437
2020-08-13,44.9853174186
2020-08-14,44.4588312589
2020-08-17,44.0883409985
2020-08-18,43.2888620153
2020-08-19,42.9476209859
2020-08-20,41.9092732821
2020-08-21,41.592406612
2020-08-24,42.6648784187
2020-08-25,43.9713440741
2020-08-26,43.8348476623
2020-08-27,43.5033563766
2020-08-28,44.5465789522
2020-08-31,44.3710835657
2020-09-01,44.6148271581
2020-09-02,46.6330241034
2020-09-03,45.1705625488
2020-09-04,45.3168087043
2020-09-08,43.9030958682
2020-09-09,44.0200927926
2020-09-10,43.7470999691
2020-09-11,44.9365687001
2020-09-14,47.8029933471
2020-09-15,47.8224928345
2020-09-16,48.9534631033
2020-09-17,49.704193368
2020-09-18,49.4701995193
2020-09-21,47.9199902714
2020-09-22,48.4562261748
2020-09-23,48.6024723302
2020-09-24,48.2319820697
2020-09-25,47.9102405277
2020-09-28,48.4757256622
2020-09-29,49.4409502882
2020-09-30,45.7847964018
2020-10-01,46.7207717967
2020-10-02,45.3850569102
2020-10-05,46.4087799984
2020-10-06,46.1357871749
2020-10-07,47.1985092378
2020-10-08,48.6512210487
2020-10-09,48.641471305
2020-10-12,49.4117010571
2020-10-13,50.5524210697
2020-10-14,50.3379267083
2020-10-15,50.6401687629
2020-10-16,50.3184272209
2020-10-19,51.312901078
2020-10-20,52.1903780108
2020-10-21,51.9758836494
2020-10-22,53.019106225
2020-10-23,51.5273954394
2020-10-26,50.8351636369
2020-10-27,50.6596682503
2020-10-28,48.7487184857
2020-10-29,49.2167061832
2020-10-30,49.0802097714
2020-11-02,48.4659759185
2020-11-03,49.801690805
2020-11-04,50.6596682503
2020-11-05,53.214101099
2020-11-06,53.7795862334
2020-11-09,54.5595657292
2020-11-10,54.0233298258
2020-11-11,54.9495554771
2020-11-12,54.8423082964
2020-11-13,56.4802652375
2020-11-16,60.3119145105
2020-11-17,60.4386611786
2020-11-18,59.2199432164
2020-11-19,60.2826652794
2020-11-20,59.8634263004
2020-11-23,62.5738550482
2020-11-24,62.3496109432
2020-11-25,61.8426242709
2020-11-27,62.6226037667
2020-11-30,62.486107355
2020-12-01,65.4012807204
2020-12-02,67.3804786909
2020-12-03,68.150708443
2020-12-04,71.5046202748
2020-12-07,70.7928889849
2020-12-08,71.3583741193
2020-12-09,69.6229197413
2020-12-10,69.4961730732
2020-12-11,68.7649422959
2020-12-14,69.7496664093
2020-12-15,71.3193751446
2020-12-16,71.1633792454
2020-12-17,70.4516479555
2020-12-18,69.6716684597
2020-12-21,69.6814182034
2020-12-22,68.6771946026
2020-12-23,68.1994571615
2020-12-24,68.8136910144
2020-12-28,68.891688964
2020-12-29,68.4529504976
2020-12-30,70.1201566698
2020-12-31,73.2985731151
2021-01-04,72.1968520773
2021-01-05,75.3265198041
2021-01-06,75.1802736486
2021-01-07,77.1302223881
2021-01-08,75.4825157032
2021-01-11,76.7012336654
2021-01-12,77.4714634175
2021-01-13,77.9102018838
2021-01-14,79.2654162577
2021-01-15,78.6999311233
2021-01-19,83.3603086105
2021-01-20,81.4103598711
2021-01-21,82.8825711694
2021-01-22,80.22089114
2021-01-25,79.2459167703
2021-01-26,77.5202121359
2021-01-27,73.2108254218
2021-01-28,76.4282408419
2021-01-29,76.3112439175
2021-02-01,78.4171885561
2021-02-02,79.577408056
2021-02-03,77.1302223881
2021-02-04,79.2166675392
2021-02-05,79.0704213838
2021-02-08,81.9075967997
2021-02-09,81.2348644846
2021-02-10,80.2891393459
2021-02-11,84.3157834928
2021-02-12,85.8074942785
2021-02-16,85.5442511987
2021-02-17,83.8965445139
2021-02-18,86.3193558226
2021-02-19,88.6836686692
2021-02-22,84.1207886189
2021-02-23,86.0219886398
2021-02-24,90.2046286859
2021-02-25,85.9147414592
2021-02-26,89.2394040599
2021-03-01,92.3885712741
2021-03-02,88.8104153372
2021-03-03,86.8799660852
2021-03-04,82.219588598
2021-03-05,86.7044706986
2021-03-08,82.9215701442
2021-03-09,87.0652112154
2021-03-10,83.2725609173
2021-03-11,87.0749609591
2021-03-12,85.5735004298
2021-03-15,86.6264727491
2021-03-16,89.1419066229
2021-03-17,92.3885712741
2021-03-18,87.5721978877
2021-03-19,88.2449302028
2021-03-22,88.9956604675
2021-03-23,83.2628111736
2021-03-24,80.9228726862
2021-03-25,81.9855947492
2021-03-26,85.7879947911
2021-03-29,84.4230306735
2021-03-30,84.374281955
2021-03-31,86.0024891525
2021-04-01,90.0973815052
2021-04-05,91.4038471607
2021-04-06,91.1503538245
2021-04-07,91.6085917783
2021-04-08,92.90530769
2021-04-09,92.9150574337
2021-04-12,93.1978000009
2021-04-13,89.8438881691
2021-04-14,88.4009261019
2021-04-15,88.0109363541
2021-04-16,88.3911763582
2021-04-19,86.1974840264
2021-04-20,85.2907578626
2021-04-21,87.2504563457
2021-04-22,82.5900788585
2021-04-23,83.8770450265
2021-04-26,85.6417486357
2021-04-27,87.2212071146
2021-04-28,83.8770450265
2021-04-29,85.856242997
2021-04-30,83.9160440013
2021-05-03,82.8923209131
2021-05-04,82.2975865475
2021-05-05,83.0190675811
2021-05-06,82.6778265517
2021-05-07,83.828296308
2021-05-10,78.8266777914
2021-05-11,78.6609321485
2021-05-12,74.878031594
2021-05-13,75.2582715982
2021-05-14,77.7054572662
2021-05-17,78.3781895813
2021-05-18,76.905978283
2021-05-19,77.9297013712
2021-05-20,79.0996706149
2021-05-21,78.6999311233
2021-05-24,80.8253752493
2021-05-25,79.1971680518
2021-05-26,80.1818921653
2021-05-27,81.8295988501
2021-05-28,82.0343434677
2021-06-01,82.0440932114
2021-06-02,82.2293383417
2021-06-03,79.9771475476
2021-06-04,81.6638532072
2021-06-07,81.9368460307
2021-06-08,78.514685993
2021-06-09,76.6914839217
2021-06-10,77.2959680309
2021-06-11,77.3544664931
2021-06-14,78.4756870183
2021-06-15,80.1233937031
2021-06-16,78.4756870183
2021-06-17,78.6219331737
2021-06-18,75.0242777495
2021-06-21,75.1412746738
2021-06-22,75.716509552
2021-06-23,77.0424746948
2021-06-24,78.5634347115
2021-06-25,79.9771475476
2021-06-28,81.2933629467
2021-06-29,80.8546244804
2021-06-30,82.8533219383
2021-07-01,78.1051967578
2021-07-02,78.3196911191
2021-07-06,79.0509218964
2021-07-07,76.262495199
2021-07-08,75.1802736486
2021-07-09,76.7694818713
2021-07-12,77.5689608544
2021-07-13,76.486739304
2021-07-14,76.5257382788
2021-07-15,74.9950285184
2021-07-16,73.1328274722
2021-07-19,72.7135884933
2021-07-20,73.5033177327
2021-07-21,75.2582715982
2021-07-22,73.6398141445
2021-07-23,74.0395536361
2021-07-26,74.3905444092
2021-07-27,72.3625977202
2021-07-28,73.6593136319
2021-07-29,75.1510244175
2021-07-30,75.6385116024
2021-08-02,75.6970100646
2021-08-03,78.8364275351
2021-08-04,79.9283988291
2021-08-05,79.450661388
2021-08-06,79.9478983165
2021-08-09,78.2026941947
2021-08-10,74.010304405
2021-08-11,73.1523269596
2021-08-12,68.4919494724
2021-08-13,69.1451823001
2021-08-16,69.1549320438
2021-08-17,69.0086858883
2021-08-18,68.8526899892
2021-08-19,68.5211987035
2021-08-20,68.472449985
2021-08-23,69.9446612833
2021-08-24,70.178655132
2021-08-25,72.1871023336
2021-08-26,70.9488848841
2021-08-27,72.1481033588
2021-08-30,71.3291248883
2021-08-31,71.8556110479
2021-09-01,71.8751105353
2021-09-02,72.1383536151
2021-09-03,71.9628582286
2021-09-07,71.7971125857
2021-09-08,70.4613976992
2021-09-09,71.046382321
2021-09-10,71.660616174
2021-09-13,72.4893443882
2021-09-14,71.6508664303
2021-09-15,71.9726079723
2021-09-16,72.7623372117
2021-09-17,72.4405956697
2021-09-20,70.5588951362
2021-09-21,70.3346510312
2021-09-22,72.1188541277
2021-09-23,72.1871023336
2021-09-24,72.1968520773
2021-09-27,73.2985731151
2021-09-28,71.2706264261
2021-09-29,69.8471638463
2021-09-30,69.3011781993
2021-10-01,69.3109416789
2021-10-04,68.9496929337
2021-10-05,68.8325311785
2021-10-06,68.2857763209
2021-10-07,68.8715850969
2021-10-08,68.4615189537
2021-10-11,67.5828057897
2021-10-12,65.1419358897
2021-10-13,64.8099775834
2021-10-14,66.1963916865
2021-10-15,66.0792299313
2021-10-18,65.6691637881
2021-10-19,65.9718316557
2021-10-20,66.6552752277
2021-10-21,67.0165239729
2021-10-22,65.9132507781
2021-10-25,67.1336857281
2021-10-26,67.3094283609
2021-10-27,66.6259847889
2021-10-28,67.9342910553
2021-10-29,67.4656440345
2021-11-01,69.0278007705
2021-11-02,69.0863816481
2021-11-03,69.5647921484
2021-11-04,70.5313766288
2021-11-05,71.1952932416
2021-11-08,72.796503896
2021-11-09,73.8021422948
2021-11-10,71.673703742
2021-11-11,72.7867404164
2021-11-12,75.4716973063
2021-11-15,74.9639963671
2021-11-16,74.9932868059
2021-11-17,73.67521706
2021-11-18,75.1983198775
2021-11-19,81.066171117
2021-11-22,81.8765399238
2021-11-23,83.3898792617
2021-11-24,84.1709576297
2021-11-26,81.4469468214
2021-11-29,84.1026132725
2021-11-30,82.0132286382
2021-12-01,83.1360287921
2021-12-02,80.919718923
2021-12-03,79.6895204934
2021-12-06,80.4998893002
2021-12-07,83.7999454049
2021-12-08,83.9854515173
2021-12-09,82.9212322409
2021-12-10,83.5168044965
2021-12-13,82.3549504242
2021-12-14,81.3200215866
2021-12-15,83.6339662517
2021-12-16,80.7342128106
2021-12-17,81.0368806782
2021-12-20,80.089823157
2021-12-21,88.5352330108
2021-12-22,88.2032747044
2021-12-23,92.1867743811
2021-12-27,92.1965378607
2021-12-28,90.7417794004
2021-12-29,93.8953833111
2021-12-30,91.6693099624
2021-12-31,91.044447268
2022-01-03,93.5856771434
2022-01-04,94.1623408459
2022-01-05,92.2661924004
2022-01-06,93.4879375328
2022-01-07,92.3150622057
2022-01-10,91.7677203864
2022-01-11,92.0707131792
2022-01-12,92.9601436356
2022-01-13,93.4586156496
2022-01-14,95.159284874
2022-01-18,90.7707763583
2022-01-19,87.9656495343
2022-01-20,83.147086732
2022-01-21,80.0780629594
2022-01-24,81.0750069874
2022-01-25,78.8954136712
2022-01-26,80.1171588036
2022-01-27,76.9406214593
2022-01-28,77.4781893176
2022-01-31,80.4103776354
2022-02-01,79.6089128285
2022-02-02,82.5997449127
2022-02-03,80.1171588036
2022-02-04,79.3352419189
2022-02-07,79.0420230871
2022-02-08,82.2185604314
2022-02-09,86.1281448551
2022-02-10,88.9625935623
2022-02-11,87.7310744688
2022-02-14,87.8288140794
2022-02-15,93.8300261699
2022-02-16,93.8886699362
2022-02-17,91.6113370094
2022-02-18,88.747566419
2022-02-22,88.5227653147
2022-02-23,85.3364540093
2022-02-24,86.8220960903
2022-02-25,88.0633891449
2022-02-28,86.8514179735
2022-03-01,84.3101880981
2022-03-02,91.1910566839
2022-03-03,87.1641847274
2022-03-04,80.0585150372
2022-03-07,73.9888852194
2022-03-08,75.415883534
2022-03-09,77.6443466556
2022-03-10,74.0084331415
2022-03-11,71.1739844343
2022-03-14,67.831289752
2022-03-15,71.457429305
2022-03-16,77.8691477599
2022-03-17,78.69993445
2022-03-18,77.6150247724
2022-03-21,76.5789849001
2022-03-22,77.3315799017
2022-03-23,73.9400154141
2022-03-24,76.4421494453
2022-03-25,76.3346358736
2022-03-28,78.0548530201
2022-03-29,80.1953504921
2022-03-30,77.3706757459
2022-03-31,76.1293826914
2022-04-01,74.4580353502
2022-04-04,75.9143555481
2022-04-05,72.9235234639
2022-04-06,72.112284696
2022-04-07,71.623586643
2022-04-08,70.6070946928
2022-04-11,70.4994320866
2022-04-12,70.4309195189
2022-04-13,70.8419949247
2022-04-14,68.639805251
2022-04-18,69.6381312364
2022-04-19,71.1845577628
2022-04-20,71.6445707169
2022-04-21,69.4130185142
2022-04-22,67.9351045554
2022-04-25,68.6300177414
2022-04-26,65.6546148045
2022-04-27,65.0575767152
2022-04-28,68.6887427993
2022-04-29,66.7410283768
2022-05-02,69.0998182051
2022-05-03,69.7457938427
2022-05-04,72.0556461226
2022-05-05,69.7751563717
2022-05-06,68.8551304636
2022-05-09,66.4865531257
2022-05-10,67.4457290724
2022-05-11,65.5371646886
2022-05-12,66.2712279131
2022-05-13,70.3917694803
2022-05-16,68.9725805795
2022-05-17,72.8973719535
2022-05-18,69.5402561398
2022-05-19,67.9253170458
2022-05-20,67.4359415627
2022-05-23,68.1112797293
2022-05-24,65.2043893601
2022-05-25,66.4278280677
2022-05-26,69.0998182051
2022-05-27,71.7620208328
2022-05-31,72.2709713352
2022-06-01,71.987133555
2022-06-02,73.7684603133
2022-06-03,68.4538425675
2022-06-06,68.9530055602
2022-06-07,69.2564183597
2022-06-08,67.1423162729
2022-06-09,64.6171387804
2022-06-10,61.2893854958
2022-06-13,57.589706844
2022-06-14,57.4526817088
2022-06-15,57.8637571145
2022-06-16,53.8410906439
2022-06-17,54.5653663588
2022-06-21,55.5930548732
2022-06-22,55.1428294288
2022-06-23,55.0253793129
2022-06-24,57.1982064576
2022-06-27,57.530981786
2022-06-28,56.6305308973
2022-06-29,54.8296291197
2022-06-30,54.1053534048
2022-07-01,52.5099893301
2022-07-05,55.5245423056
2022-07-06,56.1509429239
2022-07-07,57.5994943537
2022-07-08,57.9958884949
2022-07-11,56.691618429
2022-07-12,58.0351146623
2022-07-13,57.7213053232
2022-07-14,58.2018258738
2022-07-15,60.3396519968
2022-07-18,59.2805454771
2022-07-19,61.1928211377
2022-07-20,62.0754099041
2022-07-21,62.408832327
2022-07-22,60.1042949925
2022-07-25,58.9863492217
2022-07-26,58.5058286711
2022-07-27,60.6926875034
2022-07-28,60.8692052567
2022-07-29,60.6632678779
2022-08-01,61.3301127236
2022-08-02,61.2614669306
2022-08-03,63.0070313798
2022-08-04,63.5954238907
2022-08-05,61.2516603888
2022-08-08,60.261199662
2022-08-09,58.0056950368
2022-08-10,60.2121669528
2022-08-11,61.1143688029
2022-08-12,63.7817481858
2022-08-15,63.448325763
2022-08-16,62.6245762477
2022-08-17,60.4279108735
2022-08-18,61.7616005649
2022-08-19,59.3393847282
2022-08-22,57.1819455215
2022-08-23,56.7406511383
2022-08-24,57.1819455215
2022-08-25,60.0160361158
2022-08-26,56.5151006757
2022-08-29,55.9070950811
2022-08-30,55.2108306098
2022-08-31,55.4363810723
2022-09-01,56.2012913366
2022-09-02,55.2402502354
2022-09-06,54.161530632
2022-09-07,53.9359801694
2022-09-08,54.3184353016
2022-09-09,56.3287763806
2022-09-12,56.8191034731
2022-09-13,52.5826773943
2022-09-14,52.08254376
2022-09-15,51.6706690023
2022-09-16,51.8275736719
2022-09-19,51.0920830332
2022-09-20,49.8172325929
2022-09-21,49.1307746634
2022-09-22,48.6992868221
2022-09-23,49.1307746634
2022-09-26,47.9343765579
2022-09-27,49.6014886722
2022-09-28,50.0133634299
2022-09-29,49.0425157868
2022-09-30,49.1307746634
2022-10-03,50.719434443
2022-10-04,52.9160998172
2022-10-05,53.6712035395
2022-10-06,53.5633315792
2022-10-07,51.9991881543
2022-10-10,50.4955261268
2022-10-11,52.7854166654
2022-10-12,51.841942452
2022-10-13,53.9156201501
2022-10-14,51.8124588829
2022-10-17,52.5790316812
2022-10-18,51.6453853243
2022-10-19,52.1171224309
2022-10-20,52.775588809
2022-10-21,55.0851350604
2022-10-24,55.2718643318
2022-10-25,54.9082336454
2022-10-26,54.4954636771
2022-10-27,51.311238207
2022-10-28,53.1097359262
2022-10-31,53.1687030646
2022-11-01,53.9156201501
2022-11-02,52.5298923993
2022-11-03,52.5593759684
2022-11-04,55.1932414807
2022-11-07,55.5863557363
2022-11-08,56.5003463804
2022-11-09,55.0065122093
2022-11-10,59.2324904566
2022-11-11,61.4437581441
2022-11-14,60.7164967713
2022-11-15,62.0137738147
2022-11-16,57.8565905621
2022-11-17,57.7288284291
2022-11-18,57.5715827268
2022-11-21,56.1760271196
2022-11-22,57.6108941524
2022-11-23,57.9155577005
2022-11-25,57.4045091682
2022-11-28,54.7902993688
2022-11-29,54.1711444162
2022-11-30,56.6575920827
2022-12-01,54.5347751026
2022-12-02,53.7387187351
2022-12-05,53.1097359262
2022-12-06,52.7559330962
2022-12-07,52.8935230857
2022-12-08,54.2497672674
2022-12-09,53.9254480065
2022-12-12,54.3971851132
2022-12-13,54.2890786929
2022-12-14,53.6502680276
2022-12-15,51.1441646484
2022-12-16,51.1736482176
2022-12-19,50.829673244
2022-12-20,49.8075761795
2022-12-21,50.3087968554
2022-12-22,48.5790941309
2022-12-23,49.3358390728
2022-12-27,49.1589376578
2022-12-28,48.2744305828
2022-12-29,49.7780926104
2022-12-30,49.2326465808
2023-01-03,49.6168148914
2023-01-04,53.3895447114
2023-01-05,53.8919186561
2023-01-06,55.9211153739
2023-01-09,55.5172461243
2023-01-10,56.3545360321
2023-01-11,57.19182594
2023-01-12,56.4136388491
2023-01-13,56.078722886
2023-01-17,55.99991913
2023-01-18,55.6650031668
2023-01-19,55.5172461243
2023-01-20,57.5858447201
2023-01-23,60.8956024734
2023-01-24,60.3439761812
2023-01-25,60.6197893273
2023-01-26,61.8609484848
2023-01-27,62.9149487218
2023-01-30,60.7872473089
2023-01-31,59.3983311088
2023-02-01,61.6639390948
2023-02-02,62.2254158565
2023-02-03,61.4767801742
2023-02-06,59.0831160847
2023-02-07,61.2009670281
2023-02-08,59.3490787613
2023-02-09,59.2801254748
2023-02-10,58.9255085727
2023-02-13,59.2210226578
2023-02-14,61.141864211
2023-02-15,60.9153034125
2023-02-16,59.1520693712
2023-02-17,58.1276205428
2023-02-21,56.7387043428
2023-02-22,56.1279752335
2023-02-23,57.8715083357
2023-02-24,57.310031574
2023-02-27,57.0342184279
2023-02-28,56.9554146719
2023-03-01,56.4825921357
2023-03-02,55.5861994108
2023-03-03,55.9309658435
2023-03-06,55.980218191
2023-03-07,54.729208564
2023-03-08,56.039321008
2023-03-09,54.768610442
2023-03-10,54.1086289852
2023-03-13,53.0940306263
2023-03-14,53.458497998
2023-03-15,53.3205914249
2023-03-16,55.7241059839
2023-03-17,55.8127602094
2023-03-20,56.7781062208
2023-03-21,57.7533027017
2023-03-22,57.3001811045
2023-03-23,60.4227799373
2023-03-24,60.2454714862
2023-03-27,58.8959571641
2023-03-28,58.3935832194
2023-03-29,62.5898832281
2023-03-30,62.1466121004
2023-03-31,59.4377329869
2023-04-03,58.7186487131
2023-04-04,56.4136388491
2023-04-05,56.1673771115
2023-04-06,57.7976298145
2023-04-10,62.4463121305
2023-04-11,62.7424065455
2023-04-12,61.1533665182
2023-04-13,62.1798271569
2023-04-14,61.8146440451
2023-04-17,61.7258157206
2023-04-18,61.1237570767
2023-04-19,59.8604209059
2023-04-20,60.6598758264
2023-04-21,60.3341719699
2023-04-24,58.7352621287
2023-04-25,57.3830976334
2023-04-26,60.2256040177
2023-04-27,61.0941476352
2023-04-28,63.5221218384
2023-05-01,61.5382892577
2023-05-02,61.0941476352
2023-05-03,60.1170360655
2023-05-04,59.7222435122
2023-05-05,60.4328701082
2023-05-08,60.0775568102
2023-05-09,60.1367756932
2023-05-10,59.2090131928
2023-05-11,60.807923034
2023-05-12,60.1269058794
2023-05-15,63.7984766258
2023-05-16,62.9003235669
2023-05-17,64.0748314132
2023-05-18,66.6903320793
2023-05-19,67.2825209093
2023-05-22,65.3677770255
2023-05-23,65.1506411211
2023-05-24,65.6638714405
2023-05-25,68.7037741015
2023-05-26,72.967533678
2023-05-30,70.7566953791
2023-05-31,67.3121303508
2023-06-01,68.1905437821
2023-06-02,68.2695022928
2023-06-05,66.887728356
2023-06-06,66.6607226378
2023-06-07,66.1869715737
2023-06-08,64.4696239665
2023-06-09,64.5781919187
2023-06-12,66.5718943133
2023-06-13,66.9864264943
2023-06-14,68.2201532236
2023-06-15,67.9240588086
2023-06-16,66.7791604038
2023-06-20,66.0290545524
2023-06-21,64.9433750306
2023-06-22,65.3875166531
2023-06-23,64.4301447112
2023-06-26,64.5979315464
2023-06-27,65.9204866002
2023-06-28,66.1968413876
2023-06-29,63.4925123969
2023-06-30,62.2883951091
2023-07-03,63.068110402
2023-07-05,61.2520646565
2023-07-06,60.4328701082
2023-07-07,59.9739237649
2023-07-10,61.7835244325
2023-07-11,62.8910395952
2023-07-12,63.0789216318
2023-07-13,63.8106727214
2023-07-14,63.3656889507
2023-07-17,64.4336500004
2023-07-18,64.2161023792
2023-07-19,64.2358794356
2023-07-20,63.9688891732
2023-07-21,64.9181878841
2023-07-24,64.750082904
2023-07-25,64.9478534688
2023-07-26,66.6289032693
2023-07-27,70.2777701892
2023-07-28,70.4063210563
2023-07-31,70.5942030928
2023-08-01,69.9712258138
2023-08-02,67.4100970001
2023-08-03,68.4088383522
2023-08-04,69.1307009136
2023-08-07,68.6066089169
2023-08-08,66.8958935317
2023-08-09,65.9564833491
2023-08-10,64.7105287911
2023-08-11,63.6524562696
2023-08-14,67.5188708107
2023-08-15,64.6017549804
2023-08-16,63.504128346
2023-08-17,62.8514854823
2023-08-18,62.881151067
2023-08-21,63.2470266118
2023-08-22,62.7031575587
2023-08-23,64.4633155851
2023-08-24,62.9800363494
2023-08-25,63.0097019341
2023-08-28,64.581977924
2023-08-29,65.9367062926
2023-08-30,67.3309887742
2023-08-31,69.1603664983
2023-09-01,69.605350269
2023-09-05,69.5064649866
2023-09-06,69.6251273255
2023-09-07,69.0911468006
2023-09-08,69.397691176
2023-09-11,69.2493632524
2023-09-12,69.5262420431
2023-09-13,70.060222568
2023-09-14,70.9897442223
2023-09-15,69.1010353288
2023-09-18,69.7141240796
2023-09-19,69.9217831726
2023-09-20,68.9032647641
2023-09-21,67.1431067377
2023-09-22,68.112182505
2023-09-25,67.8155266579
2023-09-26,67.1826608506
2023-09-27,67.4496511131
2023-09-28,64.4732041133
2023-09-29,67.2716576048
2023-10-02,67.2024379071
2023-10-03,67.07388704
2023-10-04,67.3507658307
2023-10-05,68.2802874851
2023-10-06,69.2938616295
2023-10-09,68.8184320471
2023-10-10,68.4123359455
2023-10-11,69.5414812036
2023-10-12,69.0858611872
2023-10-13,68.551002907
2023-10-16,68.4222407285
2023-10-17,68.3430024648
2023-10-18,68.4816694263
2023-10-19,66.8869993688
2023-10-20,66.5799510968
2023-10-23,66.243188476
2023-10-24,67.4218576489
2023-10-25,65.8668067233
2023-10-26,63.915564479
2023-10-27,65.0249001712
2023-10-30,65.4409010558
2023-10-31,66.233283693
2023-11-01,68.7391937834
2023-11-02,69.7692912119
2023-11-03,71.8889147666
2023-11-06,72.2256773874
2023-11-07,72.1068199918
2023-11-08,71.5917712776
2023-11-09,72.8694882802
2023-11-10,74.6424444311
2023-11-13,74.0679670191
2023-11-14,76.4352101479
2023-11-15,76.405495799
2023-11-16,75.9399709996
2023-11-17,76.8214966836
2023-11-20,77.871403678
2023-11-21,75.9795901315
2023-11-22,76.3658766671
2023-11-24,76.1380666589
2023-11-27,76.7719727688
2023-11-28,75.3952079365
2023-11-29,75.9597805655
2023-11-30,75.3952079365
2023-12-01,75.2070170601
2023-12-04,73.5826326537
2023-12-05,72.9883456758
2023-12-06,72.4336778297
2023-12-07,72.9487265439
2023-12-08,74.2462531124
2023-12-11,77.0493066918
2023-12-12,77.4157836615
2023-12-13,79.030263285
2023-12-14,81.4074111968
2023-12-15,80.6348381255
2023-12-18,80.7834098699
2023-12-19,81.3876016309
2023-12-20,77.9407371587
2023-12-21,84.6660847926
2023-12-22,85.6664678721
2023-12-26,86.2310405012
2023-12-27,85.8348491826
2023-12-28,85.1811335068
2023-12-29,84.6413228352
2024-01-02,81.6658837854
2024-01-03,81.5865387441
2024-01-04,82.0328546016
2024-01-05,82.7667962338
2024-01-08,84.2545157587
2024-01-09,82.6477786718
2024-01-10,81.7055563061
2024-01-11,82.7072874528
2024-01-12,81.7154744362
2024-01-16,83.9172993331
2024-01-17,82.598188021
2024-01-18,84.1255800665
2024-01-19,86.7935570811
2024-01-22,88.5093935998
2024-01-23,86.8133933415
2024-01-24,87.3588905006
2024-01-25,88.4697210792
2024-01-26,87.3291361101
2024-01-29,88.340785387
2024-01-30,85.4546095088
2024-01-31,85.047966172
2024-02-01,84.9091123496
2024-02-02,85.7719896741
2024-02-05,86.2678961824
2024-02-06,83.9073812029
2024-02-07,84.4727146223
2024-02-08,84.1850888475
2024-02-09,84.8595216988
2024-02-12,84.9983755211
2024-02-13,80.862515242
2024-02-14,81.160059147
2024-02-15,80.9616965436
2024-02-16,78.8491348183
2024-02-20,80.0492285684
2024-02-21,80.8228427213
2024-02-22,85.2066562546
2024-02-23,85.2959194261
2024-02-26,88.7275924635
2024-02-27,91.0980255731
2024-02-28,88.9755457176
2024-02-29,89.8681774326
2024-03-01,94.3710085278
2024-03-04,94.9859325981
2024-03-05,93.6965756766
2024-03-06,94.7776518646
2024-03-07,98.1696523814
2024-03-08,96.8207866788
2024-03-11,93.7362481972
2024-03-12,96.6224240755
2024-03-13,93.3891136414
2024-03-14,90.6814641062
2024-03-15,92.4865637963
2024-03-18,93.0122246951
2024-03-19,93.2304235588
2024-03-20,95.4620028461
2024-03-21,108.9506598716
2024-03-22,109.3077125576
2024-03-25,116.1710586323
2024-03-26,117.82738637
2024-03-27,118.2737022275
2024-03-28,117.0388950218
2024-04-01,123.4026181289
2024-04-02,121.8638083292
2024-04-03,127.085833843
2024-04-04,123.1941342205
2024-04-05,122.6878161574
2024-04-08,122.0623644324
2024-04-09,121.7446746673
2024-04-10,121.3177790455
2024-04-11,126.589443585
2024-04-12,121.6354688105
2024-04-15,120.4937712172
2024-04-16,120.8908834236
2024-04-17,115.490157417
2024-04-18,111.121923147
2024-04-19,105.9991756848
2024-04-22,108.3322098972
2024-04-23,111.6480968204
2024-04-24,110.9730060696
2024-04-25,110.7744499664
2024-04-26,114.0109144483
2024-04-29,113.5343798006
2024-04-30,112.1444870784
2024-05-01,108.9080225965
2024-05-02,111.5190353533
2024-05-03,113.8719251761
2024-05-06,119.2627233775
2024-05-07,118.3493653029
2024-05-08,118.4585711596
2024-05-09,116.9594725806
2024-05-10,120.3647097502
2024-05-13,122.1120034582
2024-05-14,123.908936192
2024-05-15,126.8872777398
2024-05-16,126.966700181
2024-05-17,124.3854708396
2024-05-20,128.0686865537
2024-05-21,126.5795157798
2024-05-22,125.3683235504
2024-05-23,125.3583957452
2024-05-24,128.5551490065
2024-05-28,131.7121910471
2024-05-29,130.6300602848
2024-05-30,125.3782513556
2024-05-31,124.09756449
2024-06-03,127.2446787255
2024-06-04,125.7257245361
2024-06-05,132.7446827837
2024-06-06,129.1309617057
2024-06-07,129.9946807546
2024-06-10,133.8466691564
2024-06-11,134.0948642853
2024-06-12,139.7338576158
2024-06-13,142.1066030488
2024-06-14,140.3394537305
2024-06-17,146.7627436685
2024-06-18,152.342170168
2024-06-20,143.1490225905
2024-06-21,138.5325931915
2024-06-24,138.0064195181
2024-06-25,140.1011864067
2024-06-26,141.3322342464
2024-06-27,131.2753676201
2024-06-28,130.580421259
2024-07-01,130.5704934538
2024-07-02,131.6327686059
2024-07-03,135.8322301882
2024-07-05,130.6499158951
2024-07-08,129.8606553849
2024-07-09,130.3077997336
2024-07-10,135.524483801
2024-07-11,129.4035744952
2024-07-12,132.7025061341
2024-07-15,130.0395131244
2024-07-16,126.6809622391
2024-07-17,118.7416659155
2024-07-18,116.704674994
2024-07-19,113.5349183892
2024-07-22,114.5484455794
2024-07-23,113.5249818481
2024-07-24,109.580175039
2024-07-25,106.7681339132
2024-07-26,108.715695965
2024-07-29,107.1655955564
2024-07-30,101.9091653247
2024-07-31,109.1230941493
2024-08-01,100.8658285112
2024-08-02,92.111735819
2024-08-05,89.8462044526
2024-08-06,88.4352156191
2024-08-07,86.2491765813
2024-08-08,91.4857337309
2024-08-09,92.4893243801
2024-08-12,94.0394247887
2024-08-13,96.8216562913
2024-08-14,99.7728089923
2024-08-15,106.2713068591
2024-08-16,107.3047071315
2024-08-19,107.9406457607
2024-08-20,107.3047071315
2024-08-21,107.6425495283
2024-08-22,103.5983773084
2024-08-23,102.197325016
2024-08-26,98.2823278302
2024-08-27,97.2389910167
2024-08-28,94.2580286924
2024-08-29,94.9635231092
2024-08-30,95.6292713616
2024-09-03,88.0178808937
2024-09-04,88.7233753104
2024-09-05,88.8227407213
2024-09-06,85.8318418559
2024-09-09,85.722539904
2024-09-10,86.2988592867
2024-09-11,90.0747448974
2024-09-12,86.6565747656
2024-09-13,90.641127739
2024-09-16,86.6267651424
2024-09-17,88.1669290099
2024-09-18,86.7956863408
2024-09-19,88.6836291461
2024-09-20,90.3231584245
2024-09-23,92.976214893
2024-09-24,93.4034861595
2024-09-25,95.1622539308
2024-09-26,109.1827133958
2024-09-27,106.8178166186
2024-09-30,103.051867549
2024-10-01,99.6734435815
2024-10-02,99.2163626918
2024-10-03,101.1738612847
2024-10-04,101.6011325512
2024-10-07,102.3712144849
2024-10-08,102.0031516207
2024-10-09,101.1675494424
2024-10-10,105.1366597892
2024-10-11,106.3602201217
2024-10-14,107.7727857088
2024-10-15,103.773832427
2024-10-16,108.668073757
2024-10-17,111.4633619963
2024-10-18,110.5680739481
2024-10-21,108.5089114373
2024-10-22,107.2555081699
2024-10-23,104.5000105106
2024-10-24,106.2905866069
2024-10-25,107.3450369747
2024-10-28,105.8329949378
2024-10-29,107.6136233892
2024-10-30,103.5350889475
2024-10-31,99.1282822216
2024-11-01,99.2078633814
2024-11-04,101.1973923773
2024-11-05,104.9377068897
2024-11-06,111.2445138067
2024-11-07,112.8162417135
2024-11-08,111.3141473216
2024-11-11,108.0811627032
2024-11-12,103.5549842375
2024-11-13,99.396868636
2024-11-14,98.6607429075
2024-11-15,95.8356117333
2024-11-18,96.9994861959
2024-11-19,97.2183343855
2024-11-20,97.8549836642
2024-11-21,102.2219998102
2024-11-22,102.1026280705
2024-11-25,103.9329947467
2024-11-26,101.2670258922
2024-11-27,97.6858736995
2024-11-29,97.437182575
2024-12-02,98.0340412738
2024-12-03,99.3172874762
2024-12-04,102.6596961893
2024-12-05,100.3418949091
2024-12-06,100.6403242585
2024-12-09,102.2816856801
2024-12-10,97.5863972497
2024-12-11,101.5206908392
2024-12-12,97.7256642795
2024-12-13,101.9633610408
2024-12-16,107.693204549
2024-12-17,108.0314244783
2024-12-18,103.3560313379
2024-12-19,86.6340401272
2024-12-20,89.648176556
2024-12-23,89.2502707568
2024-12-24,88.8125743777
2024-12-26,89.3497472066
2024-12-27,88.1659774541
2024-12-30,84.9777572381
2024-12-31,83.8322359531
2025-01-02,86.9898902779
2025-01-03,89.5199981595
2025-01-06,98.873428478
2025-01-07,101.5131079608
2025-01-08,99.0228442977
2025-01-10,98.9531169152
2025-01-13,94.689785524
2025-01-14,96.980828094
2025-01-15,102.7881229563
2025-01-16,102.2004207318
2025-01-17,105.3381529473
2025-01-21,108.954015786
2025-01-22,108.8045999662
2025-01-23,104.4316969739
2025-01-24,102.7881229563
2025-01-27,90.7551689364
2025-01-28,87.9063073059
2025-01-29,88.6633474594
2025-01-30,92.1397555331
2025-01-31,90.8846626469
2025-02-03,89.5698034328
2025-02-04,90.3069214771
2025-02-05,93.2354715448
2025-02-06,94.1718106821
2025-02-07,91.94053444
2025-02-10,95.5563972788
2025-02-11,93.7136021681
2025-02-12,91.3229490516
2025-02-13,95.2874488032
2025-02-14,99.1324158989
2025-02-18,106.3741026311
2025-02-19,103.9535663506
2025-02-20,102.7781619016
2025-02-21,98.4550641826
2025-02-24,95.0384224369
2025-02-25,92.856951468
2025-02-26,97.3294650069
2025-02-27,91.4624038167
2025-02-28,93.2653547088
2025-03-03,90.1873888212
2025-03-04,90.8448184283
2025-03-05,93.9725895891
2025-03-06,88.9223348804
2025-03-07,92.5979640471
2025-03-10,86.7408639116
2025-03-11,88.703191678
2025-03-12,95.2675266939
2025-03-13,94.5104865403
2025-03-14,100.3974698398
2025-03-17,102.7084345191
2025-03-18,101.3238479224
2025-03-19,101.6625237806
2025-03-20,102.5988629179
2025-03-21,94.3511096659
2025-03-24,96.5624637986
2025-03-25,93.8132127146
2025-03-26,91.7711965109
2025-03-27,90.8049742097
2025-03-28,88.0955673443
2025-03-31,86.6661560017
2025-04-01,88.48146736
2025-04-02,88.3717507394
2025-04-03,74.14848702
2025-04-04,64.5532698403
2025-04-07,68.1938667952
2025-04-08,65.3711573754
2025-04-09,77.669393116
2025-04-10,69.8695388182
2025-04-11,69.3708269066
2025-04-14,70.8370399268
2025-04-15,70.8569884032
2025-04-16,69.1513936655
2025-04-17,68.6227590392
2025-04-21,66.5680659633
2025-04-22,70.02912663
2025-04-23,72.7421194292
2025-04-24,77.2205523955
2025-04-25,79.5744726184
2025-04-28,78.357615554
2025-04-29,76.681943531
2025-04-30,76.7517631986
2025-05-01,77.5696507337
2025-05-02,80.5120510123
2025-05-05,80.2128238653
2025-05-06,80.3025920094
2025-05-07,82.4071562764
2025-05-08,84.9306385492
2025-05-09,85.6388094637
2025-05-12,92.0522446472
2025-05-13,96.680291187
2025-05-14,95.0744388316
2025-05-15,95.2041039286
2025-05-16,97.7475346779
2025-05-19,98.395860163
2025-05-20,97.8472770602
2025-05-21,95.5930992197
2025-05-22,94.5857011582
2025-05-23,93.1294623763
2025-05-27,96.1317080843
2025-05-28,95.9322233196
2025-05-29,96.55062609
2025-05-30,94.2166543436
2025-06-02,97.9270709661
2025-06-03,101.9865859267
2025-06-04,102.9840097499
2025-06-05,106.0161781726
2025-06-06,108.2803302514
2025-06-09,110.6641731889
2025-06-10,113.8459551851
2025-06-11,115.731086211
2025-06-12,115.8806997845
2025-06-13,115.302193967
2025-06-16,119.5312709776
2025-06-17,120.0299828892
2025-06-18,121.5061701476
2025-06-20,123.281584553
2025-06-23,121.7655003416
2025-06-24,127.5804812311
2025-06-25,126.9221815078
2025-06-26,125.6754017287
2025-06-27,124.4385961879
2025-06-30,122.9324862148
2025-07-01,120.578565992
2025-07-02,121.4263762417
2025-07-03,121.9749593445
2025-07-07,119.7257686231
2025-07-08,124.2184800874
2025-07-09,122.042010978
2025-07-10,122.9106018611
2025-07-11,124.3283019232
2025-07-14,118.4178903968
2025-07-15,119.9154608849
2025-07-16,116.2414212874
2025-07-17,113.0765556559
2025-07-18,114.2047254236
2025-07-21,113.0466042461
2025-07-22,109.0430991412
2025-07-23,109.6521111397
2025-07-24,111.549033758
2025-07-25,111.079795005
2025-07-28,111.0698112018
2025-07-29,111.7786612328
2025-07-30,114.5541585375
2025-07-31,108.9632287152
2025-08-01,104.7101285289
2025-08-04,107.5954476694
2025-08-05,108.8833582891
2025-08-06,108.603811798
2025-08-07,111.6888070035
2025-08-08,118.6974368879
2025-08-11,123.5196138596
2025-08-12,127.543086571
2025-08-13,124.0687230386
2025-08-14,125.0870709705
2025-08-15,120.6742299322
2025-08-18,123.3498892043
2025-08-19,121.8523187162
2025-08-20,117.0201579412
2025-08-21,115.6024578791
2025-08-22,117.4893966942
2025-08-25,116.2314374842
2025-08-26,116.3113079102
2025-08-27,117.5592833169
2025-08-28,121.8023996999
2025-08-29,118.817242527
2025-09-02,118.2881009545
2025-09-03,118.5277122326
2025-09-04,124.0088202191
2025-09-05,131.157223349
2025-09-08,131.2470775783
2025-09-09,135.0209552084
2025-09-10,139.7732455573
2025-09-11,150.3261255969
2025-09-12,156.9753385641
2025-09-15,157.5144639398
2025-09-16,158.5627632815
2025-09-17,159.7308682622
2025-09-18,168.6164531584
2025-09-19,162.4664303539
2025-09-22,164.3533691689
2025-09-23,166.1404699514
2025-09-24,161.4480824219
2025-09-25,156.5759864339
2025-09-26,157.0152737771
2025-09-29,163.6345353346
2025-09-30,167.0489960475
2025-10-01,181.8549762733
2025-10-02,183.452384794
2025-10-03,187.6405902591
2025-10-06,190.7674339342
2025-10-07,185.5027482575
2025-10-08,196.3418070038
2025-10-09,192.1360524119
2025-10-10,181.4168726564
2025-10-13,192.5756087113
2025-10-14,186.8713667351
2025-10-15,191.746445692
2025-10-16,202.325766625
2025-10-17,202.1759178865
2025-10-20,206.5614909645
2025-10-21,202.0860086435
2025-10-22,198.2698607715
2025-10-23,206.5015514691
2025-10-24,218.7991379361
2025-10-27,219.8780488528
2025-10-28,221.6862236298
2025-10-29,226.4014639323
2025-10-30,223.7841059678
2025-10-31,223.5443479863
2025-11-03,234.4633260597
2025-11-04,217.8101362625
2025-11-05,237.2605025104
2025-11-06,238.0896655297
2025-11-07,237.680078978
2025-11-10,253.0445696248
2025-11-11,240.8668621485
2025-11-12,244.6530402728
2025-11-13,236.7110571361
2025-11-14,246.5810940406
2025-11-17,241.7060150837
2025-11-18,228.2695782047
2025-11-19,225.6921799038
2025-11-20,201.1669363811
2025-11-21,207.1608859182
2025-11-24,223.7041866406
2025-11-25,224.3035815943
2025-11-26,230.0278034023
2025-11-28,236.2415310891
2025-12-01,240.2175176154
2025-12-02,239.2484957735
2025-12-03,233.9238706014
2025-12-04,226.4214437641
2025-12-05,236.9807848653
2025-12-08,246.6710032836
2025-12-09,252.165457026
2025-12-10,263.4440720716
2025-12-11,258.1993662267
2025-12-12,240.8968318962
2025-12-15,237.2605025104
2025-12-16,232.2755344787
2025-12-17,225.292583268
2025-12-18,248.2993595746
2025-12-19,265.6518434845
2025-12-22,276.3110837446
2025-12-23,275.991406436
2025-12-24,286.3909088829
2025-12-26,284.5028147787
2025-12-29,294.188038239
2025-12-30,292.449113802
2025-12-31,285.2335767701
2026-01-02,315.2250264
2026-01-05,311.9570477165
2026-01-06,343.2177123091
2026-01-07,339.3401106908
2026-01-08,326.8178559803
2026-01-09,344.8766861973
2026-01-12,345.6562040484
2026-01-13,337.9209884491
2026-01-14,333.1439431565
2026-01-15,336.4219156585
2026-01-16,362.5257698516
2026-01-20,364.7743790374
2026-01-21,388.8694756911
2026-01-22,397.3342400485
2026-01-23,399.4029604995
2026-01-26,388.8494880539
2026-01-27,409.9864144009
2026-01-28,435.0109361847
2026-01-29,435.5206209335
2026-01-30,414.623546233
2026-02-02,437.5293784728
2026-02-03,419.1807275163
2026-02-04,379.1654778268
2026-02-05,382.6533205196
2026-02-06,394.446026472
2026-02-09,383.2629434544
2026-02-10,373.0192793855
2026-02-11,410.0863525869
2026-02-12,413.7141087401
2026-02-13,411.4055366426
2026-02-17,399.5328801413
2026-02-18,420.6897941255
2026-02-19,417.0920194281
2026-02-20,427.9053311574
2026-02-23,420.7097817627
2026-02-24,417.751611456
2026-02-25,428.7348181015
2026-02-26,415.3031258981
2026-02-27,412.1150977635
2026-03-02,412.4149123216
2026-03-03,379.4453047478
2026-03-04,400.5222681831
2026-03-05,396.8045676625
2026-03-06,370.0711028974
2026-03-09,389.0793458818
2026-03-10,402.8608217364
2026-03-11,418.431191121
2026-03-12,405.0994371036
2026-03-13,425.8665921622
2026-03-16,441.5269059143
2026-03-17,461.4046111172
2026-03-18,461.4445863916
2026-03-19,443.9953791095
2026-03-20,422.6385887532
2026-03-23,404.1000552432
2026-03-24,395.2855072347
2026-03-25,381.8538150313
2026-03-26,355.2402760894
2026-03-27,356.9991881637
2026-03-30,321.7509899482
2026-03-31,337.7885470606
2026-04-01,367.7939765458
2026-04-02,366.1842217484
2026-04-06,377.7024672556
2026-04-07,377.5224946695
2026-04-08,406.6680551325
2026-04-09,421.4458041426
2026-04-10,420.5259442583
2026-04-13,426.4950350289
2026-04-14,465.5890801097
2026-04-15,456.1605162961
2026-04-16,457.1603639963
2026-04-17,455.0006929638
2026-04-20,448.3517057569
2026-04-21,449.3115595492
2026-04-22,487.4057569296
2026-04-23,481.6466341761
2026-04-24,496.6443496802
2026-04-27,524.4801096558
2026-04-28,504.2131967712
2026-04-29,518.3810386841
2026-04-30,517.0812366738
2026-05-01,542.1274215656
2026-05-04,576.362206823
2026-05-05,640.1024977155
2026-05-06,666.4884785257
2026-05-07,646.5315184283
2026-05-08,746.6962610417
2026-05-11,795.208871459
2026-05-12,766.4632500761
2026-05-13,803.5076073713
2026-05-14,775.8918138897
2026-05-15,724.5496344807
2026-05-18,681.4362016448
2026-05-19,698.6335820896
2026-05-20,731.8785181237
2026-05-21,761.9839323789
2026-05-22,750.8856229059
2026-05-26,895.7435577216
2026-05-27,928.2686034115
2026-05-28,923.3793481572
2026-05-29,970.8521169662
2026-06-01,1035.3422936339
2026-06-02,1063.9379378617
2026-06-03,1079.405581785
2026-06-04,995.848309473
2026-06-05,863.8784115139
2026-06-08,949.1354249162
2026-06-09,935.7474642096
2026-06-10,891.7441669205
2026-06-11,995.718329272
2026-06-12,981.4605010661
2026-06-15,1087.8242994213
2026-06-16,1020.6045385318
2026-06-17,1043.031122449
2026-06-18,1133.8172936339
2026-06-22,1211.1955071581
2026-06-23,1051.6098157173
2026-06-24,1048.3503122144
2026-06-25,1213.3751751447
2026-06-26,1132.1575464514
2026-06-29,1145.10557417
2026-06-30,1154.1142019494
2026-07-01,1032.122784039
2026-07-02,975.4114224794
2026-07-06,984.75
2026-07-07,938.38
2026-07-08,948.8
2026-07-09,991.64
2026-07-10,979.3
2026-07-13,937.0
2026-07-14,983.12
2026-07-15,904.28
2026-07-16,853.2
2026-07-17,848.95
2026-07-20,865.46
2026-07-21,970.82
2026-07-22,959.48
2026-07-23,990.21
2026-07-24,920.95
2026-07-27,900.2
2026-07-28,820.53
2026-07-29,739.0
2026-07-30,874.66
2026-07-31,823.03
2026-08-03,829.5
2026-08-04,892.67
2026-08-05,893.19
2026-08-06,881.47
2026-08-07,877.57
2026-08-10,861.0
2026-08-11,868.52
2026-08-12,911.29
2026-08-13,949.83
2026-08-14,971.66
2026-08-17,1011.75
2026-08-18,940.76
2026-08-19,937.105
2026-08-20,974.33
2026-08-21,966.78
