# TSM | Yahoo (browser) | fetched 2026-08-13
date,value
2021-08-11,115.99
2021-08-12,115.7
2021-08-13,115.5
2021-08-16,114.62999725341797
2021-08-17,111.11000061035156
2021-08-18,110.44999694824219
2021-08-19,110.5199966430664
2021-08-20,108.12000274658203
2021-08-23,110.95999908447266
2021-08-24,112.11000061035156
2021-08-25,117.02999877929688
2021-08-26,118.0999984741211
2021-08-27,118.48999786376953
2021-08-30,118.98999786376953
2021-08-31,119.01000213623047
2021-09-01,120.45999908447266
2021-09-02,120.79000091552734
2021-09-03,123.97000122070312
2021-09-07,124.69999694824219
2021-09-08,121.88999938964844
2021-09-09,122.68000030517578
2021-09-10,122.97000122070312
2021-09-13,123.62000274658203
2021-09-14,123.08999633789062
2021-09-15,121.5
2021-09-16,120.79000091552734
2021-09-17,117.75
2021-09-20,114.69999694824219
2021-09-21,114.95999908447266
2021-09-22,115.87000274658203
2021-09-23,116.19000244140625
2021-09-24,115.63999938964844
2021-09-27,116.1500015258789
2021-09-28,111.9000015258789
2021-09-29,111.62000274658203
2021-09-30,111.6500015258789
2021-10-01,111.55999755859375
2021-10-04,109.0199966430664
2021-10-05,109.26000213623047
2021-10-06,109.33999633789062
2021-10-07,110.83000183105469
2021-10-08,110.04000091552734
2021-10-11,110.26000213623047
2021-10-12,109.19999694824219
2021-10-13,109.9800033569336
2021-10-14,112.55999755859375
2021-10-15,114.86000061035156
2021-10-18,115.33999633789062
2021-10-19,116.95999908447266
2021-10-20,115.58999633789062
2021-10-21,116.29000091552734
2021-10-22,114.2300033569336
2021-10-25,113.63999938964844
2021-10-26,114.18000030517578
2021-10-27,113.75
2021-10-28,116.01000213623047
2021-10-29,113.69999694824219
2021-11-01,114.12000274658203
2021-11-02,114.11000061035156
2021-11-03,114.01000213623047
2021-11-04,117.79000091552734
2021-11-05,117.80000305175781
2021-11-08,120.91000366210938
2021-11-09,121.77999877929688
2021-11-10,118.19999694824219
2021-11-11,118.19000244140625
2021-11-12,118.69000244140625
2021-11-15,118.12000274658203
2021-11-16,118.08000183105469
2021-11-17,119.05999755859375
2021-11-18,123.38999938964844
2021-11-19,124.26000213623047
2021-11-22,124.75
2021-11-23,121.36000061035156
2021-11-24,120.70999908447266
2021-11-26,117.08999633789062
2021-11-29,119.27999877929688
2021-11-30,117.1500015258789
2021-12-01,120.62999725341797
2021-12-02,121.69999694824219
2021-12-03,119.33000183105469
2021-12-06,119.13999938964844
2021-12-07,122.31999969482422
2021-12-08,121.80000305175781
2021-12-09,119.5
2021-12-10,119.12999725341797
2021-12-13,116.41999816894531
2021-12-14,116.29000091552734
2021-12-15,120.4000015258789
2021-12-16,116.56999969482422
2021-12-17,116.31999969482422
2021-12-20,114.94000244140625
2021-12-21,117.44000244140625
2021-12-22,121.30000305175781
2021-12-23,120.68000030517578
2021-12-27,122.69999694824219
2021-12-28,122.05999755859375
2021-12-29,121.41000366210938
2021-12-30,120.41999816894531
2021-12-31,120.30999755859375
2022-01-03,128.8000030517578
2022-01-04,133.39999389648438
2022-01-05,127.05999755859375
2022-01-06,128.47000122070312
2022-01-07,123.5
2022-01-10,125.01000213623047
2022-01-11,129.1699981689453
2022-01-12,132.22999572753906
2022-01-13,139.19000244140625
2022-01-14,140.66000366210938
2022-01-18,133.8300018310547
2022-01-19,131.00999450683594
2022-01-20,128.3300018310547
2022-01-21,124.52999877929688
2022-01-24,125.95999908447266
2022-01-25,122.4800033569336
2022-01-26,123.08000183105469
2022-01-27,116.37999725341797
2022-01-28,117.61000061035156
2022-01-31,122.62999725341797
2022-02-01,123.05000305175781
2022-02-02,124.1500015258789
2022-02-03,119.83999633789062
2022-02-04,121.0199966430664
2022-02-07,122.30999755859375
2022-02-08,123.70999908447266
2022-02-09,125.5199966430664
2022-02-10,124.70999908447266
2022-02-11,121.01000213623047
2022-02-14,119.7699966430664
2022-02-15,124.5199966430664
2022-02-16,123.5999984741211
2022-02-17,119.76000213623047
2022-02-18,119.30999755859375
2022-02-22,116.91000366210938
2022-02-23,115.9000015258789
2022-02-24,111.87999725341797
2022-02-25,111.2300033569336
2022-02-28,107.01000213623047
2022-03-01,108.05000305175781
2022-03-02,109.61000061035156
2022-03-03,108.79000091552734
2022-03-04,105.05999755859375
2022-03-07,99.29000091552734
2022-03-08,100
2022-03-09,104.94999694824219
2022-03-10,103.95999908447266
2022-03-11,101.41000366210938
2022-03-14,99.30000305175781
2022-03-15,102.08999633789062
2022-03-16,105.69000244140625
2022-03-17,106.48999786376953
2022-03-18,106.72000122070312
2022-03-21,106.91999816894531
2022-03-22,107.04000091552734
2022-03-23,105.3499984741211
2022-03-24,107.91999816894531
2022-03-25,106.7300033569336
2022-03-28,106.33000183105469
2022-03-29,109.25
2022-03-30,106.7300033569336
2022-03-31,104.26000213623047
2022-04-01,102.79000091552734
2022-04-04,104.79000091552734
2022-04-05,102.5
2022-04-06,101.18000030517578
2022-04-07,100.5199966430664
2022-04-08,99.29000091552734
2022-04-11,97.56999969482422
2022-04-12,97.44000244140625
2022-04-13,101.5
2022-04-14,98.36000061035156
2022-04-18,98.7699966430664
2022-04-19,99.44999694824219
2022-04-20,99.01000213623047
2022-04-21,97.66000366210938
2022-04-22,95.68000030517578
2022-04-25,96.23999786376953
2022-04-26,92.7699966430664
2022-04-27,90.26000213623047
2022-04-28,95.22000122070312
2022-04-29,92.93000030517578
2022-05-02,93.76000213623047
2022-05-03,93.62999725341797
2022-05-04,95.98999786376953
2022-05-05,92.1500015258789
2022-05-06,91.62999725341797
2022-05-09,87.30000305175781
2022-05-10,88.81999969482422
2022-05-11,87.83000183105469
2022-05-12,87.69000244140625
2022-05-13,90.95999908447266
2022-05-16,90.41000366210938
2022-05-17,93.31999969482422
2022-05-18,90.52999877929688
2022-05-19,90.20999908447266
2022-05-20,90.77999877929688
2022-05-23,91.5
2022-05-24,88.72000122070312
2022-05-25,90.41000366210938
2022-05-26,91
2022-05-27,93.7699966430664
2022-05-31,95.30000305175781
2022-06-01,94.75
2022-06-02,96.33999633789062
2022-06-03,93.7699966430664
2022-06-06,93.11000061035156
2022-06-07,93.83999633789062
2022-06-08,93.47000122070312
2022-06-09,90.8499984741211
2022-06-10,88.68000030517578
2022-06-13,85.55000305175781
2022-06-14,87.19000244140625
2022-06-15,89.12999725341797
2022-06-16,84.5199966430664
2022-06-17,85
2022-06-21,86.94999694824219
2022-06-22,84.91000366210938
2022-06-23,84.12000274658203
2022-06-24,85.91999816894531
2022-06-27,85.86000061035156
2022-06-28,84.33999633789062
2022-06-29,83.6500015258789
2022-06-30,81.75
2022-07-01,77
2022-07-05,76.11000061035156
2022-07-06,75.55999755859375
2022-07-07,80.6500015258789
2022-07-08,81.51000213623047
2022-07-11,79.11000061035156
2022-07-12,79.0999984741211
2022-07-13,81.29000091552734
2022-07-14,83.66999816894531
2022-07-15,85.62999725341797
2022-07-18,83.58000183105469
2022-07-19,86.1500015258789
2022-07-20,86.55999755859375
2022-07-21,87.79000091552734
2022-07-22,86.31999969482422
2022-07-25,86.30000305175781
2022-07-26,84.41999816894531
2022-07-27,87.62999725341797
2022-07-28,88.61000061035156
2022-07-29,88.4800033569336
2022-08-01,86.30999755859375
2022-08-02,86.05000305175781
2022-08-03,86.51000213623047
2022-08-04,88.41999816894531
2022-08-05,89.7699966430664
2022-08-08,87.94000244140625
2022-08-09,85.20999908447266
2022-08-10,88.66999816894531
2022-08-11,89.5199966430664
2022-08-12,90.86000061035156
2022-08-15,91.56999969482422
2022-08-16,89.94999694824219
2022-08-17,89.19999694824219
2022-08-18,89.2699966430664
2022-08-19,87.19999694824219
2022-08-22,85.23999786376953
2022-08-23,86.02999877929688
2022-08-24,85.55999755859375
2022-08-25,87.56999969482422
2022-08-26,84.73999786376953
2022-08-29,82.8499984741211
2022-08-30,82.79000091552734
2022-08-31,83.3499984741211
2022-09-01,81.63999938964844
2022-09-02,80.9000015258789
2022-09-06,80.02999877929688
2022-09-07,79.94999694824219
2022-09-08,80.23999786376953
2022-09-09,81.52999877929688
2022-09-12,82.1500015258789
2022-09-13,78.80999755859375
2022-09-14,79.66000366210938
2022-09-15,77.9800033569336
2022-09-16,77.88999938964844
2022-09-19,78.2300033569336
2022-09-20,78.1500015258789
2022-09-21,77.13999938964844
2022-09-22,75.62999725341797
2022-09-23,73.87000274658203
2022-09-26,73.01000213623047
2022-09-27,73.02999877929688
2022-09-28,72.12999725341797
2022-09-29,69.27999877929688
2022-09-30,68.55999755859375
2022-10-03,69.25
2022-10-04,72.80999755859375
2022-10-05,74.4800033569336
2022-10-06,74.3499984741211
2022-10-07,69.75
2022-10-10,67.44000244140625
2022-10-11,63.45000076293945
2022-10-12,64.11000061035156
2022-10-13,66.62000274658203
2022-10-14,63.91999816894531
2022-10-17,64.88999938964844
2022-10-18,63.709999084472656
2022-10-19,63.65999984741211
2022-10-20,63.58000183105469
2022-10-21,63.75
2022-10-24,61.290000915527344
2022-10-25,61.13999938964844
2022-10-26,60.84000015258789
2022-10-27,60.95000076293945
2022-10-28,62.0099983215332
2022-10-31,61.54999923706055
2022-11-01,61.58000183105469
2022-11-02,60.52000045776367
2022-11-03,60.279998779296875
2022-11-04,62.47999954223633
2022-11-07,62.7599983215332
2022-11-08,65.0199966430664
2022-11-09,65
2022-11-10,70.83999633789062
2022-11-11,73.83000183105469
2022-11-14,72.80000305175781
2022-11-15,80.45999908447266
2022-11-16,79.44999694824219
2022-11-17,81.4800033569336
2022-11-18,82.2699966430664
2022-11-21,79.93000030517578
2022-11-22,82.54000091552734
2022-11-23,81.97000122070312
2022-11-25,81.4000015258789
2022-11-28,79.22000122070312
2022-11-29,79.33000183105469
2022-11-30,82.9800033569336
2022-12-01,82.68000030517578
2022-12-02,81.5
2022-12-05,81.62000274658203
2022-12-06,79.55999755859375
2022-12-07,79.23999786376953
2022-12-08,80.80000305175781
2022-12-09,80.69000244140625
2022-12-12,80.43000030517578
2022-12-13,80.51000213623047
2022-12-14,80.0199966430664
2022-12-15,77.61000061035156
2022-12-16,76.30000305175781
2022-12-19,76.0999984741211
2022-12-20,75.62000274658203
2022-12-21,77.13999938964844
2022-12-22,75.27999877929688
2022-12-23,74.88999938964844
2022-12-27,74.31999969482422
2022-12-28,73.05999755859375
2022-12-29,76
2022-12-30,74.48999786376953
2023-01-03,74.02999877929688
2023-01-04,76.31999969482422
2023-01-05,75.7300033569336
2023-01-06,78.06999969482422
2023-01-09,80.30999755859375
2023-01-10,81.2699966430664
2023-01-11,81.77999877929688
2023-01-12,87
2023-01-13,86.80000305175781
2023-01-17,88.98999786376953
2023-01-18,89.47000122070312
2023-01-19,88.4000015258789
2023-01-20,91.02999877929688
2023-01-23,95.66000366210938
2023-01-24,94.55999755859375
2023-01-25,92.41000366210938
2023-01-26,93.44999694824219
2023-01-27,93.30000305175781
2023-01-30,93.12999725341797
2023-01-31,92.7300033569336
2023-02-01,94.73999786376953
2023-02-02,96.6500015258789
2023-02-03,94.66000366210938
2023-02-06,91.83000183105469
2023-02-07,94.55000305175781
2023-02-08,94.27999877929688
2023-02-09,96.69000244140625
2023-02-10,95.37000274658203
2023-02-13,96.11000061035156
2023-02-14,97.95999908447266
2023-02-15,92.76000213623047
2023-02-16,90.81999969482422
2023-02-17,90.0999984741211
2023-02-21,87.63999938964844
2023-02-22,86.83000183105469
2023-02-23,90.08000183105469
2023-02-24,88.11000061035156
2023-02-27,87.30000305175781
2023-02-28,87.06999969482422
2023-03-01,88.41999816894531
2023-03-02,89.02999877929688
2023-03-03,89.79000091552734
2023-03-06,89.58000183105469
2023-03-07,88.8499984741211
2023-03-08,90.83000183105469
2023-03-09,88.87999725341797
2023-03-10,87.25
2023-03-13,87.73999786376953
2023-03-14,89.29000091552734
2023-03-15,86.69999694824219
2023-03-16,89.30000305175781
2023-03-17,89.47000122070312
2023-03-20,90.04000091552734
2023-03-21,92.5
2023-03-22,92.62000274658203
2023-03-23,94.58999633789062
2023-03-24,92.79000091552734
2023-03-27,90.66000366210938
2023-03-28,90.80999755859375
2023-03-29,92.76000213623047
2023-03-30,92.47000122070312
2023-03-31,93.0199966430664
2023-04-03,92.83999633789062
2023-04-04,92.16999816894531
2023-04-05,90.19999694824219
2023-04-06,90.23999786376953
2023-04-10,89.0199966430664
2023-04-11,89.23999786376953
2023-04-12,86.87000274658203
2023-04-13,87.05000305175781
2023-04-14,87.19999694824219
2023-04-17,87.98999786376953
2023-04-18,88.13999938964844
2023-04-19,87.2300033569336
2023-04-20,89.29000091552734
2023-04-21,85.37000274658203
2023-04-24,84.63999938964844
2023-04-25,82.29000091552734
2023-04-26,82.25
2023-04-27,83.66999816894531
2023-04-28,84.30000305175781
2023-05-01,83.9800033569336
2023-05-02,82.95999908447266
2023-05-03,82.69999694824219
2023-05-04,83.48999786376953
2023-05-05,84.97000122070312
2023-05-08,85.54000091552734
2023-05-09,85.05999755859375
2023-05-10,84.9000015258789
2023-05-11,83.43000030517578
2023-05-12,83.43000030517578
2023-05-15,85.66000366210938
2023-05-16,85.87999725341797
2023-05-17,90.87999725341797
2023-05-18,92.6500015258789
2023-05-19,92.58000183105469
2023-05-22,91.72000122070312
2023-05-23,90.44000244140625
2023-05-24,90.12999725341797
2023-05-25,100.94999694824219
2023-05-26,103.20999908447266
2023-05-30,101.9800033569336
2023-05-31,98.58999633789062
2023-06-01,98.83999633789062
2023-06-02,98.94000244140625
2023-06-05,98.05000305175781
2023-06-06,99.81999969482422
2023-06-07,100.29000091552734
2023-06-08,99.94000244140625
2023-06-09,102.80000305175781
2023-06-12,107.05999755859375
2023-06-13,106.80000305175781
2023-06-14,107.41000366210938
2023-06-15,105.18000030517578
2023-06-16,104.56999969482422
2023-06-20,103.9800033569336
2023-06-21,101.63999938964844
2023-06-22,103.12999725341797
2023-06-23,101.91000366210938
2023-06-26,100.11000061035156
2023-06-27,102.08000183105469
2023-06-28,100.91999816894531
2023-06-29,100.63999938964844
2023-06-30,100.91999816894531
2023-07-03,103.1500015258789
2023-07-05,100.98999786376953
2023-07-06,99.41000366210938
2023-07-07,100.2300033569336
2023-07-10,99.7699966430664
2023-07-11,101.26000213623047
2023-07-12,103.9000015258789
2023-07-13,105.56999969482422
2023-07-14,105.13999938964844
2023-07-17,104.79000091552734
2023-07-18,103.1500015258789
2023-07-19,103.05999755859375
2023-07-20,97.86000061035156
2023-07-21,97.25
2023-07-24,98.25
2023-07-25,100.31999969482422
2023-07-26,99.41000366210938
2023-07-27,99.3499984741211
2023-07-28,100.86000061035156
2023-07-31,99.1500015258789
2023-08-01,98.4000015258789
2023-08-02,95.69999694824219
2023-08-03,94.9800033569336
2023-08-04,96.16000366210938
2023-08-07,96.3499984741211
2023-08-08,94.48999786376953
2023-08-09,93.9800033569336
2023-08-10,94.80000305175781
2023-08-11,91.98999786376953
2023-08-14,93.06999969482422
2023-08-15,91.68000030517578
2023-08-16,91.77999877929688
2023-08-17,91.63999938964844
2023-08-18,91.0999984741211
2023-08-21,92.55999755859375
2023-08-22,92.23999786376953
2023-08-23,94.22000122070312
2023-08-24,92.52999877929688
2023-08-25,93.0999984741211
2023-08-28,94
2023-08-29,95.08000183105469
2023-08-30,94.77999877929688
2023-08-31,93.56999969482422
2023-09-01,93.19000244140625
2023-09-05,94.5999984741211
2023-09-06,92.26000213623047
2023-09-07,90.05000305175781
2023-09-08,89.63999938964844
2023-09-11,89.5999984741211
2023-09-12,90.4800033569336
2023-09-13,91.22000122070312
2023-09-14,91.47000122070312
2023-09-15,89.25
2023-09-18,88.83000183105469
2023-09-19,88.16999816894531
2023-09-20,87.29000091552734
2023-09-21,85.36000061035156
2023-09-22,85.63999938964844
2023-09-25,86.23999786376953
2023-09-26,84.29000091552734
2023-09-27,85.44000244140625
2023-09-28,86.41000366210938
2023-09-29,86.9000015258789
2023-10-02,87.6500015258789
2023-10-03,85.41000366210938
2023-10-04,86.66999816894531
2023-10-05,87.02999877929688
2023-10-06,89.29000091552734
2023-10-09,88.98999786376953
2023-10-10,90.61000061035156
2023-10-11,92
2023-10-12,92.41999816894531
2023-10-13,90.45999908447266
2023-10-16,91.22000122070312
2023-10-17,91
2023-10-18,89.5999984741211
2023-10-19,92.91000366210938
2023-10-20,91.30999755859375
2023-10-23,91.11000061035156
2023-10-24,91.63999938964844
2023-10-25,87.63999938964844
2023-10-26,87.44999694824219
2023-10-27,85.98999786376953
2023-10-30,86.05999755859375
2023-10-31,86.30999755859375
2023-11-01,87.80000305175781
2023-11-02,90.4800033569336
2023-11-03,91.79000091552734
2023-11-06,92.5999984741211
2023-11-07,92.41000366210938
2023-11-08,92
2023-11-09,91.62000274658203
2023-11-10,97.44000244140625
2023-11-13,96.41999816894531
2023-11-14,98.91000366210938
2023-11-15,98.80000305175781
2023-11-16,98.54000091552734
2023-11-17,99.58000183105469
2023-11-20,99.95999908447266
2023-11-21,98.41000366210938
2023-11-22,98.6500015258789
2023-11-24,97.83000183105469
2023-11-27,97.20999908447266
2023-11-28,97.9800033569336
2023-11-29,98.87999725341797
2023-11-30,97.30999755859375
2023-12-01,98.55000305175781
2023-12-04,97.01000213623047
2023-12-05,96.69000244140625
2023-12-06,97.8499984741211
2023-12-07,99.29000091552734
2023-12-08,100.3499984741211
2023-12-11,100.94999694824219
2023-12-12,101.5999984741211
2023-12-13,102.12000274658203
2023-12-14,103.44999694824219
2023-12-15,102.54000091552734
2023-12-18,102.93000030517578
2023-12-19,103.87000274658203
2023-12-20,100.04000091552734
2023-12-21,102.55000305175781
2023-12-22,103.1500015258789
2023-12-26,104.44999694824219
2023-12-27,104.6500015258789
2023-12-28,104.69999694824219
2023-12-29,104
2024-01-02,101.52999877929688
2024-01-03,100.16999816894531
2024-01-04,99.12999725341797
2024-01-05,99.61000061035156
2024-01-08,102.23999786376953
2024-01-09,101.88999938964844
2024-01-10,100.80000305175781
2024-01-11,101.22000122070312
2024-01-12,101.23999786376953
2024-01-16,101.66999816894531
2024-01-17,102.94999694824219
2024-01-18,113.02999877929688
2024-01-19,114.19999694824219
2024-01-22,113.02999877929688
2024-01-23,114.12999725341797
2024-01-24,116.5199966430664
2024-01-25,116.55999755859375
2024-01-26,117.26000213623047
2024-01-29,116.9800033569336
2024-01-30,116.05999755859375
2024-01-31,112.95999908447266
2024-02-01,113.38999938964844
2024-02-02,115.75
2024-02-05,118.79000091552734
2024-02-06,119.37999725341797
2024-02-07,124.9800033569336
2024-02-08,133.72999572753906
2024-02-09,133.11000061035156
2024-02-12,130.4600067138672
2024-02-13,127.55000305175781
2024-02-14,129.27000427246094
2024-02-15,129.02999877929688
2024-02-16,126.69000244140625
2024-02-20,125.33000183105469
2024-02-21,125.33999633789062
2024-02-22,129.07000732421875
2024-02-23,129.52999877929688
2024-02-26,130.63999938964844
2024-02-27,128.58999633789062
2024-02-28,127.37999725341797
2024-02-29,128.6699981689453
2024-03-01,133.89999389648438
2024-03-04,138.25999450683594
2024-03-05,134.97000122070312
2024-03-06,141.57000732421875
2024-03-07,149.1999969482422
2024-03-08,146.3699951171875
2024-03-11,139.02000427246094
2024-03-12,144.39999389648438
2024-03-13,142.13999938964844
2024-03-14,139.6199951171875
2024-03-15,136.97999572753906
2024-03-18,136.63999938964844
2024-03-19,134.8699951171875
2024-03-20,136.75
2024-03-21,139.4499969482422
2024-03-22,140.5399932861328
2024-03-25,140.22999572753906
2024-03-26,138.83999633789062
2024-03-27,136.69000244140625
2024-03-28,136.0500030517578
2024-04-01,141.49000549316406
2024-04-02,140.22000122070312
2024-04-03,142
2024-04-04,139.66000366210938
2024-04-05,141.36000061035156
2024-04-08,142.7899932861328
2024-04-09,145.39999389648438
2024-04-10,146.22000122070312
2024-04-11,147.1999969482422
2024-04-12,142.52000427246094
2024-04-15,140.13999938964844
2024-04-16,139.8000030517578
2024-04-17,139.02999877929688
2024-04-18,132.27000427246094
2024-04-19,127.69999694824219
2024-04-22,129.75
2024-04-23,133.42999267578125
2024-04-24,132.97000122070312
2024-04-25,136.5800018310547
2024-04-26,138.3000030517578
2024-04-29,138.5
2024-04-30,137.33999633789062
2024-05-01,134.94000244140625
2024-05-02,136.22999572753906
2024-05-03,141.55999755859375
2024-05-06,142.8300018310547
2024-05-07,141.11000061035156
2024-05-08,143.60000610351562
2024-05-09,142.7899932861328
2024-05-10,149.25999450683594
2024-05-13,146.41000366210938
2024-05-14,151.9499969482422
2024-05-15,155.5800018310547
2024-05-16,152.22999572753906
2024-05-17,151.67999267578125
2024-05-20,153.5500030517578
2024-05-21,153.6699981689453
2024-05-22,156.14999389648438
2024-05-23,157.08999633789062
2024-05-24,160
2024-05-28,159.41000366210938
2024-05-29,154.33999633789062
2024-05-30,152.9600067138672
2024-05-31,151.0399932861328
2024-06-03,154.9499969482422
2024-06-04,152.47000122070312
2024-06-05,162.9199981689453
2024-06-06,162.07000732421875
2024-06-07,164.38999938964844
2024-06-10,168.16000366210938
2024-06-11,165.7100067138672
2024-06-12,172.97999572753906
2024-06-13,172.91000366210938
2024-06-14,172.50999450683594
2024-06-17,177.24000549316406
2024-06-18,179.69000244140625
2024-06-20,175.3800048828125
2024-06-21,173.9600067138672
2024-06-24,167.80999755859375
2024-06-25,172.60000610351562
2024-06-26,172.07000732421875
2024-06-27,171.6300048828125
2024-06-28,173.80999755859375
2024-07-01,172.3300018310547
2024-07-02,175.6999969482422
2024-07-03,182.49000549316406
2024-07-05,183.99000549316406
2024-07-08,186.6300048828125
2024-07-09,184.52000427246094
2024-07-10,191.0500030517578
2024-07-11,184.5
2024-07-12,187.35000610351562
2024-07-15,185.22000122070312
2024-07-16,186.0399932861328
2024-07-17,171.1999969482422
2024-07-18,171.8699951171875
2024-07-19,165.77000427246094
2024-07-22,169.35000610351562
2024-07-23,169.82000732421875
2024-07-24,159.8000030517578
2024-07-25,160.27999877929688
2024-07-26,161.94000244140625
2024-07-29,160.00999450683594
2024-07-30,154.5399932861328
2024-07-31,165.8000030517578
2024-08-01,158.17999267578125
2024-08-02,149.86000061035156
2024-08-05,147.9499969482422
2024-08-06,155.38999938964844
2024-08-07,155.0399932861328
2024-08-08,164.5500030517578
2024-08-09,167.1199951171875
2024-08-12,167.6300048828125
2024-08-13,172.33999633789062
2024-08-14,169.97000122070312
2024-08-15,173.9600067138672
2024-08-16,174.5399932861328
2024-08-19,175.4499969482422
2024-08-20,172.0399932861328
2024-08-21,171.44000244140625
2024-08-22,166.44000244140625
2024-08-23,171.27999877929688
2024-08-26,169.07000732421875
2024-08-27,170.5500030517578
2024-08-28,169.1999969482422
2024-08-29,169.14999389648438
2024-08-30,171.6999969482422
2024-09-03,160.49000549316406
2024-09-04,160.8699951171875
2024-09-05,163.6999969482422
2024-09-06,156.82000732421875
2024-09-09,162.77999877929688
2024-09-10,162.42999267578125
2024-09-11,170.22999572753906
2024-09-12,171.42999267578125
2024-09-13,172.5
2024-09-16,169.0800018310547
2024-09-17,167.35000610351562
2024-09-18,167.27999877929688
2024-09-19,176.22000122070312
2024-09-20,174.0800018310547
2024-09-23,174.75999450683594
2024-09-24,181.97000122070312
2024-09-25,182.35000610351562
2024-09-26,186.8300018310547
2024-09-27,177.97000122070312
2024-09-30,173.6699981689453
2024-10-01,172.07000732421875
2024-10-02,175.8000030517578
2024-10-03,179.47999572753906
2024-10-04,181.16000366210938
2024-10-07,184.50999450683594
2024-10-08,186.0500030517578
2024-10-09,187.13999938964844
2024-10-10,185.77999877929688
2024-10-11,190.80999755859375
2024-10-14,192.2100067138672
2024-10-15,187.1300048828125
2024-10-16,187.47999572753906
2024-10-17,205.83999633789062
2024-10-18,200.77999877929688
2024-10-21,201.9499969482422
2024-10-22,198.47999572753906
2024-10-23,200.86000061035156
2024-10-24,197.92999267578125
2024-10-25,203.44000244140625
2024-10-28,194.67999267578125
2024-10-29,196.94000244140625
2024-10-30,194.47999572753906
2024-10-31,190.5399932861328
2024-11-01,192.9499969482422
2024-11-04,191.55999755859375
2024-11-05,195.75999450683594
2024-11-06,193.22000122070312
2024-11-07,201.19000244140625
2024-11-08,201.1999969482422
2024-11-11,194.0500030517578
2024-11-12,191.77000427246094
2024-11-13,186.66000366210938
2024-11-14,188.5
2024-11-15,186.00999450683594
2024-11-18,187.47999572753906
2024-11-19,189.6699981689453
2024-11-20,188.36000061035156
2024-11-21,191.24000549316406
2024-11-22,190.0800018310547
2024-11-25,185.0800018310547
2024-11-26,183.83999633789062
2024-11-27,181.19000244140625
2024-11-29,184.66000366210938
2024-12-02,194.39999389648438
2024-12-03,198.88999938964844
2024-12-04,200.69000244140625
2024-12-05,204.3000030517578
2024-12-06,203.02000427246094
2024-12-09,199.1699981689453
2024-12-10,191.94000244140625
2024-12-11,194.60000610351562
2024-12-12,191.4600067138672
2024-12-13,200.99000549316406
2024-12-16,202.22000122070312
2024-12-17,200.66000366210938
2024-12-18,195.55999755859375
2024-12-19,194.63999938964844
2024-12-20,197.2100067138672
2024-12-23,207.36000061035156
2024-12-24,206.3300018310547
2024-12-26,203.05999755859375
2024-12-27,201.6300048828125
2024-12-30,200.38999938964844
2024-12-31,197.49000549316406
2025-01-02,201.5800018310547
2025-01-03,208.61000061035156
2025-01-06,220.00999450683594
2025-01-07,211.4199981689453
2025-01-08,207.1199951171875
2025-01-10,208.3699951171875
2025-01-13,201.36000061035156
2025-01-14,201.4499969482422
2025-01-15,206.8000030517578
2025-01-16,214.7899932861328
2025-01-17,211.5
2025-01-21,218.6999969482422
2025-01-22,223.1999969482422
2025-01-23,224.6199951171875
2025-01-24,221.8800048828125
2025-01-27,192.30999755859375
2025-01-28,202.39999389648438
2025-01-29,202.3300018310547
2025-01-30,208.14999389648438
2025-01-31,209.32000732421875
2025-02-03,199.8000030517578
2025-02-04,204.0500030517578
2025-02-05,208.57000732421875
2025-02-06,210.5
2025-02-07,206.1199951171875
2025-02-10,207.9499969482422
2025-02-11,208.74000549316406
2025-02-12,206.3800048828125
2025-02-13,201.8300018310547
2025-02-14,203.89999389648438
2025-02-18,202.74000549316406
2025-02-19,200.9499969482422
2025-02-20,200.10000610351562
2025-02-21,198.24000549316406
2025-02-24,191.64999389648438
2025-02-25,189.3699951171875
2025-02-26,194.6199951171875
2025-02-27,181.08999633789062
2025-02-28,180.52999877929688
2025-03-03,172.97000122070312
2025-03-04,180
2025-03-05,184.27999877929688
2025-03-06,175.85000610351562
2025-03-07,177.10000610351562
2025-03-10,170.64999389648438
2025-03-11,170.97000122070312
2025-03-12,177.1699981689453
2025-03-13,171.58999633789062
2025-03-14,174.08999633789062
2025-03-17,176.24000549316406
2025-03-18,173.1300048828125
2025-03-19,173.75999450683594
2025-03-20,177.47000122070312
2025-03-21,176.72999572753906
2025-03-24,181.16000366210938
2025-03-25,180.89999389648438
2025-03-26,173.5
2025-03-27,168.24000549316406
2025-03-28,165.25
2025-03-31,166
2025-04-01,168.63999938964844
2025-04-02,170.38999938964844
2025-04-03,157.3800048828125
2025-04-04,146.8000030517578
2025-04-07,146.1699981689453
2025-04-08,141.3699951171875
2025-04-09,158.75
2025-04-10,151.1300048828125
2025-04-11,157.0800018310547
2025-04-14,155.83999633789062
2025-04-15,157.3300018310547
2025-04-16,151.6699981689453
2025-04-17,151.74000549316406
2025-04-21,147.86000061035156
2025-04-22,151.39999389648438
2025-04-23,157.80999755859375
2025-04-24,164.17999267578125
2025-04-25,165.10000610351562
2025-04-28,163.39999389648438
2025-04-29,164.47999572753906
2025-04-30,166.69000244140625
2025-05-01,172.72000122070312
2025-05-02,179.27999877929688
2025-05-05,176.39999389648438
2025-05-06,172.27999877929688
2025-05-07,174.5399932861328
2025-05-08,175.22000122070312
2025-05-09,176.52000427246094
2025-05-12,186.97999572753906
2025-05-13,193.99000549316406
2025-05-14,194.75999450683594
2025-05-15,194.22000122070312
2025-05-16,194.22000122070312
2025-05-19,193.5
2025-05-20,193.4499969482422
2025-05-21,191.75999450683594
2025-05-22,196.19000244140625
2025-05-23,191.97999572753906
2025-05-27,197.67999267578125
2025-05-28,196.13999938964844
2025-05-29,197.14999389648438
2025-05-30,193.32000732421875
2025-06-02,194.83999633789062
2025-06-03,197.61000061035156
2025-06-04,202.39999389648438
2025-06-05,203.33999633789062
2025-06-06,205.17999267578125
2025-06-09,207
2025-06-10,212.4600067138672
2025-06-11,214.10000610351562
2025-06-12,215.42999267578125
2025-06-13,211.10000610351562
2025-06-16,215.67999267578125
2025-06-17,213.89999389648438
2025-06-18,213.5
2025-06-20,209.50999450683594
2025-06-23,210.32000732421875
2025-06-24,220.08999633789062
2025-06-25,222.74000549316406
2025-06-26,224.00999450683594
2025-06-27,228.57000732421875
2025-06-30,226.49000549316406
2025-07-01,224.67999267578125
2025-07-02,233.60000610351562
2025-07-03,234.8000030517578
2025-07-07,229.1699981689453
2025-07-08,227.86000061035156
2025-07-09,231.83999633789062
2025-07-10,229.75999450683594
2025-07-11,230.39999389648438
2025-07-14,228.6699981689453
2025-07-15,236.9499969482422
2025-07-16,237.55999755859375
2025-07-17,245.60000610351562
2025-07-18,240.39999389648438
2025-07-21,238.85000610351562
2025-07-22,234.60000610351562
2025-07-23,240.3300018310547
2025-07-24,241.60000610351562
2025-07-25,245.60000610351562
2025-07-28,242.75
2025-07-29,241.3300018310547
2025-07-30,242.91000366210938
2025-07-31,241.6199951171875
2025-08-01,235.2100067138672
2025-08-04,239
2025-08-05,232.47000122070312
2025-08-06,231.3699951171875
2025-08-07,242.6199951171875
2025-08-08,241.8300018310547
2025-08-11,242.08999633789062
2025-08-12,244.2899932861328
2025-08-13,241.44000244140625
2025-08-14,241
2025-08-15,238.8800048828125
2025-08-18,241.41000366210938
2025-08-19,232.6999969482422
2025-08-20,228.60000610351562
2025-08-21,227.3300018310547
2025-08-22,232.99000549316406
2025-08-25,235.58999633789062
2025-08-26,238.72000122070312
2025-08-27,239.2899932861328
2025-08-28,238.27000427246094
2025-08-29,230.8699951171875
2025-09-02,228.38999938964844
2025-09-03,231.38999938964844
2025-09-04,235.2100067138672
2025-09-05,243.41000366210938
2025-09-08,247.19000244140625
2025-09-09,250.9199981689453
2025-09-10,260.44000244140625
2025-09-11,258.9100036621094
2025-09-12,259.3299865722656
2025-09-15,261.3800048828125
2025-09-16,262.05999755859375
2025-09-17,262.7900085449219
2025-09-18,268.6400146484375
2025-09-19,264.8699951171875
2025-09-22,272.6300048828125
2025-09-23,282.7099914550781
2025-09-24,280.7099914550781
2025-09-25,276.6600036621094
2025-09-26,273.3599853515625
2025-09-29,273.2300109863281
2025-09-30,279.2900085449219
2025-10-01,288.4700012207031
2025-10-02,288.1099853515625
2025-10-03,292.19000244140625
2025-10-06,302.3999938964844
2025-10-07,294.0299987792969
2025-10-08,304.5199890136719
2025-10-09,299.8800048828125
2025-10-10,280.6600036621094
2025-10-13,302.8900146484375
2025-10-14,295.94000244140625
2025-10-15,304.7099914550781
2025-10-16,299.8399963378906
2025-10-17,295.0799865722656
2025-10-20,297.70001220703125
2025-10-21,294.510009765625
2025-10-22,288.8800048828125
2025-10-23,290.7300109863281
2025-10-24,294.9599914550781
2025-10-27,298.25
2025-10-28,301.5299987792969
2025-10-29,305.0899963378906
2025-10-30,303.2200012207031
2025-10-31,300.42999267578125
2025-11-03,304.8599853515625
2025-11-04,294.04998779296875
2025-11-05,293.6400146484375
2025-11-06,289.239990234375
2025-11-07,286.5
2025-11-10,295.2699890136719
2025-11-11,291.1700134277344
2025-11-12,290.6199951171875
2025-11-13,282.20001220703125
2025-11-14,284.82000732421875
2025-11-17,282.010009765625
2025-11-18,277.9100036621094
2025-11-19,282.3699951171875
2025-11-20,277.5
2025-11-21,275.05999755859375
2025-11-24,284.6400146484375
2025-11-25,284.67999267578125
2025-11-26,289.9599914550781
2025-11-28,291.510009765625
2025-12-01,287.67999267578125
2025-12-02,292.0899963378906
2025-12-03,295.45001220703125
2025-12-04,292.92999267578125
2025-12-05,294.7200012207031
2025-12-08,301.8699951171875
2025-12-09,303.4100036621094
2025-12-10,310.1400146484375
2025-12-11,304.8500061035156
2025-12-12,292.0400085449219
2025-12-15,287.739990234375
2025-12-16,286.8699951171875
2025-12-17,276.9599914550781
2025-12-18,284.67999267578125
2025-12-19,288.95001220703125
2025-12-22,293.2799987792969
2025-12-23,296.95001220703125
2025-12-24,298.79998779296875
2025-12-26,302.8399963378906
2025-12-29,300.9200134277344
2025-12-30,299.5799865722656
2025-12-31,303.8900146484375
2026-01-02,319.6099853515625
2026-01-05,322.25
2026-01-06,327.42999267578125
2026-01-07,318.67999267578125
2026-01-08,318.010009765625
2026-01-09,323.6300048828125
2026-01-12,331.7699890136719
2026-01-13,331.2099914550781
2026-01-14,327.1099853515625
2026-01-15,341.6400146484375
2026-01-16,342.3999938964844
2026-01-20,327.1600036621094
2026-01-21,326.1199951171875
2026-01-22,327.3699951171875
2026-01-23,334.8699951171875
2026-01-26,332.7099914550781
2026-01-27,338.3399963378906
2026-01-28,342.29998779296875
2026-01-29,339.54998779296875
2026-01-30,330.55999755859375
2026-02-02,341.3599853515625
2026-02-03,335.75
2026-02-04,325.739990234375
2026-02-05,330.7300109863281
2026-02-06,348.8500061035156
2026-02-09,355.4100036621094
2026-02-10,361.9100036621094
2026-02-11,374.0899963378906
2026-02-12,368.1000061035156
2026-02-13,366.3599853515625
2026-02-17,364.20001220703125
2026-02-18,362.260009765625
2026-02-19,360.3900146484375
2026-02-20,370.5400085449219
2026-02-23,370.0400085449219
2026-02-24,385.75
2026-02-25,387.7300109863281
2026-02-26,376.80999755859375
2026-02-27,374.5799865722656
2026-03-02,369.1099853515625
2026-03-03,353.1300048828125
2026-03-04,357.44000244140625
2026-03-05,353.8599853515625
2026-03-06,338.8900146484375
2026-03-09,348.70001220703125
2026-03-10,347.0899963378906
2026-03-11,354.55999755859375
2026-03-12,336.7099914550781
2026-03-13,338.30999755859375
2026-03-16,340.2300109863281
2026-03-17,345.9800109863281
2026-03-18,339.57000732421875
2026-03-19,338.7900085449219
2026-03-20,329.239990234375
2026-03-23,338.45001220703125
2026-03-24,343.25
2026-03-25,347.75
2026-03-26,326.1099853515625
2026-03-27,326.739990234375
2026-03-30,316.5
2026-03-31,337.95001220703125
2026-04-01,341.489990234375
2026-04-02,339.0400085449219
2026-04-06,341.760009765625
2026-04-07,345.32000732421875
2026-04-08,365.8999938964844
2026-04-09,365.489990234375
2026-04-10,370.6000061035156
2026-04-13,369.57000732421875
2026-04-14,379.8900146484375
2026-04-15,375.1000061035156
2026-04-16,363.3500061035156
2026-04-17,370.5
2026-04-20,366.239990234375
2026-04-21,368.0799865722656
2026-04-22,387.44000244140625
2026-04-23,382.6600036621094
2026-04-24,402.4599914550781
2026-04-27,404.9800109863281
2026-04-28,392.3399963378906
2026-04-29,393.8299865722656
2026-04-30,396.05999755859375
2026-05-01,397.6700134277344
2026-05-04,401.6099853515625
2026-05-05,394.4100036621094
2026-05-06,419.5
2026-05-07,414.1499938964844
2026-05-08,411.67999267578125
2026-05-11,404.5400085449219
2026-05-12,397.2799987792969
2026-05-13,399.79998779296875
2026-05-14,417.7200012207031
2026-05-15,404.3500061035156
2026-05-18,395.95001220703125
2026-05-19,392.6099853515625
2026-05-20,401.6199951171875
2026-05-21,407.1499938964844
2026-05-22,404.5199890136719
2026-05-26,412.32000732421875
2026-05-27,422.7300109863281
2026-05-28,424.8599853515625
2026-05-29,418.45001220703125
2026-06-01,435.6300048828125
2026-06-02,446.69000244140625
2026-06-03,436.69000244140625
2026-06-04,444.9200134277344
2026-06-05,415.1700134277344
2026-06-08,426.79998779296875
2026-06-09,427.9200134277344
2026-06-10,408.75
2026-06-11,421.07000732421875
2026-06-12,423.92999267578125
2026-06-15,441.3999938964844
2026-06-16,425.8299865722656
2026-06-17,432.1499938964844
2026-06-18,462.1199951171875
2026-06-22,467.6700134277344
2026-06-23,436.3900146484375
2026-06-24,440.8299865722656
2026-06-25,434.989990234375
2026-06-26,432.3500061035156
2026-06-29,455.1000061035156
2026-06-30,477.57000732421875
2026-07-01,444.2300109863281
2026-07-02,434.1600036621094
2026-07-06,451.7900085449219
2026-07-07,432.57000732421875
2026-07-08,436.9800109863281
2026-07-09,436.9599914550781
2026-07-10,434.1099853515625
2026-07-13,421.5799865722656
2026-07-14,420.3900146484375
2026-07-15,419.4800109863281
2026-07-16,409.739990234375
2026-07-17,398.3699951171875
2026-07-20,402.29998779296875
2026-07-21,424.6099853515625
2026-07-22,421.2099914550781
2026-07-23,415.5799865722656
2026-07-24,403.4100036621094
2026-07-27,399.0899963378906
2026-07-28,392.30999755859375
2026-07-29,374.6700134277344
2026-07-30,403.30999755859375
2026-07-31,404.25
2026-08-03,406.1099853515625
2026-08-04,417.1700134277344
2026-08-05,414
2026-08-06,418.20001220703125
2026-08-07,420.0400085449219
2026-08-10,418.4700012207031
2026-08-11,422.05999755859375
2026-08-12,429.1499938964844
