# TWD=X | Yahoo (browser) | fetched 2026-08-11
date,value
2021-08-10,27.8262
2021-08-11,27.7915
2021-08-12,27.7965
2021-08-15,27.808
2021-08-16,27.7897
2021-08-17,27.8994
2021-08-18,27.8422
2021-08-19,28.018
2021-08-22,27.971
2021-08-23,27.9012
2021-08-24,27.8931
2021-08-25,27.8849
2021-08-26,27.9166
2021-08-29,27.873
2021-08-30,27.7292
2021-08-31,27.5687
2021-09-01,27.6716
2021-09-02,27.6266
2021-09-05,27.607
2021-09-06,27.5331
2021-09-07,27.5912
2021-09-08,27.6707
2021-09-09,27.6296
2021-09-12,27.6505
2021-09-13,27.6394
2021-09-14,27.6356
2021-09-15,27.6127
2021-09-16,27.693
2021-09-19,27.782
2021-09-20,27.766
2021-09-21,27.7186
2021-09-22,27.7039
2021-09-23,27.685
2021-09-26,27.727
2021-09-27,27.6542
2021-09-28,27.7381
2021-09-29,27.8124
2021-09-30,27.8366
2021-10-03,27.754
2021-10-04,27.8823
2021-10-05,27.871
2021-10-06,27.951
2021-10-07,27.9685
2021-10-10,28.05
2021-10-11,28.043
2021-10-12,28.1287
2021-10-13,27.9995
2021-10-14,27.9889
2021-10-17,28
2021-10-18,27.9492
2021-10-19,27.8263
2021-10-20,27.806
2021-10-21,27.8185
2021-10-24,27.837
2021-10-25,27.8062
2021-10-26,27.7963
2021-10-27,27.7625
2021-10-28,27.7233
2021-11-01,27.8167
2021-11-02,27.8011
2021-11-03,27.8585
2021-11-04,27.7895
2021-11-05,27.8741
2021-11-08,27.8301
2021-11-09,27.8012
2021-11-10,27.7313
2021-11-11,27.759
2021-11-12,27.8017
2021-11-15,27.7813
2021-11-16,27.7525
2021-11-17,27.8007
2021-11-18,27.7407
2021-11-19,27.8064
2021-11-22,27.793
2021-11-23,27.7695
2021-11-24,27.7514
2021-11-25,27.7677
2021-11-26,27.7647
2021-11-29,27.8539
2021-11-30,27.7456
2021-12-01,27.5787
2021-12-02,27.6045
2021-12-03,27.6787
2021-12-06,27.6572
2021-12-07,27.6592
2021-12-08,27.7426
2021-12-09,27.6307
2021-12-10,27.6856
2021-12-13,27.636
2021-12-14,27.7459
2021-12-15,27.7842
2021-12-16,27.7397
2021-12-17,27.7577
2021-12-20,27.8272
2021-12-21,27.8154
2021-12-22,27.7302
2021-12-23,27.711
2021-12-24,27.6247
2021-12-27,27.6793
2021-12-28,27.6837
2021-12-29,27.535
2021-12-30,27.6174
2021-12-31,27.6587
2022-01-03,27.7021
2022-01-04,27.6247
2022-01-05,27.5155
2022-01-06,27.5964
2022-01-07,27.62
2022-01-10,27.658
2022-01-11,27.5989
2022-01-12,27.627
2022-01-13,27.5986
2022-01-14,27.566
2022-01-17,27.538
2022-01-18,27.4237
2022-01-19,27.5162
2022-01-20,27.5476
2022-01-21,27.6157
2022-01-24,27.6912
2022-01-25,27.6639
2022-01-26,27.698
2022-01-27,27.6645
2022-01-28,27.7565
2022-01-31,27.827
2022-02-01,27.7704
2022-02-02,27.7423
2022-02-03,27.7508
2022-02-04,27.7439
2022-02-07,27.8
2022-02-08,27.826
2022-02-09,27.8052
2022-02-10,27.7807
2022-02-11,27.8264
2022-02-14,27.906
2022-02-15,27.8618
2022-02-16,27.8207
2022-02-17,27.8108
2022-02-18,27.8367
2022-02-21,27.87
2022-02-22,27.8124
2022-02-23,27.8374
2022-02-24,27.8727
2022-02-25,28.0672
2022-02-28,27.9628
2022-03-01,27.9756
2022-03-02,28.0468
2022-03-03,27.9705
2022-03-04,28.0505
2022-03-07,28.126
2022-03-08,28.2759
2022-03-09,28.3034
2022-03-10,28.268
2022-03-11,28.3007
2022-03-14,28.411
2022-03-15,28.511
2022-03-16,28.5189
2022-03-17,28.379
2022-03-18,28.178
2022-03-21,28.356
2022-03-22,28.41
2022-03-23,28.4674
2022-03-24,28.5597
2022-03-25,28.6515
2022-03-27,28.669
2022-03-28,28.7837
2022-03-29,28.6283
2022-03-30,28.5256
2022-03-31,28.6157
2022-04-03,28.668
2022-04-04,28.5885
2022-04-05,28.6532
2022-04-06,28.7254
2022-04-07,28.7987
2022-04-10,28.891
2022-04-11,29.031
2022-04-12,29.038
2022-04-13,28.8667
2022-04-14,28.9662
2022-04-17,29.111
2022-04-18,29.214
2022-04-19,29.2537
2022-04-20,29.1635
2022-04-21,29.289
2022-04-24,29.311
2022-04-25,29.1937
2022-04-26,29.3007
2022-04-27,29.3747
2022-04-28,29.4527
2022-05-01,29.434
2022-05-02,29.4846
2022-05-03,29.4221
2022-05-04,29.24
2022-05-05,29.6067
2022-05-08,29.65
2022-05-09,29.751
2022-05-10,29.6417
2022-05-11,29.689
2022-05-12,29.8215
2022-05-15,29.782
2022-05-16,29.7119
2022-05-17,29.6058
2022-05-18,29.7402
2022-05-19,29.6005
2022-05-22,29.713
2022-05-23,29.49
2022-05-24,29.5317
2022-05-25,29.41
2022-05-26,29.313
2022-05-29,29.296
2022-05-30,28.831
2022-05-31,28.9915
2022-06-01,29.1283
2022-06-02,29.101
2022-06-05,29.361
2022-06-06,29.3813
2022-06-07,29.405
2022-06-08,29.4388
2022-06-09,29.5857
2022-06-12,29.642
2022-06-13,29.6887
2022-06-14,29.5777
2022-06-15,29.405
2022-06-16,29.696
2022-06-19,29.702
2022-06-20,29.703
2022-06-21,29.724
2022-06-22,29.6717
2022-06-23,29.6131
2022-06-26,29.694
2022-06-27,29.43
2022-06-28,29.671
2022-06-29,29.665
2022-06-30,29.6557
2022-07-03,29.796
2022-07-04,29.69
2022-07-05,29.7807
2022-07-06,29.788
2022-07-07,29.752
2022-07-10,29.752
2022-07-11,29.8632
2022-07-12,29.865
2022-07-13,29.766
2022-07-14,29.9187
2022-07-17,29.911
2022-07-18,29.82
2022-07-19,29.786
2022-07-20,29.8807
2022-07-21,29.8803
2022-07-24,29.801
2022-07-25,29.828
2022-07-26,29.9203
2022-07-27,29.8593
2022-07-28,29.915
2022-07-31,30.002
2022-08-01,30.168
2022-08-02,29.9663
2022-08-03,29.942
2022-08-04,29.9517
2022-08-07,29.945
2022-08-08,30.0007
2022-08-09,30.028
2022-08-10,29.9104
2022-08-11,29.9493
2022-08-14,29.943
2022-08-15,29.9827
2022-08-16,29.9438
2022-08-17,29.9357
2022-08-18,29.9737
2022-08-21,30.102
2022-08-22,30.1317
2022-08-23,30.17
2022-08-24,30.205
2022-08-25,30.188
2022-08-28,30.281
2022-08-29,30.368
2022-08-30,30.4367
2022-08-31,30.3327
2022-09-01,30.5482
2022-09-04,30.613
2022-09-05,30.686
2022-09-06,30.7987
2022-09-07,30.8478
2022-09-08,30.8587
2022-09-11,30.85
2022-09-12,30.883
2022-09-13,31.1187
2022-09-14,31.069
2022-09-15,31.222
2022-09-18,31.261
2022-09-19,31.322
2022-09-20,31.339
2022-09-21,31.45
2022-09-22,31.5383
2022-09-25,31.791
2022-09-26,31.823
2022-09-27,31.675
2022-09-28,31.671
2022-09-29,31.6305
2022-10-02,31.803
2022-10-03,31.7837
2022-10-04,31.628
2022-10-05,31.5235
2022-10-06,31.539
2022-10-09,31.711
2022-10-10,31.7928
2022-10-11,31.8253
2022-10-12,31.7742
2022-10-13,31.8486
2022-10-16,31.962
2022-10-17,31.988
2022-10-18,32.017
2022-10-19,32.152
2022-10-20,32.094
2022-10-23,32.18
2022-10-24,32.3113
2022-10-25,32.227
2022-10-26,31.9629
2022-10-27,32.043
2022-10-31,32.114
2022-11-01,32.2477
2022-11-02,32.124
2022-11-03,32.2475
2022-11-04,32.15
2022-11-07,31.999
2022-11-08,31.85
2022-11-09,31.7898
2022-11-10,31.912
2022-11-11,31.402
2022-11-14,31.0966
2022-11-15,30.889
2022-11-16,31.079
2022-11-17,31.035
2022-11-18,31.025
2022-11-21,31.1113
2022-11-22,31.131
2022-11-23,31.1072
2022-11-24,31.0797
2022-11-25,30.913
2022-11-28,30.9285
2022-11-29,31.0061
2022-11-30,30.946
2022-12-01,30.778
2022-12-02,30.5878
2022-12-05,30.538
2022-12-06,30.563
2022-12-07,30.6335
2022-12-08,30.637
2022-12-09,30.463
2022-12-12,30.6937
2022-12-13,30.68
2022-12-14,30.601
2022-12-15,30.4843
2022-12-16,30.81
2022-12-19,30.7708
2022-12-20,30.7857
2022-12-21,30.724
2022-12-22,30.679
2022-12-23,30.74
2022-12-26,30.7451
2022-12-27,30.719
2022-12-28,30.7221
2022-12-29,30.728
2022-12-30,30.6801
2023-01-02,30.6478
2023-01-03,30.7201
2023-01-04,30.6503
2023-01-05,30.688
2023-01-06,30.623
2023-01-09,30.5615
2023-01-10,30.462
2023-01-11,30.4326
2023-01-12,30.435
2023-01-13,30.3255
2023-01-16,30.2793
2023-01-17,30.329
2023-01-18,30.2763
2023-01-19,30.185
2023-01-20,30.339
2023-01-23,30.3177
2023-01-24,30.293
2023-01-25,30.2675
2023-01-26,30.2476
2023-01-27,30.2088
2023-01-30,30.256
2023-01-31,30.095
2023-02-01,30.031
2023-02-02,29.533
2023-02-03,29.543
2023-02-06,29.9658
2023-02-07,29.9983
2023-02-08,30.0271
2023-02-09,30.0415
2023-02-10,30.003
2023-02-13,30.1808
2023-02-14,30.22
2023-02-15,30.2487
2023-02-16,30.302
2023-02-17,30.253
2023-02-20,30.3733
2023-02-21,30.3645
2023-02-22,30.4845
2023-02-23,30.4753
2023-02-24,30.283
2023-02-27,30.6568
2023-02-28,30.5978
2023-03-01,30.6458
2023-03-02,30.5607
2023-03-03,30.6015
2023-03-06,30.4986
2023-03-07,30.575
2023-03-08,30.7263
2023-03-09,30.7248
2023-03-10,30.8139
2023-03-13,30.8287
2023-03-14,30.455
2023-03-15,30.379
2023-03-16,30.52
2023-03-17,30.549
2023-03-20,30.618
2023-03-21,30.506
2023-03-22,30.4801
2023-03-23,30.35
2023-03-24,30.138
2023-03-26,30.321
2023-03-27,30.163
2023-03-28,30.345
2023-03-29,30.516
2023-03-30,30.352
2023-04-02,30.525
2023-04-03,30.4786
2023-04-04,30.3853
2023-04-05,30.5408
2023-04-06,30.5104
2023-04-09,30.393
2023-04-10,30.5222
2023-04-11,30.4799
2023-04-12,30.4465
2023-04-13,30.451
2023-04-16,30.506
2023-04-17,30.4665
2023-04-18,30.4519
2023-04-19,30.5375
2023-04-20,30.5593
2023-04-23,30.625
2023-04-24,30.572
2023-04-25,30.6937
2023-04-26,30.6283
2023-04-27,30.6268
2023-04-30,30.746
2023-05-01,30.7288
2023-05-02,30.7548
2023-05-03,30.6468
2023-05-04,30.6279
2023-05-07,30.578
2023-05-08,30.588
2023-05-09,30.6498
2023-05-10,30.6144
2023-05-11,30.6979
2023-05-14,30.81
2023-05-15,30.743
2023-05-16,30.7778
2023-05-17,30.7913
2023-05-18,30.6903
2023-05-21,30.62
2023-05-22,30.661
2023-05-23,30.8054
2023-05-24,30.8084
2023-05-25,30.7598
2023-05-28,30.685
2023-05-29,30.536
2023-05-30,30.5613
2023-05-31,30.6459
2023-06-01,30.5828
2023-06-04,30.667
2023-06-05,30.6458
2023-06-06,30.6318
2023-06-07,30.7129
2023-06-08,30.6458
2023-06-11,30.661
2023-06-12,30.7113
2023-06-13,30.578
2023-06-14,30.7313
2023-06-15,30.6533
2023-06-18,30.708
2023-06-19,30.7918
2023-06-20,30.9533
2023-06-21,30.923
2023-06-22,30.9938
2023-06-25,30.997
2023-06-26,31.004
2023-06-27,30.9935
2023-06-28,31.0565
2023-06-29,31.1173
2023-07-02,31.146
2023-07-03,31.0878
2023-07-04,31.078
2023-07-05,31.2242
2023-07-06,31.3269
2023-07-09,31.259
2023-07-10,31.36
2023-07-11,31.2655
2023-07-12,31.0338
2023-07-13,30.9578
2023-07-16,30.95
2023-07-17,30.95
2023-07-18,30.903
2023-07-19,31.0433
2023-07-20,31.0378
2023-07-23,31.322
2023-07-24,31.3
2023-07-25,31.166
2023-07-26,31.214
2023-07-27,31.2963
2023-07-30,31.3535
2023-07-31,31.3989
2023-08-01,31.595
2023-08-02,31.6301
2023-08-03,31.6405
2023-08-06,31.652
2023-08-07,31.6655
2023-08-08,31.7955
2023-08-09,31.709
2023-08-10,31.7415
2023-08-13,31.894
2023-08-14,31.904
2023-08-15,31.8649
2023-08-16,31.9128
2023-08-17,31.8964
2023-08-20,31.902
2023-08-21,31.9162
2023-08-22,31.977
2023-08-23,31.8558
2023-08-24,31.8141
2023-08-27,31.812
2023-08-28,31.818
2023-08-29,31.767
2023-08-30,31.7988
2023-08-31,31.8078
2023-09-03,31.863
2023-09-04,31.8578
2023-09-05,31.9045
2023-09-06,31.9339
2023-09-07,32.0314
2023-09-10,32.085
2023-09-11,31.9065
2023-09-12,31.9638
2023-09-13,31.8949
2023-09-14,31.8689
2023-09-17,31.878
2023-09-18,31.8985
2023-09-19,31.98
2023-09-20,32.0089
2023-09-21,32.138
2023-09-24,32.131
2023-09-25,32.1028
2023-09-26,32.1898
2023-09-27,32.2258
2023-09-28,32.0608
2023-10-01,32.245
2023-10-02,32.3068
2023-10-03,32.3117
2023-10-04,32.2912
2023-10-05,32.2037
2023-10-08,32.118
2023-10-09,32.1373
2023-10-10,32.0165
2023-10-11,32.0592
2023-10-12,32.1698
2023-10-15,32.1949
2023-10-16,32.1865
2023-10-17,32.325
2023-10-18,32.3953
2023-10-19,32.3483
2023-10-22,32.332
2023-10-23,32.236
2023-10-24,32.204
2023-10-25,32.3803
2023-10-26,32.3589
2023-10-30,32.414
2023-10-31,32.2475
2023-11-01,32.4029
2023-11-02,32.3768
2023-11-03,32.159
2023-11-06,32.0894
2023-11-07,32.102
2023-11-08,32.0802
2023-11-09,32.216
2023-11-10,32.2535
2023-11-13,32.3458
2023-11-14,32.2445
2023-11-15,32.077
2023-11-16,32.0086
2023-11-17,31.837
2023-11-20,31.7347
2023-11-21,31.468
2023-11-22,31.374
2023-11-23,31.518
2023-11-24,31.614
2023-11-27,31.636
2023-11-28,31.525
2023-11-29,31.272
2023-11-30,31.069
2023-12-01,31.374
2023-12-04,31.189
2023-12-05,31.4236
2023-12-06,31.516
2023-12-07,31.4891
2023-12-08,31.427
2023-12-11,31.4095
2023-12-12,31.328
2023-12-13,31.4731
2023-12-14,31.157
2023-12-15,31.1843
2023-12-18,31.3478
2023-12-19,31.375
2023-12-20,31.27
2023-12-21,31.31
2023-12-22,31.193
2023-12-25,31.08
2023-12-26,31.1197
2023-12-27,30.943
2023-12-28,30.8457
2023-12-29,30.698
2024-01-01,30.6821
2024-01-02,30.6686
2024-01-03,30.879
2024-01-04,31.0419
2024-01-05,31.054
2024-01-08,30.952
2024-01-09,30.721
2024-01-10,31.0611
2024-01-11,31.1178
2024-01-12,30.894
2024-01-15,31.0756
2024-01-16,31.195
2024-01-17,31.458
2024-01-18,31.5425
2024-01-19,31.5806
2024-01-22,31.3838
2024-01-23,31.368
2024-01-24,31.395
2024-01-25,31.292
2024-01-26,31.315
2024-01-29,31.2731
2024-01-30,31.185
2024-01-31,31.1591
2024-02-01,31.245
2024-02-02,31.234
2024-02-05,31.3258
2024-02-06,31.3403
2024-02-07,31.202
2024-02-08,31.3668
2024-02-09,31.3033
2024-02-12,31.3678
2024-02-13,31.2884
2024-02-14,31.4687
2024-02-15,31.3451
2024-02-16,31.2627
2024-02-19,31.3332
2024-02-20,31.4021
2024-02-21,31.3778
2024-02-22,31.4263
2024-02-23,31.454
2024-02-26,31.602
2024-02-27,31.5487
2024-02-28,31.576
2024-02-29,31.6479
2024-03-01,31.6149
2024-03-04,31.5593
2024-03-05,31.5093
2024-03-06,31.5405
2024-03-07,31.464
2024-03-08,31.4348
2024-03-11,31.453
2024-03-12,31.3622
2024-03-13,31.3988
2024-03-14,31.4066
2024-03-15,31.526
2024-03-18,31.6037
2024-03-19,31.641
2024-03-20,31.7304
2024-03-21,31.7622
2024-03-22,31.883
2024-03-25,31.935
2024-03-26,31.734
2024-03-27,31.8853
2024-03-28,31.9794
2024-03-29,32.0181
2024-03-31,31.934
2024-04-01,32.015
2024-04-02,32.039
2024-04-03,31.9687
2024-04-04,32.048
2024-04-07,32.1112
2024-04-08,32.0728
2024-04-09,31.9662
2024-04-10,32.183
2024-04-11,32.2245
2024-04-14,32.254
2024-04-15,32.3888
2024-04-16,32.4979
2024-04-17,32.338
2024-04-18,32.4159
2024-04-21,32.504
2024-04-22,32.583
2024-04-23,32.5035
2024-04-24,32.6273
2024-04-25,32.531
2024-04-28,32.559
2024-04-29,32.434
2024-04-30,32.6138
2024-05-01,32.476
2024-05-02,32.346
2024-05-05,32.2769
2024-05-06,32.263
2024-05-07,32.3638
2024-05-08,32.333
2024-05-09,32.3388
2024-05-12,32.424
2024-05-13,32.3715
2024-05-14,32.3137
2024-05-15,32.0313
2024-05-16,32.1238
2024-05-19,32.164
2024-05-20,32.2058
2024-05-21,32.2348
2024-05-22,32.2239
2024-05-23,32.2208
2024-05-26,32.189
2024-05-27,32.07
2024-05-28,32.1738
2024-05-29,32.377
2024-05-30,32.3564
2024-06-02,32.465
2024-06-03,32.3143
2024-06-04,32.3288
2024-06-05,32.252
2024-06-06,32.2089
2024-06-09,32.405
2024-06-10,32.334
2024-06-11,32.3158
2024-06-12,32.201
2024-06-13,32.299
2024-06-16,32.349
2024-06-17,32.301
2024-06-18,32.3475
2024-06-19,32.3808
2024-06-20,32.341
2024-06-23,32.363
2024-06-24,32.3215
2024-06-25,32.4735
2024-06-26,32.5823
2024-06-27,32.522
2024-06-30,32.504
2024-07-01,32.5217
2024-07-02,32.5728
2024-07-03,32.6215
2024-07-04,32.5066
2024-07-07,32.393
2024-07-08,32.471
2024-07-09,32.5075
2024-07-10,32.5869
2024-07-11,32.3868
2024-07-14,32.548
2024-07-15,32.574
2024-07-16,32.5633
2024-07-17,32.4908
2024-07-18,32.639
2024-07-21,32.781
2024-07-22,32.8085
2024-07-23,32.7513
2024-07-24,32.7148
2024-07-25,32.643
2024-07-28,32.798
2024-07-29,32.8493
2024-07-30,32.7615
2024-07-31,32.5723
2024-08-01,32.7165
2024-08-04,32.5889
2024-08-05,32.679
2024-08-06,32.778
2024-08-07,32.65
2024-08-08,32.4102
2024-08-11,32.435
2024-08-12,32.239
2024-08-13,32.305
2024-08-14,31.995
2024-08-15,32.4425
2024-08-18,32.1355
2024-08-19,31.9105
2024-08-20,31.895
2024-08-21,31.695
2024-08-22,32.035
2024-08-25,31.7545
2024-08-26,31.809
2024-08-27,31.695
2024-08-28,31.983
2024-08-29,31.858
2024-09-01,31.996
2024-09-02,31.931
2024-09-03,31.981
2024-09-04,31.955
2024-09-05,32.007
2024-09-08,32.0259
2024-09-09,32.108
2024-09-10,32.158
2024-09-11,32.107
2024-09-12,31.923
2024-09-15,31.938
2024-09-16,31.863
2024-09-17,31.9395
2024-09-18,31.779
2024-09-19,31.768
2024-09-22,31.989
2024-09-23,31.933
2024-09-24,31.7
2024-09-25,31.863
2024-09-26,31.46
2024-09-29,31.575
2024-09-30,31.58
2024-10-01,31.762
2024-10-02,31.812
2024-10-03,32.018
2024-10-06,32.34
2024-10-07,32.1218
2024-10-08,32.17
2024-10-09,32.2275
2024-10-10,32.1955
2024-10-13,32.13
2024-10-14,32.152
2024-10-15,32.171
2024-10-16,32.135
2024-10-17,32.068
2024-10-20,32.042
2024-10-21,32.051
2024-10-22,32.014
2024-10-23,32.004
2024-10-24,31.9838
2024-10-28,32.0638
2024-10-29,32.0138
2024-10-30,32.003
2024-10-31,31.8655
2024-11-01,31.8628
2024-11-04,31.9228
2024-11-05,31.912
2024-11-06,31.8223
2024-11-07,32.3346
2024-11-08,32.034
2024-11-11,32.235
2024-11-12,32.3748
2024-11-13,32.4148
2024-11-14,32.408
2024-11-15,32.5372
2024-11-18,32.4618
2024-11-19,32.4423
2024-11-20,32.3255
2024-11-21,32.4715
2024-11-22,32.5053
2024-11-25,32.5685
2024-11-26,32.332
2024-11-27,32.405
2024-11-28,32.4148
2024-11-29,32.4943
2024-12-02,32.439
2024-12-03,32.5915
2024-12-04,32.464
2024-12-05,32.313
2024-12-06,32.3228
2024-12-09,32.388
2024-12-10,32.3708
2024-12-11,32.5238
2024-12-12,32.4858
2024-12-13,32.466
2024-12-16,32.4983
2024-12-17,32.417
2024-12-18,32.4298
2024-12-19,32.678
2024-12-20,32.63
2024-12-23,32.616
2024-12-24,32.608
2024-12-25,32.614
2024-12-26,32.7079
2024-12-27,32.7215
2024-12-30,32.8085
2024-12-31,32.76
2025-01-02,32.801
2025-01-03,32.8698
2025-01-06,32.9123
2025-01-07,32.7358
2025-01-08,32.7245
2025-01-09,32.9203
2025-01-10,32.831
2025-01-13,33.0963
2025-01-14,33.0545
2025-01-15,32.9524
2025-01-16,32.796
2025-01-17,32.843
2025-01-20,32.91
2025-01-21,32.316
2025-01-22,32.584
2025-01-23,32.581
2025-01-24,32.6404
2025-01-27,32.7333
2025-01-28,32.9063
2025-01-29,32.8651
2025-01-30,32.713
2025-01-31,32.9385
2025-02-03,32.828
2025-02-04,32.987
2025-02-05,32.8916
2025-02-06,32.8218
2025-02-07,32.796
2025-02-10,32.8279
2025-02-11,32.8654
2025-02-12,32.8033
2025-02-13,32.8558
2025-02-14,32.6153
2025-02-17,32.6655
2025-02-18,32.7066
2025-02-19,32.7213
2025-02-20,32.7462
2025-02-21,32.6933
2025-02-24,32.773
2025-02-25,32.6997
2025-02-26,32.7783
2025-02-27,32.7503
2025-02-28,32.9017
2025-03-03,32.905
2025-03-04,32.8889
2025-03-05,32.7948
2025-03-06,32.8011
2025-03-07,32.8579
2025-03-10,32.827
2025-03-11,32.8666
2025-03-12,32.8688
2025-03-13,32.9063
2025-03-14,32.9684
2025-03-17,32.926
2025-03-18,32.9564
2025-03-19,32.9792
2025-03-20,33.0033
2025-03-21,32.9873
2025-03-24,32.975
2025-03-25,33.0113
2025-03-26,33.0453
2025-03-27,33.0885
2025-03-28,33.1114
2025-03-30,33.1858
2025-03-31,33.2391
2025-04-01,33.2035
2025-04-02,33.2625
2025-04-03,33.0311
2025-04-06,33.1625
2025-04-07,32.9801
2025-04-08,33.0807
2025-04-09,32.5881
2025-04-10,32.7863
2025-04-13,32.362
2025-04-14,32.3568
2025-04-15,32.504
2025-04-16,32.3788
2025-04-21,32.4406
2025-04-22,32.5736
2025-04-23,32.5328
2025-04-24,32.4356
2025-04-27,32.519
2025-04-28,32.4259
2025-04-29,32.3217
2025-04-30,32.032
2025-05-01,32.1116
2025-05-04,30.7043
2025-05-05,29.16
2025-05-06,29.9776
2025-05-07,30.3907
2025-05-08,30.269
2025-05-11,30.2464
2025-05-12,30.3931
2025-05-13,30.425
2025-05-14,30.3397
2025-05-15,30.167
2025-05-18,30.2026
2025-05-19,30.1458
2025-05-20,30.1463
2025-05-21,30.0221
2025-05-22,30.0469
2025-05-25,29.9715
2025-05-26,29.915
2025-05-27,29.9648
2025-05-28,29.95
2025-05-29,29.8501
2025-06-01,29.871
2025-06-02,29.9873
2025-06-03,29.9659
2025-06-04,29.942
2025-06-05,29.9453
2025-06-08,29.9177
2025-06-09,29.9138
2025-06-10,29.8889
2025-06-11,29.8075
2025-06-12,29.5252
2025-06-15,29.505
2025-06-16,29.005
2025-06-17,29.6471
2025-06-18,29.5417
2025-06-19,29.5713
2025-06-22,29.533
2025-06-23,29.6739
2025-06-24,29.4581
2025-06-25,29.3419
2025-06-26,28.819
2025-06-29,29.095
2025-06-30,29.2066
2025-07-01,29.2259
2025-07-02,28.9681
2025-07-03,28.9171
2025-07-06,28.901
2025-07-07,29.0683
2025-07-08,29.1071
2025-07-09,29.2056
2025-07-10,29.243
2025-07-13,29.213
2025-07-14,29.3461
2025-07-15,29.3881
2025-07-16,29.401
2025-07-17,29.4032
2025-07-20,29.378
2025-07-21,29.3336
2025-07-22,29.399
2025-07-23,29.2342
2025-07-24,29.391
2025-07-27,29.472
2025-07-28,29.657
2025-07-29,29.6895
2025-07-30,29.828
2025-07-31,29.906
2025-08-03,29.815
2025-08-04,29.8841
2025-08-05,29.9374
2025-08-06,29.9147
2025-08-07,29.8081
2025-08-10,29.851
2025-08-11,29.948
2025-08-12,29.8781
2025-08-13,29.9397
2025-08-14,30.079
2025-08-17,29.989
2025-08-18,30.0251
2025-08-19,30.1073
2025-08-20,30.2801
2025-08-21,30.516
2025-08-24,30.3673
2025-08-25,30.444
2025-08-26,30.5466
2025-08-27,30.575
2025-08-28,30.4928
2025-08-31,30.5605
2025-09-01,30.6253
2025-09-02,30.744
2025-09-03,30.722
2025-09-04,30.694
2025-09-07,30.479
2025-09-08,30.3311
2025-09-09,30.3516
2025-09-10,30.2368
2025-09-11,30.29
2025-09-14,30.2849
2025-09-15,30.1941
2025-09-16,30.0472
2025-09-17,30.0864
2025-09-18,30.1105
2025-09-21,30.216
2025-09-22,30.2177
2025-09-23,30.274
2025-09-24,30.3641
2025-09-25,30.5615
2025-09-28,30.444
2025-09-29,30.4582
2025-09-30,30.4421
2025-10-01,30.447
2025-10-02,30.4638
2025-10-05,30.42
2025-10-06,30.5105
2025-10-07,30.5367
2025-10-08,30.525
2025-10-09,30.5833
2025-10-12,30.665
2025-10-13,30.691
2025-10-14,30.6839
2025-10-15,30.6098
2025-10-16,30.6119
2025-10-19,30.6219
2025-10-20,30.5973
2025-10-21,30.6773
2025-10-22,30.7451
2025-10-23,30.775
2025-10-27,30.8333
2025-10-28,30.6011
2025-10-29,30.5431
2025-10-30,30.6652
2025-10-31,30.7307
2025-11-03,30.7818
2025-11-04,30.9031
2025-11-05,30.919
2025-11-06,30.8929
2025-11-07,30.9788
2025-11-10,30.9668
2025-11-11,30.9668
2025-11-12,30.9643
2025-11-13,31.0641
2025-11-14,31.1249
2025-11-17,30.5545
2025-11-18,31.175
2025-11-19,31.1032
2025-11-20,31.183
2025-11-21,31.3521
2025-11-24,31.3386
2025-11-25,31.4261
2025-11-26,31.3881
2025-11-27,31.2489
2025-11-28,31.3147
2025-12-01,31.3769
2025-12-02,31.396
2025-12-03,31.402
2025-12-04,31.3147
2025-12-05,31.365
2025-12-08,31.274
2025-12-09,31.1647
2025-12-10,31.151
2025-12-11,31.077
2025-12-12,31.1801
2025-12-15,31.3201
2025-12-16,31.3287
2025-12-17,31.469
2025-12-18,31.6321
2025-12-19,31.5141
2025-12-22,31.5039
2025-12-23,31.5322
2025-12-24,31.4895
2025-12-26,31.5702
2025-12-29,31.38
2025-12-30,31.3178
2025-12-31,31.2436
2026-01-02,31.3035
2026-01-05,31.3587
2026-01-06,31.4746
2026-01-07,31.4921
2026-01-08,31.4491
2026-01-09,31.5448
2026-01-12,31.5933
2026-01-13,31.5699
2026-01-14,31.6169
2026-01-15,31.5107
2026-01-16,31.5642
2026-01-19,31.608
2026-01-20,31.549
2026-01-21,31.6823
2026-01-22,31.64
2026-01-23,31.584
2026-01-26,31.3708
2026-01-27,31.4405
2026-01-28,31.1103
2026-01-29,31.2696
2026-01-30,31.3617
2026-02-02,31.583
2026-02-03,31.5771
2026-02-04,31.5732
2026-02-05,31.6571
2026-02-06,31.6488
2026-02-09,31.575
2026-02-10,31.5612
2026-02-11,31.4787
2026-02-12,31.337
2026-02-13,31.4169
2026-02-16,31.369
2026-02-17,31.327
2026-02-18,31.376
2026-02-19,31.5291
2026-02-20,31.579
2026-02-23,31.511
2026-02-24,31.4348
2026-02-25,31.3771
2026-02-26,31.2691
2026-02-27,31.2468
2026-03-02,31.375
2026-03-03,31.535
2026-03-04,31.734
2026-03-05,31.63
2026-03-06,31.9059
2026-03-09,31.8023
2026-03-10,31.802
2026-03-11,31.7739
2026-03-12,31.8115
2026-03-13,31.8958
2026-03-16,32.1631
2026-03-17,31.945
2026-03-18,31.885
2026-03-19,32.0312
2026-03-20,31.8021
2026-03-23,32.0217
2026-03-24,31.862
2026-03-25,31.9258
2026-03-26,31.9359
2026-03-27,31.93
2026-03-29,31.977
2026-03-30,32.039
2026-03-31,31.9379
2026-04-01,32.002
2026-04-02,31.9381
2026-04-05,31.963
2026-04-06,31.914
2026-04-07,31.894
2026-04-08,31.7204
2026-04-09,31.7258
2026-04-12,31.767
2026-04-13,31.6412
2026-04-14,31.517
2026-04-15,31.587
2026-04-16,31.558
2026-04-19,31.468
2026-04-20,31.419
2026-04-21,31.482
2026-04-22,31.4668
2026-04-23,31.53
2026-04-26,31.44
2026-04-27,31.4557
2026-04-28,31.513
2026-04-29,31.6265
2026-04-30,31.569
2026-05-03,31.554
2026-05-04,31.598
2026-05-05,31.545
2026-05-06,31.3985
2026-05-07,31.3921
2026-05-10,31.301
2026-05-11,31.3518
2026-05-12,31.5011
2026-05-13,31.559
2026-05-14,31.5644
2026-05-17,31.587
2026-05-18,31.5541
2026-05-19,31.7292
2026-05-20,31.5912
2026-05-21,31.5508
2026-05-24,31.439
2026-05-25,31.4484
2026-05-26,31.4459
2026-05-27,31.4659
2026-05-28,31.424
2026-05-31,31.4129
2026-06-01,31.3305
2026-06-02,31.4782
2026-06-03,31.5055
2026-06-04,31.503
2026-06-07,31.5881
2026-06-08,31.582
2026-06-09,31.5409
2026-06-10,31.6498
2026-06-11,31.579
2026-06-14,31.613
2026-06-15,31.5186
2026-06-16,31.5639
2026-06-17,31.6384
2026-06-18,31.6359
2026-06-21,31.702
2026-06-22,31.687
2026-06-23,31.7021
2026-06-24,31.808
2026-06-25,31.86
2026-06-28,31.847
2026-06-29,31.8659
2026-06-30,31.8344
2026-07-01,31.8948
2026-07-02,31.9309
2026-07-05,31.928
2026-07-06,32.0549
2026-07-07,32.1359
2026-07-08,32.1092
2026-07-09,32.0972
2026-07-12,32.0991
2026-07-13,32.162
2026-07-14,32.1339
2026-07-15,32.2109
2026-07-16,32.2643
2026-07-19,32.313
2026-07-20,32.2759
2026-07-21,32.3254
2026-07-22,32.3791
2026-07-23,32.299
2026-07-26,32.3223
2026-07-27,32.302
2026-07-28,32.3638
2026-07-29,32.3489
2026-07-30,32.395
2026-08-02,32.2931
2026-08-03,32.396
2026-08-04,32.3951
2026-08-05,32.2648
2026-08-06,32.2068
2026-08-09,32.2351
2026-08-11,32.217
