# XBI | Tiingo | fetched 2026-09-14
date,value
2015-01-02,61.4473145265
2015-01-05,61.6397348629
2015-01-06,60.1068948954
2015-01-07,62.5105184189
2015-01-08,63.8965971129
2015-01-09,63.9455175374
2015-01-12,64.5521308011
2015-01-13,64.0759720027
2015-01-14,65.0706873007
2015-01-15,62.6540183307
2015-01-16,64.5586535244
2015-01-20,65.272891722
2015-01-21,63.3943474214
2015-01-22,64.0792333643
2015-01-23,64.7673806689
2015-01-26,66.6002659066
2015-01-27,66.7502885417
2015-01-28,64.9630623668
2015-01-29,65.8827663473
2015-01-30,65.113085002
2015-02-02,64.0857560876
2015-02-03,63.8965971129
2015-02-04,62.598575183
2015-02-05,64.4184149741
2015-02-06,63.593290481
2015-02-09,63.273677041
2015-02-10,64.7086761595
2015-02-11,64.5162558231
2015-02-12,65.8925504322
2015-02-13,66.3360956143
2015-02-17,67.5851971197
2015-02-18,68.4559806757
2015-02-19,69.0430257697
2015-02-20,69.5844118007
2015-02-23,70.1649341714
2015-02-24,68.8082077321
2015-02-25,70.5660816523
2015-02-26,71.0618086205
2015-02-27,69.9986047281
2015-03-02,70.9313541552
2015-03-03,71.0324563658
2015-03-04,72.4217964214
2015-03-05,74.2188066812
2015-03-06,73.2893186158
2015-03-09,73.2469209146
2015-03-10,73.5110912068
2015-03-11,73.8731023481
2015-03-12,73.9383295807
2015-03-13,74.4992837816
2015-03-16,75.6081467368
2015-03-17,76.0321237491
2015-03-18,75.5396581425
2015-03-19,77.6138841411
2015-03-20,76.3502310923
2015-03-23,74.8255771147
2015-03-24,74.2672991058
2015-03-25,70.2679391003
2015-03-26,69.9839029203
2015-03-27,71.6326186777
2015-03-30,73.251951382
2015-03-31,73.6208719376
2015-04-01,72.0831588253
2015-04-02,71.8938013719
2015-04-06,71.6881200002
2015-04-07,72.0374518538
2015-04-08,74.1203838403
2015-04-09,73.849406795
2015-04-10,74.8876080046
2015-04-13,75.7723643813
2015-04-14,75.7103334914
2015-04-15,76.1053723165
2015-04-16,76.6636503254
2015-04-17,75.3446777195
2015-04-20,75.4981225524
2015-04-21,76.0531357776
2015-04-22,75.9486626999
2015-04-23,77.2839592242
2015-04-24,76.3502310923
2015-04-27,72.1321305804
2015-04-28,70.8980423502
2015-04-29,70.4409726353
2015-04-30,67.362281627
2015-05-01,69.5953936627
2015-05-04,70.5356513619
2015-05-05,68.537603751
2015-05-06,70.1536716716
2015-05-07,70.9763971584
2015-05-08,73.078917847
2015-05-11,73.6176071539
2015-05-12,73.7743167704
2015-05-13,73.2748048677
2015-05-14,73.8559363624
2015-05-15,73.8820546318
2015-05-18,75.3348833685
2015-05-19,75.4491507972
2015-05-20,76.637532056
2015-05-21,76.2131101779
2015-05-22,76.4285859006
2015-05-26,76.0727244797
2015-05-27,77.3361957631
2015-05-28,77.2121339833
2015-05-29,77.7573528575
2015-06-01,78.0413890375
2015-06-02,77.9369159598
2015-06-03,78.8151427692
2015-06-04,78.2503351929
2015-06-05,79.5823669335
2015-06-08,79.6509273907
2015-06-09,78.4658109156
2015-06-10,79.0469424103
2015-06-11,79.6313386887
2015-06-12,78.3580730543
2015-06-15,78.6486388016
2015-06-16,78.8314666876
2015-06-17,79.7880483052
2015-06-18,82.0440138267
2015-06-19,82.5689525176
2015-06-22,84.9367554892
2015-06-23,84.8190194298
2015-06-24,82.9810287254
2015-06-25,82.2811532614
2015-06-26,81.7546114404
2015-06-29,79.0237889525
2015-06-30,82.4937322575
2015-07-01,81.5060575373
2015-07-02,80.760395828
2015-07-06,81.8658066076
2015-07-07,82.1372536333
2015-07-08,79.1088205509
2015-07-09,80.7636662741
2015-07-10,82.6016569786
2015-07-13,84.7601514001
2015-07-14,86.5654376436
2015-07-15,86.6373874577
2015-07-16,88.0665724005
2015-07-17,88.6519822512
2015-07-20,88.6061960059
2015-07-21,87.1083316951
2015-07-22,87.4975147802
2015-07-23,86.6733623647
2015-07-24,83.5206523308
2015-07-27,82.3432917372
2015-07-28,84.68493114
2015-07-29,82.8207768668
2015-07-30,82.5656820715
2015-07-31,83.5402750073
2015-08-03,83.317884673
2015-08-04,83.4258093941
2015-08-05,83.9196467542
2015-08-06,79.5634125579
2015-08-07,77.5717108871
2015-08-10,78.3369952729
2015-08-11,76.659256427
2015-08-12,77.2250436012
2015-08-13,75.9462991787
2015-08-14,74.8212657226
2015-08-17,77.9118372808
2015-08-18,75.9986263162
2015-08-19,74.9357313358
2015-08-20,70.8836486262
2015-08-21,71.0439004848
2015-08-24,67.2567239088
2015-08-25,68.0939581087
2015-08-26,71.6194989972
2015-08-27,73.4411374712
2015-08-28,74.906297321
2015-08-31,72.6333372862
2015-09-01,70.4813837568
2015-09-02,73.5163577314
2015-09-03,71.3415110793
2015-09-04,71.5148447223
2015-09-08,74.8278066148
2015-09-09,72.8459162822
2015-09-10,74.7852908156
2015-09-11,76.0379477072
2015-09-14,75.792664005
2015-09-15,76.548137808
2015-09-16,75.8122867011
2015-09-17,78.2553123759
2015-09-18,77.9904452228
2015-09-21,73.7885430884
2015-09-22,72.099928212
2015-09-23,72.0213879852
2015-09-24,71.1378104336
2015-09-25,66.2683163713
2015-09-28,61.5068151209
2015-09-29,58.9248051646
2015-09-30,61.1042964585
2015-10-01,61.2908294972
2015-10-02,64.2851756444
2015-10-05,64.7956871186
2015-10-06,62.066414237
2015-10-07,63.1267072989
2015-10-08,62.4885679561
2015-10-09,63.5783136031
2015-10-12,62.8125463917
2015-10-13,60.0440033966
2015-10-14,60.6919602678
2015-10-15,65.1000304975
2015-10-16,64.8447747604
2015-10-19,65.3454687063
2015-10-20,63.1365248273
2015-10-21,63.156159884
2015-10-22,63.018714487
2015-10-23,64.471708683
2015-10-26,64.6876943068
2015-10-27,66.1014183894
2015-10-28,67.7998507941
2015-10-29,66.0817833327
2015-10-30,65.4141914048
2015-11-02,69.6848162376
2015-11-03,70.3131380521
2015-11-04,70.7156567145
2015-11-05,69.4491955572
2015-11-06,69.4099254437
2015-11-09,70.0284297299
2015-11-10,69.7829915211
2015-11-11,68.5459829488
2015-11-12,67.0733536961
2015-11-13,67.0242660544
2015-11-16,66.9064557142
2015-11-17,67.3973321317
2015-11-18,69.390290387
2015-11-19,68.1434642864
2015-11-20,68.3103622684
2015-11-23,69.4295605005
2015-11-24,69.7044512943
2015-11-25,71.1279929052
2015-11-27,71.2948908872
2015-11-30,70.9709124516
2015-12-01,70.7941969413
2015-12-02,70.3916782789
2015-12-03,67.6525878689
2015-12-04,69.0074067813
2015-12-07,66.3763091832
2015-12-08,67.7998507941
2015-12-09,66.1995936729
2015-12-10,66.9064557142
2015-12-11,64.5306138531
2015-12-14,63.7648466417
2015-12-15,65.5909069151
2015-12-16,68.467442722
2015-12-17,67.711493039
2015-12-18,68.0832602573
2015-12-21,68.8703499713
2015-12-22,68.4768051143
2015-12-23,69.5885693353
2015-12-24,69.7361486566
2015-12-28,68.5948685714
2015-12-29,70.3854976706
2015-12-30,69.7164714138
2015-12-31,69.0671223998
2016-01-04,66.7353691222
2016-01-05,66.1352132153
2016-01-06,63.3115288665
2016-01-07,60.8223576461
2016-01-08,59.5334982395
2016-01-11,56.2178828194
2016-01-12,57.8707712187
2016-01-13,53.8566136775
2016-01-14,55.9424014195
2016-01-15,54.2108040488
2016-01-19,52.0069528497
2016-01-20,54.2501585345
2016-01-21,52.8629129137
2016-01-22,54.4174150987
2016-01-25,53.6106481419
2016-01-26,53.2367805278
2016-01-27,50.8164796574
2016-01-28,48.907787101
2016-01-29,49.7342313007
2016-02-01,50.1376147791
2016-02-02,48.3420663691
2016-02-03,48.5732739726
2016-02-04,49.5669747365
2016-02-05,47.7074752872
2016-02-08,45.0707247455
2016-02-09,45.1395950955
2016-02-10,45.3068516597
2016-02-11,44.9920157741
2016-02-12,46.2907138021
2016-02-16,48.1797291156
2016-02-17,50.1277761577
2016-02-18,48.3765015441
2016-02-19,49.3111705794
2016-02-22,49.8424561364
2016-02-23,47.4615097516
2016-02-24,47.9731180657
2016-02-25,47.7665070158
2016-02-26,48.6027898369
2016-02-29,47.1269966232
2016-03-01,49.3997181723
2016-03-02,51.45599005
2016-03-03,50.8853500074
2016-03-04,51.1017996787
2016-03-07,52.9317832636
2016-03-08,50.1671306434
2016-03-09,49.7047154364
2016-03-10,48.8487553725
2016-03-11,50.4819665289
2016-03-14,51.062445193
2016-03-15,48.1108587657
2016-03-16,47.5303801016
2016-03-17,47.677959423
2016-03-18,48.9056550718
2016-03-21,50.0679646989
2016-03-22,51.7129283236
2016-03-23,49.1223568666
2016-03-24,49.2996583352
2016-03-28,48.6594030321
2016-03-29,49.8217126592
2016-03-30,49.4178593142
2016-03-31,50.8855214704
2016-04-01,52.3630337083
2016-04-04,53.0623895008
2016-04-05,53.0032890113
2016-04-06,56.7266198506
2016-04-07,55.958313487
2016-04-08,55.0028555732
2016-04-11,53.6435443144
2016-04-12,54.1655986384
2016-04-13,55.4756594893
2016-04-14,55.8097742566
2016-04-15,55.7317616105
2016-04-18,56.5099180557
2016-04-19,55.4264090813
2016-04-20,55.4756594893
2016-04-21,56.5394683005
2016-04-22,56.9925720534
2016-04-25,56.7364699322
2016-04-26,55.2097072865
2016-04-27,54.6088523097
2016-04-28,54.3330500254
2016-04-29,53.1214899903
2016-05-02,54.17544872
2016-05-03,52.1487944338
2016-05-04,49.9793139646
2016-05-05,49.7035116802
2016-05-06,49.6050108643
2016-05-09,51.4371260392
2016-05-10,51.6341276709
2016-05-11,49.851262904
2016-05-12,48.8071542559
2016-05-13,49.683811517
2016-05-16,51.9197800369
2016-05-17,51.5159266919
2016-05-18,52.4418343609
2016-05-19,51.8902297922
2016-05-20,53.2692412141
2016-05-23,53.9882971699
2016-05-24,55.0422558995
2016-05-25,55.9386133238
2016-05-26,55.3771586734
2016-05-27,55.9878637317
2016-05-31,57.1797236035
2016-06-01,57.2979245826
2016-06-02,58.9428882073
2016-06-03,57.2289740115
2016-06-06,58.7754368204
2016-06-07,57.7411782539
2016-06-08,57.810128825
2016-06-09,56.1159147923
2016-06-10,54.8354041862
2016-06-13,53.9193465988
2016-06-14,53.6829446407
2016-06-15,53.9193465988
2016-06-16,54.0375475778
2016-06-17,52.6146944277
2016-06-20,53.3935141503
2016-06-21,52.4372418327
2016-06-22,52.5456850852
2016-06-23,53.7484193404
2016-06-24,51.1162058474
2016-06-27,48.9769162295
2016-06-28,51.2640830099
2016-06-29,53.2949293753
2016-06-30,53.3146463303
2016-07-01,55.0201629382
2016-07-05,54.330069513
2016-07-06,55.7792657058
2016-07-07,56.2623311034
2016-07-08,56.7749719335
2016-07-11,56.5580854285
2016-07-12,57.1101601686
2016-07-13,55.4342189932
2016-07-14,55.3750681282
2016-07-15,56.3214819684
2016-07-18,56.6961041135
2016-07-19,55.6313885433
2016-07-20,57.5044992686
2016-07-21,58.0664324863
2016-07-22,58.4607715863
2016-07-25,58.6579411364
2016-07-26,59.0325632814
2016-07-27,60.7479383668
2016-07-28,60.4521840417
2016-07-29,61.1915698544
2016-08-01,62.6703414796
2016-08-02,62.108408262
2016-08-03,63.4688781573
2016-08-04,62.6010363828
2016-08-05,63.2815670848
2016-08-08,62.088691307
2016-08-09,62.029540442
2016-08-10,60.0972788516
2016-08-11,61.0831266018
2016-08-12,61.6352013419
2016-08-15,62.4534549746
2016-08-16,61.4084563594
2016-08-17,61.0831266018
2016-08-18,61.3295885394
2016-08-19,60.9746833493
2016-08-22,62.6013321371
2016-08-23,62.8773695072
2016-08-24,60.1761466717
2016-08-25,59.535345634
2016-08-26,60.2352975367
2016-08-29,60.1761466717
2016-08-30,59.9986940766
2016-08-31,59.239591309
2016-09-01,59.4860532465
2016-09-02,59.298742174
2016-09-06,60.8563816193
2016-09-07,61.8225124145
2016-09-08,62.6407660471
2016-09-09,60.3831746992
2016-09-12,62.5618982271
2016-09-13,61.4873241794
2016-09-14,62.9956712372
2016-09-15,64.0110944199
2016-09-16,63.824906228
2016-09-19,64.9887663632
2016-09-20,66.5866082437
2016-09-21,67.346076298
2016-09-22,67.8885534797
2016-09-23,67.2079911972
2016-09-26,66.8430520023
2016-09-27,67.8096477078
2016-09-28,66.8726416668
2016-09-29,64.6238271682
2016-09-30,65.3832952226
2016-10-03,65.2747997862
2016-10-04,64.761912269
2016-10-05,65.8074137464
2016-10-06,63.7755901205
2016-10-07,63.2725658248
2016-10-10,64.6238271682
2016-10-11,62.5722770994
2016-10-12,60.4319580372
2016-10-13,60.5010005876
2016-10-14,58.7453471633
2016-10-17,58.2620493105
2016-10-18,59.0708334723
2016-10-19,58.0154687734
2016-10-20,59.0708334723
2016-10-21,58.9130219285
2016-10-24,58.3409550824
2016-10-25,57.8675204512
2016-10-26,57.1968213902
2016-10-27,56.3485843425
2016-10-28,56.0625509194
2016-10-31,55.381988637
2016-11-01,56.0625509194
2016-11-02,54.6619734686
2016-11-03,52.5808337353
2016-11-04,54.1194962869
2016-11-07,56.5557119937
2016-11-08,56.9995569605
2016-11-09,62.9076266299
2016-11-10,64.8901341483
2016-11-11,65.3043894507
2016-11-14,67.1981279758
2016-11-15,66.7838726734
2016-11-16,64.6139639467
2016-11-17,65.5706964308
2016-11-18,65.0775353565
2016-11-21,65.4523377729
2016-11-22,63.7460004561
2016-11-23,64.8408180409
2016-11-25,65.4917906589
2016-11-28,63.4698302545
2016-11-29,63.6868211272
2016-11-30,61.8128090451
2016-12-01,60.3037361579
2016-12-02,60.9645719974
2016-12-05,62.3454230052
2016-12-06,63.499419919
2016-12-07,60.9448455544
2016-12-08,61.2506054204
2016-12-09,61.0533409907
2016-12-12,60.1459246141
2016-12-13,60.0768820637
2016-12-14,60.0670188423
2016-12-15,61.0927938767
2016-12-16,61.1207166567
2016-12-19,60.1932998099
2016-12-20,60.90366165
2016-12-21,59.6506622932
2016-12-22,58.6739147631
2016-12-23,60.7063389167
2016-12-27,60.1341029899
2016-12-28,59.3250797832
2016-12-29,58.8613713598
2016-12-30,58.3976629364
2017-01-03,58.7923084031
2017-01-04,61.5054959867
2017-01-05,61.6337557634
2017-01-06,62.5019757902
2017-01-09,64.4850692604
2017-01-10,64.8698485904
2017-01-11,62.6401017035
2017-01-12,63.6168492336
2017-01-13,64.1298883404
2017-01-17,62.5809048835
2017-01-18,63.3800619536
2017-01-19,62.7683614802
2017-01-20,62.3046530568
2017-01-23,61.5252282601
2017-01-24,61.6041573534
2017-01-25,61.9396060001
2017-01-26,61.7916139501
2017-01-27,62.5710387469
2017-01-30,61.4857637134
2017-01-31,64.0312269737
2017-02-01,64.0904237937
2017-02-02,64.2384158437
2017-02-03,65.0967697338
2017-02-06,64.9882422305
2017-02-07,64.4456047137
2017-02-08,65.0079745038
2017-02-09,66.1721786306
2017-02-10,65.8564622572
2017-02-13,66.0833834006
2017-02-14,67.079863204
2017-02-15,68.1848705108
2017-02-16,67.7704927708
2017-02-17,68.5203191575
2017-02-21,68.0862091441
2017-02-22,66.8825404707
2017-02-23,66.2412415873
2017-02-24,66.3399029539
2017-02-27,69.5365312343
2017-02-28,69.2701455443
2017-03-01,70.5132787644
2017-03-02,69.6549248743
2017-03-03,70.3948851244
2017-03-06,69.783184651
2017-03-07,68.6584450709
2017-03-08,69.664791011
2017-03-09,70.0101057943
2017-03-10,70.5428771744
2017-03-13,70.6711369511
2017-03-14,69.8917121543
2017-03-15,71.3519003812
2017-03-16,70.5034126277
2017-03-17,70.0887408768
2017-03-20,70.2996387074
2017-03-21,66.8714880571
2017-03-22,67.52283372
2017-03-23,67.2662430043
2017-03-24,67.8188999304
2017-03-27,68.8353939194
2017-03-28,68.4011634775
2017-03-29,68.8156561721
2017-03-30,68.3419502354
2017-03-31,68.4307700985
2017-04-03,67.4142761095
2017-04-04,67.4438827305
2017-04-05,66.0523715416
2017-04-06,65.9635516785
2017-04-07,66.4372576151
2017-04-10,66.4273887415
2017-04-11,66.2398801415
2017-04-12,66.5556840993
2017-04-13,67.5721780884
2017-04-17,67.9077197935
2017-04-18,66.9603079202
2017-04-19,67.1971608885
2017-04-20,67.7004734462
2017-04-21,67.088603278
2017-04-24,68.2531303723
2017-04-25,69.6545104349
2017-04-26,69.6249038138
2017-04-27,70.2565117294
2017-04-28,70.5032335714
2017-05-01,71.1841858553
2017-05-02,69.9703143926
2017-05-03,69.5558216981
2017-05-04,69.7926746664
2017-05-05,69.2301488666
2017-05-08,67.3550628674
2017-05-09,68.4406389722
2017-05-10,68.2827369933
2017-05-11,68.1840482565
2017-05-12,69.1117223825
2017-05-15,69.3090998561
2017-05-16,69.7531991717
2017-05-17,67.6708668252
2017-05-18,69.0821157614
2017-05-19,68.2333926249
2017-05-22,68.6972296879
2017-05-23,68.7367051826
2017-05-24,69.1808044982
2017-05-25,68.8452627931
2017-05-26,67.8188999304
2017-05-30,66.5754218467
2017-05-31,66.8221436887
2017-06-01,68.6676230669
2017-06-02,70.1676918663
2017-06-05,69.7334614243
2017-06-06,69.7334614243
2017-06-07,69.9012322769
2017-06-08,70.6808732976
2017-06-09,70.4144137083
2017-06-12,70.3255938451
2017-06-13,71.1249726132
2017-06-14,71.5888096762
2017-06-15,70.6117911819
2017-06-16,70.7698263905
2017-06-19,73.3001442056
2017-06-20,74.1106366308
2017-06-21,77.5997076805
2017-06-22,78.2817074041
2017-06-23,79.3788373942
2017-06-26,79.1712722609
2017-06-27,76.3740849888
2017-06-28,78.3212436199
2017-06-29,77.3130701155
2017-06-30,76.2851285031
2017-07-03,77.0066644426
2017-07-05,78.4793884834
2017-07-06,77.0560847124
2017-07-07,77.3526063313
2017-07-10,76.1961720174
2017-07-11,76.9374760648
2017-07-12,77.6688960582
2017-07-13,78.2619392961
2017-07-14,78.1532147025
2017-07-17,77.4020266012
2017-07-18,77.3130701155
2017-07-19,78.1927509184
2017-07-20,79.2108084768
2017-07-21,79.8335038766
2017-07-24,80.8021411652
2017-07-25,79.6753590131
2017-07-26,79.8532719845
2017-07-27,77.8270409217
2017-07-28,78.8154463182
2017-07-31,77.2636498456
2017-08-01,76.1961720174
2017-08-02,76.2851285031
2017-08-03,75.9391866143
2017-08-04,77.3229541694
2017-08-07,77.6392438963
2017-08-08,76.7694471474
2017-08-09,76.3642009348
2017-08-10,73.6065498785
2017-08-11,74.891476894
2017-08-14,75.5537085097
2017-08-15,75.5833606716
2017-08-16,75.6031287795
2017-08-17,74.1600569006
2017-08-18,74.0809844689
2017-08-21,74.4961147354
2017-08-22,76.2752444491
2017-08-23,76.0775633698
2017-08-24,77.6392438963
2017-08-25,76.9078239029
2017-08-28,79.2997649625
2017-08-29,79.6555909052
2017-08-30,80.6143441398
2017-08-31,82.8580243899
2017-09-01,83.6388646532
2017-09-05,83.0062851994
2017-09-06,83.2435024946
2017-09-07,83.3719951961
2017-09-08,82.848140336
2017-09-11,82.9074446598
2017-09-12,82.551618717
2017-09-13,82.561502771
2017-09-14,82.2254449362
2017-09-15,82.7266060084
2017-09-18,83.0924779212
2017-09-19,82.7562712986
2017-09-20,84.2197589498
2017-09-21,83.6462300054
2017-09-22,82.9738167603
2017-09-25,83.3100233828
2017-09-26,82.3211803753
2017-09-27,83.5275688445
2017-09-28,84.9218374851
2017-09-29,85.6041391603
2017-10-02,86.9885193708
2017-10-03,86.8006391994
2017-10-04,87.2555069828
2017-10-05,87.5224945948
2017-10-06,87.3346144234
2017-10-09,86.751197049
2017-10-10,86.6523127482
2017-10-11,86.3952135663
2017-10-12,86.3161061257
2017-10-13,85.6931350309
2017-10-16,85.9502342129
2017-10-17,85.7722424715
2017-10-18,85.2679325377
2017-10-19,84.7537341738
2017-10-20,84.6647383031
2017-10-23,83.5176804144
2017-10-24,82.6474985678
2017-10-25,81.9454200325
2017-10-26,80.8972464445
2017-10-27,82.8650440295
2017-10-30,83.072701061
2017-10-31,82.7068291483
2017-11-01,81.5498828295
2017-11-02,82.9639283302
2017-11-03,84.644961443
2017-11-06,84.0813209287
2017-11-07,83.201250652
2017-11-08,82.281626655
2017-11-09,81.9948621828
2017-11-10,81.8465357317
2017-11-13,80.7686968535
2017-11-14,79.1667711814
2017-11-15,79.1568827513
2017-11-16,80.5214861017
2017-11-17,80.5214861017
2017-11-20,79.9677340175
2017-11-21,80.3731596505
2017-11-22,80.7983621438
2017-11-24,81.0455728956
2017-11-27,80.3138290701
2017-11-28,80.4819323814
2017-11-29,80.0962836084
2017-11-30,82.2618497949
2017-12-01,82.4892836866
2017-12-04,80.5214861017
2017-12-05,79.4535356535
2017-12-06,79.0579984505
2017-12-07,81.362002658
2017-12-08,82.9935936204
2017-12-11,82.143188634
2017-12-12,80.7785852836
2017-12-13,81.9948621828
2017-12-14,80.4127133708
2017-12-15,80.9414773922
2017-12-18,80.9414773922
2017-12-19,80.6842690798
2017-12-20,81.2580414691
2017-12-21,82.1879484447
2017-12-22,83.6817351822
2017-12-26,84.2555075715
2017-12-27,84.9578841169
2017-12-28,85.2744481937
2017-12-29,83.9587287494
2018-01-02,86.2736035612
2018-01-03,87.4211483397
2018-01-04,86.4121003448
2018-01-05,86.1054288954
2018-01-08,84.3940043551
2018-01-09,86.5505971284
2018-01-10,87.6387861425
2018-01-11,88.1828806495
2018-01-12,88.6577267648
2018-01-16,85.9075763474
2018-01-17,87.0749063807
2018-01-18,86.9463022244
2018-01-19,87.9652428467
2018-01-22,92.8818786648
2018-01-23,94.7911557532
2018-01-24,93.3270468979
2018-01-25,94.3855580297
2018-01-26,95.157182967
2018-01-29,95.9881636686
2018-01-30,94.0096381885
2018-01-31,92.36746204
2018-02-01,92.6048850976
2018-02-02,90.9033531847
2018-02-05,87.3914704575
2018-02-06,90.0723724831
2018-02-07,90.4383996969
2018-02-08,85.8877910926
2018-02-09,86.0856436406
2018-02-12,87.8366386905
2018-02-13,88.3510553153
2018-02-14,90.6659301271
2018-02-15,91.7343338864
2018-02-16,91.4771255739
2018-02-20,89.8547346802
2018-02-21,90.0723724831
2018-02-22,90.1910840119
2018-02-23,91.5463739658
2018-02-26,92.1893947468
2018-02-27,91.1012057327
2018-02-28,89.3897811924
2018-03-01,88.5588004907
2018-03-02,90.9726015765
2018-03-05,92.3773546674
2018-03-06,92.6444556072
2018-03-07,93.8117856405
2018-03-08,93.9700676789
2018-03-09,95.4143912794
2018-03-12,95.9387005316
2018-03-13,94.909867282
2018-03-14,94.4943769311
2018-03-15,93.0203754484
2018-03-16,92.62376122
2018-03-19,90.9607504382
2018-03-20,91.1785256596
2018-03-21,92.0991209138
2018-03-22,89.3472340249
2018-03-23,87.7040209906
2018-03-26,90.1292450473
2018-03-27,86.2785831776
2018-03-28,86.1301000721
2018-03-29,86.8428189786
2018-04-02,83.0020559826
2018-04-03,83.4969996677
2018-04-04,86.3379764198
2018-04-05,84.6056735222
2018-04-06,82.061662981
2018-04-09,84.2493140689
2018-04-10,87.5753356325
2018-04-11,88.2484590441
2018-04-12,89.5353126253
2018-04-13,88.6741106133
2018-04-16,88.0009872016
2018-04-17,90.1985371632
2018-04-18,89.8223799626
2018-04-19,88.3078522863
2018-04-20,88.0306838227
2018-04-23,87.1694818107
2018-04-24,85.5757631449
2018-04-25,85.4767744079
2018-04-26,86.9517065893
2018-04-27,87.525841264
2018-04-30,86.100403451
2018-05-01,87.0209987052
2018-05-02,86.565650515
2018-05-03,85.0511228387
2018-05-04,86.4864595254
2018-05-07,87.6050322536
2018-05-08,87.1793806844
2018-05-09,88.8918858347
2018-05-10,88.1395714334
2018-05-11,90.7231774694
2018-05-14,91.8813456924
2018-05-15,91.3468065125
2018-05-16,92.5148736093
2018-05-17,92.8316375677
2018-05-18,92.62376122
2018-05-21,90.8518628275
2018-05-22,91.2775143966
2018-05-23,91.5051884918
2018-05-24,91.7922558291
2018-05-25,92.059525419
2018-05-29,91.5348851129
2018-05-30,93.2077947683
2018-05-31,93.7126373271
2018-06-01,95.6726143199
2018-06-04,95.4647379721
2018-06-05,96.1873557523
2018-06-06,96.7812881744
2018-06-07,95.5736255829
2018-06-08,95.3261537403
2018-06-11,94.9499965397
2018-06-12,95.9497827835
2018-06-13,96.197254626
2018-06-14,96.6031084478
2018-06-15,96.2551630372
2018-06-18,96.5225935169
2018-06-19,97.9092700785
2018-06-20,100.1873815724
2018-06-21,98.1172715627
2018-06-22,98.1370812278
2018-06-25,95.4825860957
2018-06-26,95.809445571
2018-06-27,92.7290426378
2018-06-28,93.2738084298
2018-06-29,94.2841013532
2018-07-02,95.3736329373
2018-07-03,96.0867808833
2018-07-05,96.5622128472
2018-07-06,99.29594664
2018-07-09,99.1374693187
2018-07-10,98.6917518525
2018-07-11,98.7808953457
2018-07-12,99.8803317624
2018-07-13,99.6029964501
2018-07-16,97.9786039065
2018-07-17,99.3949949658
2018-07-18,99.177088649
2018-07-19,99.4445191287
2018-07-20,99.177088649
2018-07-23,98.8601340064
2018-07-24,96.8197384944
2018-07-25,96.7900239966
2018-07-26,96.710785336
2018-07-27,94.0661950364
2018-07-30,92.5309459861
2018-07-31,94.3831496791
2018-08-01,94.4623883397
2018-08-02,95.0665831273
2018-08-03,93.8086693893
2018-08-06,93.9869563758
2018-08-07,95.0368686295
2018-08-08,94.5020076701
2018-08-09,94.3435303487
2018-08-10,94.0463853713
2018-08-13,93.600667905
2018-08-14,93.9869563758
2018-08-15,92.1941816783
2018-08-16,93.0261876153
2018-08-17,93.0955214433
2018-08-20,92.4120879951
2018-08-21,94.2246723577
2018-08-22,95.7797310732
2018-08-23,95.1161072902
2018-08-24,95.4825860957
2018-08-27,97.0673593089
2018-08-28,97.7210782594
2018-08-29,98.6026083592
2018-08-30,98.9789919974
2018-08-31,99.1869934816
2018-09-04,99.058230658
2018-09-05,98.2955585492
2018-09-06,95.7698262406
2018-09-07,95.4924909283
2018-09-10,95.641063417
2018-09-11,95.6212537519
2018-09-12,95.3142039418
2018-09-13,94.9873444666
2018-09-14,94.9180106385
2018-09-17,93.4025712534
2018-09-18,94.5416270004
2018-09-19,94.6604849914
2018-09-20,96.235353372
2018-09-21,94.7026795782
2018-09-24,95.7732143693
2018-09-25,96.0507604263
2018-09-26,95.2775964105
2018-09-27,95.1487357411
2018-09-28,95.029787431
2018-10-01,93.7610054564
2018-10-02,92.3831875307
2018-10-03,94.0682885908
2018-10-04,91.0351066826
2018-10-05,89.657288757
2018-10-08,88.7156146352
2018-10-09,87.6351674849
2018-10-10,84.6911968093
2018-10-11,83.670223814
2018-10-12,85.345412515
2018-10-15,84.1955788504
2018-10-16,88.6660528393
2018-10-17,88.5173674517
2018-10-18,86.7727922365
2018-10-19,84.6713720909
2018-10-22,82.7582867698
2018-10-23,82.6889002555
2018-10-24,76.6027117208
2018-10-25,79.7350172207
2018-10-26,79.7151925024
2018-10-29,77.2371027081
2018-10-30,77.6732465119
2018-10-31,78.4166734502
2018-11-01,83.0060957492
2018-11-02,83.2241676511
2018-11-05,82.7781114881
2018-11-06,82.5104777903
2018-11-07,84.5920732175
2018-11-08,83.4719766305
2018-11-09,80.0720374328
2018-11-12,76.9793813695
2018-11-13,76.6027117208
2018-11-14,74.2733073141
2018-11-15,76.8703454185
2018-11-16,78.8230801764
2018-11-19,76.2359544312
2018-11-20,75.7799859091
2018-11-21,77.1875409122
2018-11-23,77.4056128141
2018-11-26,79.189837466
2018-11-27,77.286664504
2018-11-28,80.2207228204
2018-11-29,79.7449295799
2018-11-30,80.9344126812
2018-12-03,83.8882957159
2018-12-04,79.7548419391
2018-12-06,79.9927385593
2018-12-07,77.5047364059
2018-12-10,78.4364981685
2018-12-11,78.1787768299
2018-12-12,79.3781722904
2018-12-13,77.1875409122
2018-12-14,76.1170061211
2018-12-17,74.3922556243
2018-12-18,73.0045253395
2018-12-19,70.5363479044
2018-12-20,68.0582581101
2018-12-21,65.1757440614
2018-12-24,64.8584906677
2018-12-26,69.6569482469
2018-12-27,68.9827847854
2018-12-28,69.4884073815
2018-12-31,71.1341593612
2019-01-02,72.2346320705
2019-01-03,70.5987942594
2019-01-04,74.3760924777
2019-01-07,78.817639989
2019-01-08,79.7892285071
2019-01-09,80.1263102379
2019-01-10,81.4548088239
2019-01-11,81.2961821271
2019-01-14,79.4323184393
2019-01-15,81.4944654981
2019-01-16,81.2069546101
2019-01-17,81.6927488691
2019-01-18,82.6643373873
2019-01-22,80.1659669121
2019-01-23,79.0952367085
2019-01-24,79.858627687
2019-01-25,81.6630063635
2019-01-28,79.3430909223
2019-01-29,79.3827475965
2019-01-30,81.5836930151
2019-01-31,82.8824490954
2019-02-01,83.2691016689
2019-02-04,83.6160975683
2019-02-05,83.0807324664
2019-02-06,83.5566125569
2019-02-07,81.2862679585
2019-02-08,81.9703455886
2019-02-11,82.3669123307
2019-02-12,83.6954109167
2019-02-13,83.7053250852
2019-02-14,84.0523209845
2019-02-15,85.8467854925
2019-02-19,84.90493948
2019-02-20,84.5678577493
2019-02-21,83.3682433544
2019-02-22,85.0040811655
2019-02-25,88.7615510468
2019-02-26,88.0675592481
2019-02-27,89.5051136882
2019-02-28,88.3748984733
2019-03-01,91.0219814767
2019-03-04,90.1197921384
2019-03-05,89.4456286769
2019-03-06,85.7873004812
2019-03-07,85.8170429868
2019-03-08,85.7179013013
2019-03-11,88.2757567877
2019-03-12,89.1977744631
2019-03-13,90.903011454
2019-03-14,89.7926245762
2019-03-15,90.4866163748
2019-03-18,90.7741272629
2019-03-19,90.4568738692
2019-03-20,89.5546845309
2019-03-21,91.1310373307
2019-03-22,87.1058848986
2019-03-25,87.2347690898
2019-03-26,88.9499202493
2019-03-27,87.0067432131
2019-03-28,88.1270442594
2019-03-29,89.7628820705
2019-04-01,89.6538262165
2019-04-02,90.9426681282
2019-04-03,91.8845141407
2019-04-04,91.1211231622
2019-04-05,92.9949010185
2019-04-08,92.3703083997
2019-04-09,90.6650714088
2019-04-10,92.0034841633
2019-04-11,90.0702212957
2019-04-12,89.1283752832
2019-04-15,88.335241799
2019-04-16,88.226185945
2019-04-17,84.1018918273
2019-04-18,83.9036084563
2019-04-22,83.7945526022
2019-04-23,86.1739530547
2019-04-24,85.1230511882
2019-04-25,85.5097037617
2019-04-26,86.4912064484
2019-04-29,85.9360130094
2019-04-30,84.4687160637
2019-05-01,82.9221057696
2019-05-02,83.8540376135
2019-05-03,85.4700470875
2019-05-06,86.9076015275
2019-05-07,84.042406816
2019-05-08,83.7648100965
2019-05-09,83.5962692311
2019-05-10,83.1997024891
2019-05-13,79.7198293273
2019-05-14,81.0681562504
2019-05-15,81.7522338805
2019-05-16,82.7733932413
2019-05-17,81.851375566
2019-05-20,80.0767393952
2019-05-21,82.5552815332
2019-05-22,81.9703455886
2019-05-23,81.1474695988
2019-05-24,82.1983714653
2019-05-28,81.3259246327
2019-05-29,80.5724478228
2019-05-30,80.1362244065
2019-05-31,78.7581549777
2019-06-03,79.6702584845
2019-06-04,81.8315472289
2019-06-05,81.9108605773
2019-06-06,80.6616753397
2019-06-07,82.1289722854
2019-06-10,81.385409644
2019-06-11,80.4832203058
2019-06-12,81.0185854076
2019-06-13,82.3074273194
2019-06-14,80.7905595309
2019-06-17,84.617428592
2019-06-18,86.2136097289
2019-06-19,86.2433522346
2019-06-20,86.2235238974
2019-06-21,86.5110347855
2019-06-24,84.0027501418
2019-06-25,83.6854967481
2019-06-26,83.0807324664
2019-06-27,85.2122787051
2019-06-28,86.9571723703
2019-07-01,87.4925374721
2019-07-02,86.8679448533
2019-07-03,88.1270442594
2019-07-05,86.4614639427
2019-07-08,85.0239095026
2019-07-09,86.233438066
2019-07-10,86.3920647628
2019-07-11,85.2023645366
2019-07-12,85.083394514
2019-07-15,85.4403045818
2019-07-16,84.7264844461
2019-07-17,84.8057977945
2019-07-18,86.0450688635
2019-07-19,84.8751969744
2019-07-22,85.1627078624
2019-07-23,84.5777719178
2019-07-24,85.3411628963
2019-07-25,83.4079000287
2019-07-26,84.9148536486
2019-07-29,84.7264844461
2019-07-30,86.0054121893
2019-07-31,84.9445961542
2019-08-01,85.1726220309
2019-08-02,83.2988441746
2019-08-05,80.5922761599
2019-08-06,82.3669123307
2019-08-07,82.6147665445
2019-08-08,84.0721493216
2019-08-09,83.3087583431
2019-08-12,81.762148049
2019-08-13,82.8923632639
2019-08-14,80.5526194857
2019-08-15,79.6405159789
2019-08-16,81.7522338805
2019-08-19,82.6742515558
2019-08-20,81.762148049
2019-08-21,82.5453673646
2019-08-22,80.9194437221
2019-08-23,78.7581549777
2019-08-26,79.5116317877
2019-08-27,78.242618213
2019-08-28,79.372833428
2019-08-29,80.4138211259
2019-08-30,79.6801726531
2019-09-03,77.9848498307
2019-09-04,78.4904724268
2019-09-05,79.6504301474
2019-09-06,78.7878974834
2019-09-09,78.6391849551
2019-09-10,81.0284995762
2019-09-11,82.6643373873
2019-09-12,81.9207747458
2019-09-13,81.7125772063
2019-09-16,83.1402174778
2019-09-17,82.8527065897
2019-09-18,82.0794014427
2019-09-19,81.9406030829
2019-09-20,82.0032477398
2019-09-23,81.0117926831
2019-09-24,79.0982844236
2019-09-25,78.6025568953
2019-09-26,76.3816975683
2019-09-27,75.7967390848
2019-09-30,75.5984480735
2019-10-01,74.0121199828
2019-10-02,74.5177620617
2019-10-03,76.0049446467
2019-10-04,76.1635774558
2019-10-07,75.975200995
2019-10-08,74.4087020054
2019-10-09,74.0815218367
2019-10-10,75.4001570621
2019-10-11,76.4610139728
2019-10-14,76.2825520626
2019-10-15,78.1861457715
2019-10-16,78.0572566141
2019-10-17,78.929737064
2019-10-18,77.9779402096
2019-10-21,79.4056354912
2019-10-22,80.0500812781
2019-10-23,79.7427302105
2019-10-24,79.4651227946
2019-10-25,80.6548688627
2019-10-28,81.7752130767
2019-10-29,81.517434762
2019-10-30,81.1010236382
2019-10-31,80.9324762785
2019-11-01,82.9451300436
2019-11-04,82.4295734142
2019-11-05,82.4295734142
2019-11-06,81.0217072336
2019-11-07,81.2299127956
2019-11-08,83.2425665607
2019-11-11,82.9748736953
2019-11-12,83.2524811112
2019-11-13,83.5201739765
2019-11-14,82.9550445942
2019-11-15,84.0654742577
2019-11-18,84.3034234713
2019-11-19,86.4647954949
2019-11-20,86.7424029108
2019-11-21,86.8812066188
2019-11-22,87.3868486977
2019-11-25,91.1048051603
2019-11-26,91.2436088682
2019-11-27,92.6217313971
2019-11-29,92.8497660601
2019-12-02,91.5311308347
2019-12-03,92.8795097118
2019-12-04,94.0295975776
2019-12-05,92.4829276891
2019-12-06,93.6231010043
2019-12-09,93.72224651
2019-12-10,94.7137015667
2019-12-11,93.4644681952
2019-12-12,94.0097684764
2019-12-13,94.5451542071
2019-12-16,95.7249857245
2019-12-17,95.6654984211
2019-12-18,95.1102835894
2019-12-19,95.6060111177
2019-12-20,95.873703983
2019-12-23,96.8750735903
2019-12-24,97.6186648828
2019-12-26,96.7759280846
2019-12-27,95.417634657
2019-12-30,93.950281173
2019-12-31,94.2972904429
2020-01-02,93.8709647685
2020-01-03,92.5622440937
2020-01-06,93.3653226896
2020-01-07,93.5140409481
2020-01-08,94.7930179712
2020-01-09,95.0012235331
2020-01-10,94.019683027
2020-01-13,92.1260038687
2020-01-14,94.8326761735
2020-01-15,95.5266947132
2020-01-16,96.2504569046
2020-01-17,95.4473783087
2020-01-21,93.9007084202
2020-01-22,93.6825883077
2020-01-23,92.463098588
2020-01-24,89.9745463957
2020-01-27,89.3400151594
2020-01-28,90.9957451041
2020-01-29,90.7875395422
2020-01-30,89.6176225752
2020-01-31,88.3584746532
2020-02-03,90.3413847666
2020-02-04,92.9191679141
2020-02-05,95.2292581962
2020-02-06,95.3284037018
2020-02-07,94.5054960048
2020-02-10,96.0521658932
2020-02-11,95.9331912864
2020-02-12,97.1725101073
2020-02-13,96.0918240955
2020-02-14,96.2603714551
2020-02-18,96.7759280846
2020-02-19,97.5096048266
2020-02-20,96.974219096
2020-02-21,96.4289188148
2020-02-24,93.1174589254
2020-02-25,90.2918120138
2020-02-26,90.7478813399
2020-02-27,86.8217193153
2020-02-28,88.4179619566
2020-03-02,91.9078837562
2020-03-03,89.3003569571
2020-03-04,93.494211847
2020-03-05,91.8087382506
2020-03-06,89.3301006088
2020-03-09,82.1321368972
2020-03-10,84.3728253253
2020-03-11,78.562898693
2020-03-12,70.1751889133
2020-03-13,74.5970784662
2020-03-16,65.3864609895
2020-03-17,67.7461240244
2020-03-18,65.7532993604
2020-03-19,69.540657677
2020-03-20,68.5293735192
2020-03-23,67.984073238
2020-03-24,73.595708859
2020-03-25,74.5970784662
2020-03-26,77.5615290858
2020-03-27,75.310926107
2020-03-30,77.3632380744
2020-03-31,76.778279591
2020-04-01,72.633997454
2020-04-02,75.2811824553
2020-04-03,74.2203255447
2020-04-06,79.7129865588
2020-04-07,78.1167439175
2020-04-08,81.1902545933
2020-04-09,82.7170953806
2020-04-13,82.5882062232
2020-04-14,85.889751562
2020-04-15,83.7680377407
2020-04-16,86.02855527
2020-04-17,90.767710441
2020-04-20,94.1485721844
2020-04-21,91.2832670705
2020-04-22,93.0282279703
2020-04-23,92.9786552175
2020-04-24,96.1810550506
2020-04-27,97.4699466243
2020-04-28,94.455923252
2020-04-29,94.981394432
2020-04-30,92.5919877454
2020-05-01,90.0538628002
2020-05-04,94.614556061
2020-05-05,96.6668680284
2020-05-06,97.1526810062
2020-05-07,97.3013992647
2020-05-08,98.7191799958
2020-05-11,103.4285915151
2020-05-12,101.1978176375
2020-05-13,99.1851638724
2020-05-14,98.2730252203
2020-05-15,101.7926906715
2020-05-18,104.7571412911
2020-05-19,101.7728615704
2020-05-20,104.7174830888
2020-05-21,103.8945753917
2020-05-22,105.1438087632
2020-05-26,102.6651711214
2020-05-27,102.6949147731
2020-05-28,101.6638015142
2020-05-29,102.675085672
2020-06-01,103.2203859532
2020-06-02,104.6480812348
2020-06-03,103.0518385936
2020-06-04,101.2077321881
2020-06-05,102.0306398851
2020-06-08,103.9144044929
2020-06-09,103.7359425827
2020-06-10,103.86483174
2020-06-11,98.1243069617
2020-06-12,99.3735403332
2020-06-15,102.1793581437
2020-06-16,103.7557716838
2020-06-17,103.8350880883
2020-06-18,104.9455177519
2020-06-19,107.919882922
2020-06-22,111.0893248061
2020-06-23,112.7948825912
2020-06-24,110.4844467544
2020-06-25,113.2113560039
2020-06-26,109.492843391
2020-06-29,109.4730113237
2020-06-30,111.009996537
2020-07-01,111.525630286
2020-07-02,111.9421036987
2020-07-06,111.9718517996
2020-07-07,114.0740509301
2020-07-08,115.7895247488
2020-07-09,115.1251504953
2020-07-10,113.9550585264
2020-07-13,111.009996537
2020-07-14,113.8360661228
2020-07-15,116.2555783296
2020-07-16,115.323471168
2020-07-17,117.7429833748
2020-07-20,119.3493808236
2020-07-21,116.870372415
2020-07-22,116.3051584978
2020-07-23,113.9550585264
2020-07-24,111.2876454788
2020-07-27,114.1732112664
2020-07-28,111.2578973779
2020-07-29,109.4531792564
2020-07-30,111.0199125707
2020-07-31,108.4119957248
2020-08-03,112.963455163
2020-08-04,112.6163939858
2020-08-05,113.4295087438
2020-08-06,112.854378793
2020-08-07,112.963455163
2020-08-10,112.9535391294
2020-08-11,108.461575893
2020-08-12,108.8086370702
2020-08-13,110.305958149
2020-08-14,109.274690651
2020-08-17,113.1022796339
2020-08-18,112.1106762705
2020-08-19,111.9222716314
2020-08-20,111.9024395641
2020-08-21,110.5241108889
2020-08-24,107.8864459422
2020-08-25,109.1854463483
2020-08-26,107.836865774
2020-08-27,106.9642548142
2020-08-28,107.8765299086
2020-08-31,110.8711720662
2020-09-01,108.6400644984
2020-09-02,109.7010800973
2020-09-03,105.6057582063
2020-09-04,104.4059181365
2020-09-08,102.9978413604
2020-09-09,105.2785290964
2020-09-10,103.632467513
2020-09-11,103.5630552776
2020-09-14,110.7025994944
2020-09-15,111.743783026
2020-09-16,114.1930433337
2020-09-17,114.0145547283
2020-09-18,115.2639749662
2020-09-21,111.1775447825
2020-09-22,111.8622944558
2020-09-23,108.3194591896
2020-09-24,107.2476770923
2020-09-25,109.9668279689
2020-09-28,110.0958387769
2020-09-29,110.8401319
2020-09-30,110.582110284
2020-10-01,111.9714574472
2020-10-02,109.520252095
2020-10-05,114.9287821232
2020-10-06,114.0157825588
2020-10-07,117.6677808164
2020-10-08,118.2433674983
2020-10-09,119.3349974123
2020-10-12,119.6327146616
2020-10-13,121.2701595325
2020-10-14,119.0273562547
2020-10-15,119.2556061458
2020-10-16,119.7021820197
2020-10-19,117.3899113838
2020-10-20,115.8318577793
2020-10-21,113.0829351778
2020-10-22,116.1494228452
2020-10-23,116.7349334354
2020-10-26,115.1669559226
2020-10-27,116.5364552692
2020-10-28,113.3310328855
2020-10-29,114.3333476247
2020-10-30,111.9119139974
2020-11-02,111.9019900891
2020-11-03,114.9387060315
2020-11-04,122.0144526557
2020-11-05,121.9052896643
2020-11-06,118.9578888966
2020-11-09,119.454084312
2020-11-10,121.0319857331
2020-11-11,122.7190501456
2020-11-12,122.7885175037
2020-11-13,124.0885494922
2020-11-16,124.6839839907
2020-11-17,125.7756139047
2020-11-18,123.3938759106
2020-11-19,124.1183212171
2020-11-20,125.0809403231
2020-11-23,125.5275161969
2020-11-24,125.1007881397
2020-11-25,125.8550051711
2020-11-27,130.4596986264
2020-11-30,132.1864586721
2020-12-01,131.9284370561
2020-12-02,131.8093501564
2020-12-03,132.7025019041
2020-12-04,135.1636311647
2020-12-07,136.4239675199
2020-12-08,139.0538032217
2020-12-09,136.235413262
2020-12-10,141.2668347746
2020-12-11,141.1874435081
2020-12-14,144.9386808488
2020-12-15,145.2066263731
2020-12-16,143.4203228776
2020-12-17,145.5341153473
2020-12-18,146.4272670951
2020-12-21,148.8844267923
2020-12-22,150.1561789865
2020-12-23,150.1661145505
2020-12-24,149.0433958166
2020-12-28,145.5162705906
2020-12-29,141.2539136274
2020-12-30,143.1516063546
2020-12-31,139.8728702291
2021-01-04,140.0417748174
2021-01-05,139.5449966165
2021-01-06,142.3965034893
2021-01-07,148.2485506953
2021-01-08,148.5764243078
2021-01-11,147.1059608333
2021-01-12,148.3876485915
2021-01-13,147.6126745982
2021-01-14,152.4413587104
2021-01-15,150.7523128275
2021-01-19,153.2262682677
2021-01-20,153.1368481915
2021-01-21,149.8084342459
2021-01-22,151.5769646409
2021-01-25,156.1274529606
2021-01-26,153.385237292
2021-01-27,151.3186399765
2021-01-28,150.6628927514
2021-01-29,151.8949026894
2021-02-01,158.5914728368
2021-02-02,162.1881470109
2021-02-03,160.0321296192
2021-02-04,161.7211755021
2021-02-05,165.7053366728
2021-02-08,172.868878329
2021-02-09,170.7526031934
2021-02-10,166.9274110469
2021-02-11,164.7614580912
2021-02-12,163.2611879247
2021-02-16,159.1279932937
2021-02-17,159.6843848786
2021-02-18,155.5313191196
2021-02-19,158.0450168159
2021-02-22,153.2958172158
2021-02-23,149.858112066
2021-02-24,152.1134850978
2021-02-25,145.9335642793
2021-02-26,147.0463474492
2021-03-01,150.6231504953
2021-03-02,145.9037575873
2021-03-03,139.0382828517
2021-03-04,134.5573434801
2021-03-05,137.8758218617
2021-03-08,134.0605652792
2021-03-09,140.2901639178
2021-03-10,140.5683597102
2021-03-11,146.0031132275
2021-03-12,145.5659484107
2021-03-15,147.2649298576
2021-03-16,144.9499434417
2021-03-17,146.5793759404
2021-03-18,139.5847388726
2021-03-19,144.1352271923
2021-03-22,146.2117600718
2021-03-23,137.6847283874
2021-03-24,130.6086834464
2021-03-25,134.3752860203
2021-03-26,132.2385589665
2021-03-29,128.5614007809
2021-03-30,129.3067706834
2021-03-31,134.8125696964
2021-04-01,136.184050317
2021-04-05,137.7741727757
2021-04-06,134.1665824476
2021-04-07,130.9366462035
2021-04-08,131.7515839636
2021-04-09,128.8297339458
2021-04-12,126.2656614813
2021-04-13,128.1141788394
2021-04-14,131.5031273294
2021-04-15,132.6559661119
2021-04-16,130.7378808962
2021-04-19,127.9253517975
2021-04-20,127.4980063867
2021-04-21,131.9503492709
2021-04-22,133.7094222408
2021-04-23,133.470903872
2021-04-26,138.1021355328
2021-04-27,138.489727882
2021-04-28,138.8276289045
2021-04-29,137.2076916498
2021-04-30,135.776581437
2021-05-03,134.1566441823
2021-05-04,129.0086227224
2021-05-05,126.8321426072
2021-05-06,124.9140573914
2021-05-07,126.9514017916
2021-05-10,122.3301083961
2021-05-11,124.3276997348
2021-05-12,123.3537497289
2021-05-13,121.7238742088
2021-05-14,126.1364640315
2021-05-17,125.8482543359
2021-05-18,126.394858931
2021-05-19,124.1786257543
2021-05-20,126.7824512803
2021-05-21,125.8880073973
2021-05-24,125.0631313719
2021-05-25,123.492885444
2021-05-26,126.176217093
2021-05-27,127.7961543477
2021-05-28,127.3091793447
2021-06-01,125.6693655593
2021-06-02,126.4544885232
2021-06-03,125.9774517856
2021-06-04,125.9774517856
2021-06-07,131.791337025
2021-06-08,132.6360895812
2021-06-09,133.878372752
2021-06-10,135.2498533726
2021-06-11,134.991458473
2021-06-14,135.8362110292
2021-06-15,132.6062747851
2021-06-16,132.7652870309
2021-06-17,133.5504099949
2021-06-18,132.7553487656
2021-06-21,133.9578788749
2021-06-22,132.8547314192
2021-06-23,133.4808421373
2021-06-24,136.4424452165
2021-06-25,137.8238641025
2021-06-28,136.9989880771
2021-06-29,134.9020140847
2021-06-30,134.5641130623
2021-07-01,137.6350370605
2021-07-02,135.6871370487
2021-07-06,132.7652870309
2021-07-07,130.5391155889
2021-07-08,131.0956584494
2021-07-09,132.9739906036
2021-07-12,131.0161523264
2021-07-13,128.8297339458
2021-07-14,125.1724522909
2021-07-15,125.1625140256
2021-07-16,125.1625140256
2021-07-19,125.3612793329
2021-07-20,128.2632528199
2021-07-21,129.4459063985
2021-07-22,127.179981895
2021-07-23,125.7289951515
2021-07-26,123.4531323825
2021-07-27,122.2207874771
2021-07-28,126.4942415847
2021-07-29,124.3972675924
2021-07-30,122.6481328879
2021-08-02,123.1649226869
2021-08-03,124.0494283045
2021-08-04,124.0295517738
2021-08-05,128.7402895575
2021-08-06,126.5041798501
2021-08-09,126.7426982189
2021-08-10,125.6991803554
2021-08-11,124.8842425953
2021-08-12,126.0072665817
2021-08-13,123.8506629972
2021-08-16,121.0381338985
2021-08-17,122.9363425835
2021-08-18,120.8592451219
2021-08-19,117.9572716349
2021-08-20,121.3760349209
2021-08-23,126.9514017916
2021-08-24,126.9613400569
2021-08-25,128.3626354736
2021-08-26,127.7862160823
2021-08-27,131.2149176338
2021-08-30,130.8173870191
2021-08-31,132.0199171285
2021-09-01,134.2460885706
2021-09-02,135.6871370487
2021-09-03,133.3615829529
2021-09-07,132.6460278465
2021-09-08,131.493189064
2021-09-09,132.0000405977
2021-09-10,130.9068314074
2021-09-13,130.270782424
2021-09-14,128.1936849624
2021-09-15,129.6247951751
2021-09-16,130.191276301
2021-09-17,132.0596701899
2021-09-20,127.9651048589
2021-09-21,129.4459063985
2021-09-22,129.8136222171
2021-09-23,132.2484972319
2021-09-24,129.5651655829
2021-09-27,131.0956584494
2021-09-28,126.9514017916
2021-09-29,124.8544277992
2021-09-30,124.9339339222
2021-10-01,125.391094129
2021-10-04,122.4593058459
2021-10-05,122.8369599298
2021-10-06,121.5350471668
2021-10-07,123.1450461562
2021-10-08,122.677947684
2021-10-11,123.304058402
2021-10-12,123.8407247318
2021-10-13,124.2382553465
2021-10-14,126.3153528081
2021-10-15,124.3078232041
2021-10-18,121.7139359434
2021-10-19,122.9164660528
2021-10-20,122.4990589074
2021-10-21,123.0754782986
2021-10-22,123.4133793211
2021-10-25,123.6220828938
2021-10-26,123.2444288098
2021-10-27,121.4654793092
2021-10-28,125.391094129
2021-10-29,124.0394900392
2021-11-01,128.7899808844
2021-11-02,130.4496712006
2021-11-03,133.3218298915
2021-11-04,132.387632947
2021-11-05,130.5093007928
2021-11-08,129.7043012981
2021-11-09,127.8359074092
2021-11-10,125.4109706597
2021-11-11,125.5302298441
2021-11-12,125.7588099476
2021-11-15,123.1251696255
2021-11-16,123.7413420782
2021-11-17,122.1710961503
2021-11-18,121.4654793092
2021-11-19,121.1673313483
2021-11-22,118.5436292915
2021-11-23,118.6430119452
2021-11-24,119.3088757247
2021-11-26,116.0590629499
2021-11-29,114.3397430415
2021-11-30,115.5522114162
2021-12-01,111.4377695545
2021-12-02,113.8627063039
2021-12-03,108.8538205592
2021-12-06,108.903511886
2021-12-07,114.3298047761
2021-12-08,115.9696185616
2021-12-09,111.0899302666
2021-12-10,109.2314746431
2021-12-13,110.1159802607
2021-12-14,108.0985123913
2021-12-15,112.6899909906
2021-12-16,109.6588200539
2021-12-17,114.896285902
2021-12-20,115.0751746786
2021-12-21,115.8602976425
2021-12-22,115.8006680503
2021-12-23,117.4901731627
2021-12-27,114.4590022259
2021-12-28,112.511102214
2021-12-29,112.0440037418
2021-12-30,112.5409170101
2021-12-31,111.2688190432
2022-01-03,114.7273353908
2022-01-04,110.6725231212
2022-01-05,104.5803664516
2022-01-06,104.5505516555
2022-01-07,102.3541950095
2022-01-10,102.50326899
2022-01-11,103.2486388925
2022-01-12,99.9789495869
2022-01-13,97.4943832453
2022-01-14,99.8696286679
2022-01-18,93.9364842441
2022-01-19,92.9227811767
2022-01-20,91.4022265756
2022-01-21,89.4742030945
2022-01-24,91.5413622907
2022-01-25,90.815868919
2022-01-26,89.0369194184
2022-01-27,84.9821071489
2022-01-28,88.0331546164
2022-01-31,92.8532133191
2022-02-01,94.3538913895
2022-02-02,91.2829673912
2022-02-03,88.8878454379
2022-02-04,90.2295112624
2022-02-07,92.6743245425
2022-02-08,92.3662383162
2022-02-09,96.6595689545
2022-02-10,93.7774719982
2022-02-11,92.7737071962
2022-02-14,91.2432143297
2022-02-15,95.0495699651
2022-02-16,94.0656816938
2022-02-17,90.0506224858
2022-02-18,88.8381541111
2022-02-22,88.13253727
2022-02-23,84.5746382688
2022-02-24,88.4505617618
2022-02-25,89.2456229911
2022-02-28,89.2754377872
2022-03-01,88.5400061501
2022-03-02,88.7685862535
2022-03-03,86.1150694006
2022-03-04,83.3820464249
2022-03-07,83.2429107097
2022-03-08,83.7994535702
2022-03-09,87.8940189012
2022-03-10,87.4368586944
2022-03-11,84.0876632659
2022-03-14,80.5695173261
2022-03-15,81.7521709048
2022-03-16,85.6579091938
2022-03-17,89.0071046223
2022-03-18,91.5910536176
2022-03-21,88.4704382925
2022-03-22,91.6407449444
2022-03-23,89.3052525833
2022-03-24,91.2034612683
2022-03-25,89.0667342145
2022-03-28,89.1561786028
2022-03-29,92.9724725035
2022-03-30,90.1201903433
2022-03-31,89.325129114
2022-04-01,92.6842628079
2022-04-04,95.4967919066
2022-04-05,92.6743245425
2022-04-06,92.7538306655
2022-04-07,91.8593867825
2022-04-08,89.7822893209
2022-04-11,86.7809331802
2022-04-12,86.611982669
2022-04-13,89.8518571784
2022-04-14,87.2281551217
2022-04-18,83.0739601985
2022-04-19,84.0777250005
2022-04-20,84.2665520425
2022-04-21,80.6589617144
2022-04-22,79.3471106861
2022-04-25,81.0664305945
2022-04-26,76.2165570956
2022-04-27,75.4513106624
2022-04-28,75.7196438273
2022-04-29,73.3742132008
2022-05-02,76.3060014839
2022-05-03,76.3755693415
2022-05-04,78.0948892499
2022-05-05,73.3940897315
2022-05-06,69.6970550152
2022-05-09,63.9726141641
2022-05-10,67.2820565311
2022-05-11,62.4222447669
2022-05-12,64.5092804939
2022-05-13,68.1765004141
2022-05-16,68.037364699
2022-05-17,71.0188443089
2022-05-18,67.4510070424
2022-05-19,68.9715616434
2022-05-20,69.8958203225
2022-05-23,69.7069932806
2022-05-24,66.9839085701
2022-05-25,67.3118713272
2022-05-26,68.0473029644
2022-05-27,70.6511284904
2022-05-31,68.3553891907
2022-06-01,67.1131060199
2022-06-02,68.3454509254
2022-06-03,70.7703876748
2022-06-06,68.7529198054
2022-06-07,72.1518065607
2022-06-08,72.7580407481
2022-06-09,69.826252465
2022-06-10,66.6161927516
2022-06-13,62.9290963006
2022-06-14,63.0284789543
2022-06-15,65.2745269271
2022-06-16,63.5750835494
2022-06-17,67.1926121428
2022-06-21,69.5976723615
2022-06-22,71.346807066
2022-06-23,75.7593968888
2022-06-24,76.5842729142
2022-06-27,76.3258780146
2022-06-28,73.6027933042
2022-06-29,74.3382249413
2022-06-30,73.8114968769
2022-07-01,76.0674831151
2022-07-05,80.4900112032
2022-07-06,80.5098877339
2022-07-07,82.9447627487
2022-07-08,83.9087744893
2022-07-11,80.1918632422
2022-07-12,81.3645785555
2022-07-13,82.7261209107
2022-07-14,80.8179739603
2022-07-15,81.8614918238
2022-07-18,79.2477280324
2022-07-19,82.8255035643
2022-07-20,83.9982188776
2022-07-21,83.6801943859
2022-07-22,80.1819249768
2022-07-25,80.4403198764
2022-07-26,80.7980974296
2022-07-27,82.8851331565
2022-07-28,81.9906892735
2022-07-29,80.6291469183
2022-08-01,78.9793948675
2022-08-02,80.4800729378
2022-08-03,83.5410586707
2022-08-04,88.1623520661
2022-08-05,91.7301893327
2022-08-08,93.310373526
2022-08-09,90.1897582009
2022-08-10,93.1712378108
2022-08-11,90.219572997
2022-08-12,93.2010526069
2022-08-15,94.314138328
2022-08-16,91.819633721
2022-08-17,89.0170428877
2022-08-18,88.321364312
2022-08-19,86.7312418534
2022-08-22,85.3995142943
2022-08-23,87.2380933871
2022-08-24,89.0766724799
2022-08-25,88.8182775803
2022-08-26,84.5150086766
2022-08-29,83.4416760171
2022-08-30,82.5869851955
2022-08-31,83.1832811175
2022-09-01,84.9920454142
2022-09-02,83.2130959136
2022-09-06,80.837850491
2022-09-07,84.2665520425
2022-09-08,86.8803158339
2022-09-09,87.4666734905
2022-09-12,88.13253727
2022-09-13,83.6205647937
2022-09-14,84.5647000035
2022-09-15,85.6678474591
2022-09-16,82.7559357068
2022-09-19,81.7223561087
2022-09-20,81.4838377399
2022-09-21,78.641493845
2022-09-22,77.6079142469
2022-09-23,76.1768040342
2022-09-26,74.5966198409
2022-09-27,76.74328516
2022-09-28,80.6987147759
2022-09-29,78.3731606801
2022-09-30,78.830320887
2022-10-03,79.4862464012
2022-10-04,82.4876025419
2022-10-05,82.1596397848
2022-10-06,82.1596397848
2022-10-07,78.6116790489
2022-10-10,77.1706305708
2022-10-11,77.7868030235
2022-10-12,78.2141484343
2022-10-13,79.5756907895
2022-10-14,77.339581082
2022-10-17,80.2018015076
2022-10-18,80.5794555915
2022-10-19,76.633964241
2022-10-20,76.2463718917
2022-10-21,78.3532841494
2022-10-24,77.9955065962
2022-10-25,80.0825423232
2022-10-26,81.4142698823
2022-10-27,80.4105050803
2022-10-28,83.2429107097
2022-10-31,81.6428499857
2022-11-01,82.3087137653
2022-11-02,80.6788382452
2022-11-03,80.13223365
2022-11-04,79.4663698705
2022-11-07,78.6315555797
2022-11-08,79.3669872168
2022-11-09,76.7234086293
2022-11-10,82.6068617263
2022-11-11,84.2367372464
2022-11-14,83.5509969361
2022-11-15,83.332355098
2022-11-16,80.9869244715
2022-11-17,80.0427892617
2022-11-18,80.5098877339
2022-11-21,79.3769254822
2022-11-22,80.4701346725
2022-11-23,80.4999494686
2022-11-25,80.5595790608
2022-11-28,79.1582836441
2022-11-29,79.4862464012
2022-11-30,83.1037749946
2022-12-01,82.5770469302
2022-12-02,85.1311811294
2022-12-05,82.3683433575
2022-12-06,80.0924805885
2022-12-07,80.5893938569
2022-12-08,81.0763688598
2022-12-09,79.0390244597
2022-12-12,81.026677533
2022-12-13,82.3087137653
2022-12-14,82.5770469302
2022-12-15,80.1918632422
2022-12-16,80.4601964071
2022-12-19,78.8104443563
2022-12-20,80.2813076305
2022-12-21,82.0701953965
2022-12-22,82.3087137653
2022-12-23,80.3806902842
2022-12-27,78.0551361884
2022-12-28,78.343345884
2022-12-29,81.7621091701
2022-12-30,82.4876025419
2023-01-03,81.026677533
2023-01-04,82.7261209107
2023-01-05,82.0105658043
2023-01-06,82.6466147877
2023-01-09,80.7682826335
2023-01-10,83.0640219331
2023-01-11,83.8590831624
2023-01-12,87.3772291022
2023-01-13,87.3374760407
2023-01-17,86.3237729733
2023-01-18,85.2504403138
2023-01-19,84.3659346961
2023-01-20,86.4529704231
2023-01-23,86.6219209343
2023-01-24,88.2716729852
2023-01-25,88.3511791081
2023-01-26,88.0430928817
2023-01-27,88.8381541111
2023-01-30,86.5622913421
2023-01-31,88.3511791081
2023-02-01,89.1859933989
2023-02-02,91.4022265756
2023-02-03,89.8319806477
2023-02-06,89.1462403374
2023-02-07,89.7624127901
2023-02-08,86.6517357304
2023-02-09,85.5585265401
2023-02-10,85.0914280679
2023-02-13,85.0317984757
2023-02-14,85.3498229674
2023-02-15,85.528711744
2023-02-16,84.2466755117
2023-02-17,86.2641433811
2023-02-21,82.2590224384
2023-02-22,83.11371326
2023-02-23,82.9547010141
2023-02-24,80.9670479408
2023-02-27,81.622973455
2023-02-28,82.3385285614
2023-03-01,82.5869851955
2023-03-02,81.9111831506
2023-03-03,83.0739601985
2023-03-06,81.6627265165
2023-03-07,81.5633438628
2023-03-08,80.728529572
2023-03-09,78.2439632304
2023-03-10,75.1929157629
2023-03-13,77.3793341435
2023-03-14,78.5421111914
2023-03-15,77.5681611855
2023-03-16,77.7470499621
2023-03-17,76.0277300537
2023-03-20,76.3060014839
2023-03-21,75.5506933161
2023-03-22,72.6785346251
2023-03-23,73.2648922818
2023-03-24,73.731990754
2023-03-27,74.4872989218
2023-03-28,73.9903856535
2023-03-29,75.8488412771
2023-03-30,74.2090274916
2023-03-31,75.739520358
2023-04-03,76.5842729142
2023-04-04,75.1034713746
2023-04-05,74.9146443326
2023-04-06,76.3954458722
2023-04-10,75.6798907658
2023-04-11,76.4053841376
2023-04-12,75.5805081122
2023-04-13,78.939641806
2023-04-14,77.7072969006
2023-04-17,81.324825494
2023-04-18,80.8279122257
2023-04-19,81.841615293
2023-04-20,80.1222953846
2023-04-21,81.7621091701
2023-04-24,80.7185913066
2023-04-25,79.5160611973
2023-04-26,78.8601356831
2023-04-27,78.3135310879
2023-04-28,79.7048882393
2023-05-01,81.5633438628
2023-05-02,79.237789767
2023-05-03,82.6963061146
2023-05-04,83.4615525478
2023-05-05,84.8529096991
2023-05-08,84.4752556152
2023-05-09,85.3796377635
2023-05-10,86.7411801187
2023-05-11,85.4790204172
2023-05-12,84.9026010259
2023-05-15,87.0095132836
2023-05-16,84.5050704113
2023-05-17,85.2106872523
2023-05-18,84.2069224503
2023-05-19,84.8429714337
2023-05-22,86.9300071607
2023-05-23,86.9498836914
2023-05-24,85.2603785791
2023-05-25,83.034207137
2023-05-26,83.7895153049
2023-05-30,82.626738257
2023-05-31,83.4019229556
2023-06-01,84.5547617381
2023-06-02,85.8964275626
2023-06-05,86.1746989928
2023-06-06,87.5759944095
2023-06-07,87.6654387978
2023-06-08,87.5759944095
2023-06-09,87.1188342027
2023-06-12,88.0629694125
2023-06-13,89.6729684018
2023-06-14,88.3412408427
2023-06-15,88.6393888037
2023-06-16,87.128772468
2023-06-20,87.1015614974
2023-06-21,86.6245104988
2023-06-22,86.058012438
2023-06-23,84.5970437547
2023-06-26,82.6590240728
2023-06-27,82.4105600111
2023-06-28,83.464047633
2023-06-29,82.1124031369
2023-06-30,82.6888397602
2023-07-03,82.430437136
2023-07-05,82.5000070733
2023-07-06,81.2179325145
2023-07-07,81.2775638893
2023-07-10,83.7125116948
2023-07-11,83.3149691959
2023-07-12,84.2591326307
2023-07-13,84.159747006
2023-07-14,83.9013443817
2023-07-17,85.2331117529
2023-07-18,85.0542176284
2023-07-19,85.2331117529
2023-07-20,83.8118973195
2023-07-21,84.4479653176
2023-07-24,82.9074881346
2023-07-25,82.6490855104
2023-07-26,82.5397613232
2023-07-27,81.2676253269
2023-07-28,83.295092071
2023-07-31,83.7721430696
2023-08-01,82.788225385
2023-08-02,81.5558436385
2023-08-03,80.7706972033
2023-08-04,80.7210043909
2023-08-07,78.2065480857
2023-08-08,78.8426160839
2023-08-09,78.7730461466
2023-08-10,79.4488683946
2023-08-11,79.3792984573
2023-08-14,79.5383154569
2023-08-15,79.329605645
2023-08-16,77.600295775
2023-08-17,76.4772382158
2023-08-18,77.0536748391
2023-08-21,77.9083912116
2023-08-22,77.8885140867
2023-08-23,78.3755036478
2023-08-24,77.3418931507
2023-08-25,78.2065480857
2023-08-28,78.445073585
2023-08-29,78.802861834
2023-08-30,79.1904657704
2023-08-31,78.7134147718
2023-09-01,80.6315573287
2023-09-05,79.160650083
2023-09-06,79.3991755823
2023-09-07,78.276118023
2023-09-08,78.1667938359
2023-09-11,78.3456879603
2023-09-12,78.6438448345
2023-09-13,77.8090055869
2023-09-14,77.7294970871
2023-09-15,76.6362552153
2023-09-18,75.4833819686
2023-09-19,75.5231362185
2023-09-20,73.8832734108
2023-09-21,73.2472054126
2023-09-22,72.5117517898
2023-09-25,71.4383870429
2023-09-26,72.7602158515
2023-09-27,73.5354237243
2023-09-28,73.3167753499
2023-09-29,72.5713831646
2023-10-02,70.2159438589
2023-10-03,70.1165582342
2023-10-04,69.4506745486
2023-10-05,71.7067282296
2023-10-06,71.7862367294
2023-10-09,71.2197386685
2023-10-10,71.6570354172
2023-10-11,70.8818275445
2023-10-12,68.297801302
2023-10-13,69.1723947994
2023-10-16,69.7786471102
2023-10-17,69.8680941724
2023-10-18,68.0692143651
2023-10-19,66.6778156192
2023-10-20,66.5088600572
2023-10-23,65.0578299364
2023-10-24,66.6778156192
2023-10-25,65.0975841862
2023-10-26,65.7734064343
2023-10-27,63.7260625652
2023-10-30,64.7894887496
2023-10-31,65.8230992466
2023-11-01,67.1846823052
2023-11-02,67.8406274283
2023-11-03,71.0209674191
2023-11-06,69.4506745486
2023-11-07,71.0805987939
2023-11-08,69.0034392374
2023-11-09,66.1808874956
2023-11-10,66.5386757446
2023-11-13,66.8666483061
2023-11-14,70.4743464832
2023-11-15,70.6631791701
2023-11-16,69.6991386104
2023-11-17,72.2135949156
2023-11-20,73.0384956007
2023-11-21,71.5576497925
2023-11-22,72.3527347902
2023-11-24,73.2074511627
2023-11-27,72.7800929765
2023-11-28,72.5813217271
2023-11-29,73.3962838497
2023-11-30,75.0560237824
2023-12-01,77.3518317132
2023-12-04,78.7034762093
2023-12-05,78.3158722729
2023-12-06,79.0513258958
2023-12-07,80.025305018
2023-12-08,78.8326775214
2023-12-11,78.3755036478
2023-12-12,79.5880082692
2023-12-13,83.4342319456
2023-12-14,84.9548320037
2023-12-15,85.193357503
2023-12-18,83.85550475
2023-12-19,85.9827069805
2023-12-20,82.1656712024
2023-12-21,84.1636508675
2023-12-22,87.0960090825
2023-12-26,88.9250053928
2023-12-27,90.2868124282
2023-12-28,90.3166330203
2023-12-29,88.7560220381
2024-01-02,89.6904005879
2024-01-03,87.6725405281
2024-01-04,88.9150651955
2024-01-05,88.7659622354
2024-01-08,92.861323539
2024-01-09,93.0402470911
2024-01-10,91.9766459758
2024-01-11,89.928965324
2024-01-12,89.8792643373
2024-01-16,88.5273974993
2024-01-17,87.8117032909
2024-01-18,86.5393580315
2024-01-19,86.5294178342
2024-01-22,88.4776965126
2024-01-23,88.696380854
2024-01-24,87.1954110559
2024-01-25,87.9707464483
2024-01-26,87.7123013175
2024-01-29,90.2569918362
2024-01-30,88.2391317764
2024-01-31,86.9071453331
2024-02-01,88.4379357232
2024-02-02,87.4439159893
2024-02-05,87.8812846723
2024-02-06,89.223211313
2024-02-07,87.5433179627
2024-02-08,88.6864406567
2024-02-09,90.4955565724
2024-02-12,92.5432372241
2024-02-13,88.1894307898
2024-02-14,90.5949585457
2024-02-15,92.7122205789
2024-02-16,92.5929382108
2024-02-20,91.8275430158
2024-02-21,91.9170047918
2024-02-22,93.5869579447
2024-02-23,94.183369785
2024-02-26,96.7578808958
2024-02-27,102.2746904188
2024-02-28,100.9228235807
2024-02-29,97.8314222084
2024-03-01,100.9228235807
2024-03-04,100.1276077936
2024-03-05,98.8652027316
2024-03-06,99.521255756
2024-03-07,98.1992095099
2024-03-08,98.3582526673
2024-03-11,96.2509308315
2024-03-12,95.6246983992
2024-03-13,96.5193161597
2024-03-14,93.8851638649
2024-03-15,94.1436089957
2024-03-18,92.3941342641
2024-03-19,93.2887520246
2024-03-20,94.5909178759
2024-03-21,94.6306786653
2024-03-22,93.0004863017
2024-03-25,92.1158087386
2024-03-26,92.1356891333
2024-03-27,94.3424129425
2024-03-28,94.3225325478
2024-04-01,93.2887520246
2024-04-02,90.1377094682
2024-04-03,90.4955565724
2024-04-04,88.9548259848
2024-04-05,89.6406996012
2024-04-08,89.8593839427
2024-04-09,91.0919684127
2024-04-10,89.4120750624
2024-04-11,90.7341213085
2024-04-12,87.6228395414
2024-04-15,85.8336040205
2024-04-16,85.0980294174
2024-04-17,84.1437704729
2024-04-18,82.9807673842
2024-04-19,82.3346545572
2024-04-22,83.2491527124
2024-04-23,84.1835312622
2024-04-24,83.4380164618
2024-04-25,81.7283025195
2024-04-26,82.9907075816
2024-04-29,85.0085676413
2024-04-30,84.1139498809
2024-05-01,86.8077433597
2024-05-02,87.8117032909
2024-05-03,89.4418956544
2024-05-06,90.0383074948
2024-05-07,89.8892045347
2024-05-08,88.577098486
2024-05-09,88.4478759206
2024-05-10,87.6128993441
2024-05-13,89.3424936811
2024-05-14,90.2371114415
2024-05-15,92.0561675545
2024-05-16,92.0362871599
2024-05-17,90.6347193351
2024-05-20,91.718200845
2024-05-21,91.0223870313
2024-05-22,91.6187988716
2024-05-23,88.7858426301
2024-05-24,88.2987729605
2024-05-28,88.5969788806
2024-05-29,86.9568463197
2024-05-30,88.4279955259
2024-05-31,88.5969788806
2024-06-03,90.8732840712
2024-06-04,90.6247791378
2024-06-05,93.5571373527
2024-06-06,92.2649116987
2024-06-07,90.8434634792
2024-06-10,91.4398753195
2024-06-11,91.9070645945
2024-06-12,93.2589314325
2024-06-13,93.2589314325
2024-06-14,91.2013105834
2024-06-17,90.0482476921
2024-06-18,89.163570129
2024-06-20,89.3524338784
2024-06-21,91.8275430158
2024-06-24,93.2935054269
2024-06-25,92.636649084
2024-06-26,91.750888258
2024-06-27,92.4176969697
2024-06-28,92.2684114373
2024-07-01,92.5968396087
2024-07-02,90.924841645
2024-07-03,90.4371755723
2024-07-05,91.2731745541
2024-07-08,92.7859346165
2024-07-09,93.9205046633
2024-07-10,95.0252176036
2024-07-11,97.4934050738
2024-07-12,98.488641957
2024-07-15,99.4241646272
2024-07-16,101.3648765493
2024-07-17,99.3246409388
2024-07-18,97.0754055829
2024-07-19,97.0455484764
2024-07-22,98.4189753752
2024-07-23,99.2848314635
2024-07-24,98.5682609076
2024-07-25,100.499020461
2024-07-26,101.0563531155
2024-07-29,99.7924022739
2024-07-30,98.5184990635
2024-07-31,98.5881656453
2024-08-01,98.2000232609
2024-08-02,96.0105021179
2024-08-05,92.9849819931
2024-08-06,93.9901712451
2024-08-07,91.9200785282
2024-08-08,94.5475038997
2024-08-09,95.0849318166
2024-08-12,95.3536457751
2024-08-13,96.4882158218
2024-08-14,95.6323121023
2024-08-15,97.244595853
2024-08-16,97.304310066
2024-08-19,100.3696396662
2024-08-20,100.3497349285
2024-08-21,101.3350194428
2024-08-22,99.6630214791
2024-08-23,101.026496009
2024-08-26,101.2155910168
2024-08-27,100.5885917804
2024-08-28,100.0611162324
2024-08-29,100.4293538791
2024-08-30,100.7776867882
2024-09-03,98.190070892
2024-09-04,98.0507377284
2024-09-05,97.6128334998
2024-09-06,96.0602639621
2024-09-09,97.423738492
2024-09-10,97.6327382375
2024-09-11,98.428927744
2024-09-12,98.5881656453
2024-09-13,100.7279249441
2024-09-16,100.7975915259
2024-09-17,100.4691633545
2024-09-18,100.3298301908
2024-09-19,101.9421139415
2024-09-20,101.1260196974
2024-09-23,98.7327019074
2024-09-24,98.2549148632
2024-09-25,97.2993407747
2024-09-26,97.7373122319
2024-09-27,97.976205754
2024-09-30,98.3444999339
2024-10-01,97.5183265033
2024-10-02,97.6377732644
2024-10-03,96.194458235
2024-10-04,97.0604472526
2024-10-07,95.8858874356
2024-10-08,96.6523374857
2024-10-09,95.8659796421
2024-10-10,95.7763945713
2024-10-11,98.2250531729
2024-10-14,98.6132551463
2024-10-15,98.8521486684
2024-10-16,99.7878149633
2024-10-17,98.8421947717
2024-10-18,99.3697512997
2024-10-21,97.6974966449
2024-10-22,97.816943406
2024-10-23,96.2243199253
2024-10-24,96.801645937
2024-10-25,96.7021069695
2024-10-28,98.0359291346
2024-10-29,98.1056064118
2024-10-30,97.9662518573
2024-10-31,96.5826602084
2024-11-01,98.8123330814
2024-11-04,98.7625635976
2024-11-05,100.1561091433
2024-11-06,101.9677183526
2024-11-07,102.5350904676
2024-11-08,103.6996963878
2024-11-11,103.0526930988
2024-11-12,100.046616279
2024-11-13,99.5489214412
2024-11-14,96.5129829311
2024-11-15,91.4066338961
2024-11-18,91.5360345539
2024-11-19,92.7404560612
2024-11-20,93.5765833886
2024-11-21,93.8652463944
2024-11-22,95.7963023648
2024-11-25,97.1798940137
2024-11-26,98.3942694177
2024-11-27,99.5389675445
2024-11-29,99.1607194678
2024-12-02,98.8521486684
2024-12-03,97.2396173942
2024-12-04,98.3345460372
2024-12-05,96.881277111
2024-12-06,98.6829324236
2024-12-09,97.7870817157
2024-12-10,96.9708621818
2024-12-11,96.5229368279
2024-12-12,93.7657074269
2024-12-13,92.9693956865
2024-12-16,94.3231256452
2024-12-17,94.1539094003
2024-12-18,89.5153935128
2024-12-19,89.3959467517
2024-12-20,90.8591695746
2024-12-23,91.4690318887
2024-12-24,91.5586195791
2024-12-26,92.2255501631
2024-12-27,90.9315057463
2024-12-30,89.4781943245
2024-12-31,89.6474155174
2025-01-02,91.1106811271
2025-01-03,91.9866496554
2025-01-06,91.787565899
2025-01-07,92.4445422952
2025-01-08,91.8871077772
2025-01-10,89.0302558725
2025-01-13,88.72167605
2025-01-14,86.2629916582
2025-01-15,88.1443331564
2025-01-16,87.4873567602
2025-01-17,87.5669902628
2025-01-21,90.0953539694
2025-01-22,90.7921471168
2025-01-23,92.5540383612
2025-01-24,92.0364205945
2025-01-27,92.1857334118
2025-01-28,92.7531221176
2025-01-29,92.1558708483
2025-01-30,93.1114728792
2025-01-31,92.2454585387
2025-02-03,91.0011850611
2025-02-04,92.1459166605
2025-02-05,94.2661586664
2025-02-06,92.9422516862
2025-02-07,90.8220096803
2025-02-10,89.9261327764
2025-02-11,88.6420425475
2025-02-12,89.557827827
2025-02-13,90.3541628527
2025-02-14,90.9912308733
2025-02-18,90.9115973707
2025-02-19,92.1060999092
2025-02-20,92.2952294778
2025-02-21,91.2799023201
2025-02-24,89.6971864565
2025-02-25,88.2836917859
2025-02-26,87.8457075218
2025-02-27,86.7009759223
2025-02-28,88.3036001616
2025-03-03,85.2078477492
2025-03-04,85.7354197037
2025-03-05,87.4176774455
2025-03-06,86.6611591711
2025-03-07,86.9000596788
2025-03-10,85.8449157697
2025-03-11,85.775236455
2025-03-12,86.7507468615
2025-03-13,85.5761526986
2025-03-14,86.7308384858
2025-03-17,87.8855242731
2025-03-18,85.775236455
2025-03-19,87.0593266839
2025-03-20,86.1933123435
2025-03-21,86.720884298
2025-03-24,88.4183221762
2025-03-25,86.686191118
2025-03-26,84.6952358787
2025-03-27,85.1432008076
2025-03-28,84.0183110974
2025-03-31,80.7332349526
2025-04-01,77.8065307509
2025-04-02,80.2255413666
2025-04-03,77.7866211985
2025-04-04,73.3268814625
2025-04-07,72.6599114573
2025-04-08,69.4843378507
2025-04-09,74.5413641584
2025-04-10,71.2861523422
2025-04-11,73.9938514676
2025-04-14,76.193857007
2025-04-15,76.193857007
2025-04-16,74.7902335634
2025-04-17,75.5866156591
2025-04-21,75.1685150588
2025-04-22,77.2888823886
2025-04-23,78.7422797133
2025-04-24,80.5241846525
2025-04-25,79.8870789759
2025-04-28,81.0020139099
2025-04-29,81.5097074959
2025-04-30,82.5748685489
2025-05-01,82.1269036201
2025-05-02,83.1223812397
2025-05-05,82.276225263
2025-05-06,76.8210079074
2025-05-07,77.000193879
2025-05-08,77.6870734365
2025-05-09,76.0445353641
2025-05-12,79.0906968802
2025-05-13,77.1992894029
2025-05-14,76.0246258117
2025-05-15,77.2291537315
2025-05-16,78.6626415037
2025-05-19,79.3594758375
2025-05-20,81.0318782385
2025-05-21,78.9712395658
2025-05-22,78.8916013563
2025-05-23,78.6825510561
2025-05-27,78.9413752372
2025-05-28,78.4137720988
2025-05-29,80.096129276
2025-05-30,78.8318726991
2025-06-02,80.8726018193
2025-06-03,81.9676272009
2025-06-04,82.1069940677
2025-06-05,82.1866322773
2025-06-06,83.8789442306
2025-06-09,83.8888990068
2025-06-10,84.8943314027
2025-06-11,83.9884467688
2025-06-12,83.9784919926
2025-06-13,83.2219290017
2025-06-16,82.9929691492
2025-06-17,81.7287125722
2025-06-18,82.2861800392
2025-06-20,82.0074463057
2025-06-23,81.9052057768
2025-06-24,83.4483329064
2025-06-25,82.9007716669
2025-06-26,83.3089536818
2025-06-27,82.6419245355
2025-06-30,82.5622792643
2025-07-01,82.7116141478
2025-07-02,84.4140318198
2025-07-03,84.8620364703
2025-07-07,83.2093970928
2025-07-08,84.3343865486
2025-07-09,87.4803747612
2025-07-10,87.9881133652
2025-07-11,86.6341437547
2025-07-14,87.8786011173
2025-07-15,85.5290656167
2025-07-16,87.4305964667
2025-07-17,87.7292662338
2025-07-18,85.8874693371
2025-07-21,85.4892429811
2025-07-22,86.3454296466
2025-07-23,87.8288228228
2025-07-24,87.102059723
2025-07-25,87.2215276298
2025-07-28,86.1861391041
2025-07-29,85.4593760044
2025-07-30,85.8576023604
2025-07-31,85.2801741442
2025-08-01,85.5489769345
2025-08-04,86.4350305767
2025-08-05,86.4648975534
2025-08-06,85.7480901125
2025-08-07,84.9416817415
2025-08-08,85.0511939895
2025-08-11,84.7823911991
2025-08-12,86.5345871657
2025-08-13,89.1230584799
2025-08-14,89.1728367744
2025-08-15,90.2779149124
2025-08-18,89.809998944
2025-08-19,88.406251039
2025-08-20,88.8243887129
2025-08-21,89.5212848359
2025-08-22,90.516850726
2025-08-25,88.3962953801
2025-08-26,89.5013735181
2025-08-27,89.8896442152
2025-08-28,89.8896442152
2025-08-29,89.4515952236
2025-09-02,92.4681598705
2025-09-03,93.2347456059
2025-09-04,93.0555437457
2025-09-05,95.0466755258
2025-09-08,94.0112870002
2025-09-09,94.5588482397
2025-09-10,93.4836370784
2025-09-11,95.2756556806
2025-09-12,93.7026615742
2025-09-15,93.0157211101
2025-09-16,93.324346536
2025-09-17,93.3542135127
2025-09-18,96.2513102528
2025-09-19,95.1760990916
2025-09-22,96.8950929357
2025-09-23,96.3672984932
2025-09-24,97.0345103356
2025-09-25,95.4610853938
2025-09-26,97.5423880067
2025-09-29,98.9863539343
2025-09-30,99.7830247909
2025-10-01,100.9680726901
2025-10-02,102.163078975
2025-10-03,103.1688759315
2025-10-06,103.2087094743
2025-10-07,103.2485430172
2025-10-08,105.0012189017
2025-10-09,106.0767245581
2025-10-10,104.5530915449
2025-10-13,104.8319263447
2025-10-14,104.6825505591
2025-10-15,107.9190259141
2025-10-16,107.4609401715
2025-10-17,107.3513979287
2025-10-20,109.7115353414
2025-10-21,109.1040738133
2025-10-22,106.8733954147
2025-10-23,107.1123966717
2025-10-24,107.9389426855
2025-10-27,111.1256261119
2025-10-28,111.5339199259
2025-10-29,110.4982478123
2025-10-30,111.4442944546
2025-10-31,112.2409653112
2025-11-03,109.4028253845
2025-11-04,107.5903991857
2025-11-05,108.7555303135
2025-11-06,108.8351973992
2025-11-07,108.5065706708
2025-11-10,109.6318682558
2025-11-11,113.5355554532
2025-11-12,113.6351393103
2025-11-13,111.4442944546
2025-11-14,113.5355554532
2025-11-17,114.3521430812
2025-11-18,114.700686581
2025-11-19,114.0235163529
2025-11-20,113.3563045104
2025-11-21,116.16456928
2025-11-24,119.0823762924
2025-11-25,120.864927334
2025-11-26,122.3387684188
2025-11-28,122.6474783757
2025-12-01,119.3512527065
2025-12-02,117.9670370931
2025-12-03,121.3230130766
2025-12-04,122.7371038471
2025-12-05,122.8964380184
2025-12-08,123.1453976611
2025-12-09,120.6856763913
2025-12-10,121.5420975622
2025-12-11,122.5080609758
2025-12-12,122.6176032186
2025-12-15,122.3288100331
2025-12-16,121.5022640193
2025-12-17,120.4367167486
2025-12-18,119.5105868778
2025-12-19,122.9163547898
2025-12-22,125.790906558
2025-12-23,124.7718713369
2025-12-24,126.180537672
2025-12-26,124.8617862093
2025-12-29,123.2732901294
2025-12-30,121.5549170115
2025-12-31,121.8146710874
2026-01-02,121.4050588907
2026-01-05,120.0363547212
2026-01-06,121.9745197496
2026-01-07,126.3104147099
2026-01-08,123.5929874537
2026-01-09,124.3822402229
2026-01-12,123.8127793641
2026-01-13,123.732855033
2026-01-14,126.7000458239
2026-01-15,124.2323821022
2026-01-16,124.0625428987
2026-01-20,125.1714929922
2026-01-21,128.058759452
2026-01-22,131.445552981
2026-01-23,127.9188918727
2026-01-26,127.7390621278
2026-01-27,128.4084284004
2026-01-28,125.8208781821
2026-01-29,126.6201214928
2026-01-30,124.6320037575
2026-02-02,127.2295445172
2026-02-03,127.5292607587
2026-02-04,125.1714929922
2026-02-05,120.60581558
2026-02-06,125.3912849027
2026-02-09,125.9907173857
2026-02-10,125.2214456991
2026-02-11,124.5320983437
2026-02-12,123.0634887603
2026-02-13,122.7437914361
2026-02-17,124.5121172609
2026-02-18,125.4811997751
2026-02-19,126.6201214928
2026-02-20,124.6619753817
2026-02-23,126.8499039446
2026-02-24,129.0378325076
2026-02-25,128.1586648659
2026-02-26,127.5492418415
2026-02-27,127.2495256
2026-03-02,126.4303012065
2026-03-03,123.3831860846
2026-03-04,126.3004241686
2026-03-05,123.7828077399
2026-03-06,123.8827131538
2026-03-09,126.9997620654
2026-03-10,127.3094688483
2026-03-11,126.260462003
2026-03-12,122.5040184429
2026-03-13,121.7147656736
2026-03-16,123.7927982813
2026-03-17,124.0725334401
2026-03-18,120.995446694
2026-03-19,122.2142927428
2026-03-20,120.1962033833
2026-03-23,121.5848886356
2026-03-24,119.4269316968
2026-03-25,123.8027888227
2026-03-26,123.7828077399
2026-03-27,119.4768844037
2026-03-30,118.6676505517
2026-03-31,127.6091850898
2026-04-01,128.4284094832
2026-04-02,128.8380216799
2026-04-06,128.6781730178
2026-04-07,128.7281257247
2026-04-08,130.5264231737
2026-04-09,131.6953165156
2026-04-10,129.3175676663
2026-04-13,131.9250989674
2026-04-14,135.5916276551
2026-04-15,136.3209371761
2026-04-16,135.3318735791
2026-04-17,138.5388373632
2026-04-20,137.6596697214
2026-04-21,136.2609939278
2026-04-22,137.180123735
2026-04-23,134.3627910649
2026-04-24,133.1539355575
2026-04-27,132.9141625643
2026-04-28,131.0359407843
2026-04-29,128.7780784316
2026-04-30,131.2057799878
2026-05-01,130.2966407219
2026-05-04,133.373727468
2026-05-05,133.6634531681
2026-05-06,137.5497737662
2026-05-07,133.5335761301
2026-05-08,134.5825829754
2026-05-11,134.6225451409
2026-05-12,134.782393803
2026-05-13,135.7215046931
2026-05-14,134.7224505547
2026-05-15,130.5663853392
2026-05-18,127.5492418415
2026-05-19,126.6700741997
2026-05-20,131.5854205604
2026-05-21,132.6544084884
2026-05-22,131.5354678534
2026-05-26,133.2238693472
2026-05-27,134.3228288994
2026-05-28,135.8613722724
2026-05-29,136.5607101693
2026-06-01,133.4936139646
2026-06-02,127.6391567139
2026-06-03,129.7071987803
2026-06-04,133.2938031369
2026-06-05,128.5482959798
2026-06-08,128.3085229866
2026-06-09,131.2557326947
2026-06-10,128.7281257247
2026-06-11,132.6144463228
2026-06-12,133.6634531681
2026-06-15,136.2709844692
2026-06-16,135.2119870825
2026-06-17,139.2581563428
2026-06-18,140.5868983468
2026-06-22,145.86
2026-06-23,147.03
2026-06-24,149.71
2026-06-25,151.59
2026-06-26,155.38
2026-06-29,158.31
2026-06-30,158.25
2026-07-01,156.55
2026-07-02,160.46
2026-07-06,160.81
2026-07-07,163.87
2026-07-08,162.97
2026-07-09,164.28
2026-07-10,159.03
2026-07-13,155.34
2026-07-14,155.45
2026-07-15,156.22
2026-07-16,152.0
2026-07-17,154.26
2026-07-20,150.94
2026-07-21,154.5
2026-07-22,152.11
2026-07-23,152.23
2026-07-24,150.48
2026-07-27,150.59
2026-07-28,149.78
2026-07-29,147.91
2026-07-30,151.46
2026-07-31,147.01
2026-08-03,147.31
2026-08-04,151.88
2026-08-05,153.01
2026-08-06,154.5
2026-08-07,157.37
2026-08-10,158.03
2026-08-11,158.07
2026-08-12,159.39
2026-08-13,156.86
2026-08-14,157.41
2026-08-17,159.53
2026-08-18,160.11
2026-08-19,169.55
2026-08-20,163.38
2026-08-21,165.73
2026-08-24,164.17
2026-08-25,169.1
2026-08-26,168.39
2026-08-27,168.23
2026-08-28,162.38
2026-08-31,162.5
2026-09-01,163.4
2026-09-02,165.37
2026-09-03,164.38
2026-09-04,163.81
2026-09-08,161.93
2026-09-09,159.38
2026-09-10,156.82
2026-09-11,156.2
