# XLE | Tiingo | fetched 2026-09-24
date,value
2015-01-02,25.1804148237
2015-01-05,24.1387504861
2015-01-06,23.7841413499
2015-01-07,23.8347997979
2015-01-08,24.3698796553
2015-01-09,24.1767443221
2015-01-12,23.4801906617
2015-01-13,23.2933876346
2015-01-14,23.3662091537
2015-01-15,23.0685907715
2015-01-16,23.8189690329
2015-01-20,23.8474644099
2015-01-21,24.3318858192
2015-01-22,24.4458673273
2015-01-23,24.2717289122
2015-01-26,24.6200057424
2015-01-27,24.6041749774
2015-01-28,23.6353321588
2015-01-29,23.7144859839
2015-01-30,23.920285929
2015-02-02,24.6516672724
2015-02-03,25.3260578618
2015-02-04,24.9081256656
2015-02-05,25.2659009548
2015-02-06,25.2722332608
2015-02-09,25.2975624848
2015-02-10,25.2848978728
2015-02-11,25.1075933047
2015-02-12,25.4368732169
2015-02-13,25.9751192272
2015-02-17,26.0542730522
2015-02-18,25.7439900581
2015-02-19,25.623676244
2015-02-20,25.5001962769
2015-02-23,25.3957132279
2015-02-24,25.4653685939
2015-02-25,25.604679326
2015-02-26,25.1297563757
2015-02-27,25.0189410206
2015-03-02,24.8448026055
2015-03-03,24.9366210426
2015-03-04,24.9017933596
2015-03-05,24.7529841685
2015-03-06,24.3097227482
2015-03-09,24.1355843331
2015-03-10,23.7999721149
2015-03-11,23.869627481
2015-03-12,23.7176521369
2015-03-13,23.6289998528
2015-03-16,23.948781306
2015-03-17,23.856962869
2015-03-18,24.5503503764
2015-03-19,24.1609135571
2015-03-20,24.5139206199
2015-03-23,24.4278621286
2015-03-24,24.2653072006
2015-03-25,24.5808550021
2015-03-26,24.5521688383
2015-03-27,24.3513656919
2015-03-30,24.8740913428
2015-03-31,24.7274731725
2015-04-01,24.7210984694
2015-04-02,24.7720960939
2015-04-06,25.2183253081
2015-04-07,25.2342620658
2015-04-08,25.0302715678
2015-04-09,25.4318778607
2015-04-10,25.5434351642
2015-04-13,25.2884470418
2015-04-14,25.7442383106
2015-04-15,26.359397156
2015-04-16,26.2988374769
2015-04-17,26.1075963851
2015-04-20,26.2064042825
2015-04-21,25.9291046994
2015-04-22,26.101221682
2015-04-23,26.2797133677
2015-04-24,26.1299078458
2015-04-27,26.101221682
2015-04-28,26.2319030948
2015-04-29,26.4358935927
2015-04-30,26.3530224529
2015-05-01,26.413582132
2015-05-04,26.3466477499
2015-05-05,26.0213785262
2015-05-06,25.9195426448
2015-05-07,25.6390557101
2015-05-08,26.0597861121
2015-05-11,25.5689339765
2015-05-12,25.6868659831
2015-05-13,25.6199316009
2015-05-14,25.6103695464
2015-05-15,25.7123647953
2015-05-18,25.734676256
2015-05-19,25.3681308301
2015-05-20,25.415941103
2015-05-21,25.6549924678
2015-05-22,25.5625592734
2015-05-26,25.157765629
2015-05-27,25.1131427076
2015-05-28,25.0143348102
2015-05-29,24.9856486464
2015-06-01,24.9219016158
2015-06-02,25.0940185984
2015-06-03,24.9219016158
2015-06-04,24.5840423536
2015-06-05,24.7561593362
2015-06-08,24.6159158689
2015-06-09,24.6127285174
2015-06-10,24.9155269127
2015-06-11,24.8039696092
2015-06-12,24.526670026
2015-06-15,24.4692976985
2015-06-16,24.6605387903
2015-06-17,24.5999791112
2015-06-18,24.5840423536
2015-06-19,24.3573642875
2015-06-22,24.6557748893
2015-06-23,24.735992793
2015-06-24,24.5819744179
2015-06-25,24.3316945583
2015-06-26,24.411912462
2015-06-29,23.9498573365
2015-06-30,24.1167105763
2015-07-01,23.808673826
2015-07-02,23.9145614589
2015-07-06,23.6001072763
2015-07-07,23.8150912583
2015-07-08,23.3337838359
2015-07-09,23.4525063334
2015-07-10,23.5808549794
2015-07-13,23.7477082191
2015-07-14,23.917770175
2015-07-15,23.4974283595
2015-07-16,23.529515521
2015-07-17,23.2439397837
2015-07-20,22.9359030334
2015-07-21,22.9455291819
2015-07-22,22.7594236452
2015-07-23,22.7401713483
2015-07-24,22.3037859521
2015-07-27,21.9829143372
2015-07-28,22.6118227024
2015-07-29,22.9198594527
2015-07-30,22.7594236452
2015-07-31,22.2620726421
2015-08-03,21.7936000844
2015-08-04,21.7197996129
2015-08-05,21.5561550893
2015-08-06,21.8994877173
2015-08-07,21.5080243471
2015-08-10,22.194689603
2015-08-11,22.2364029129
2015-08-12,22.6407011477
2015-08-13,22.2973685198
2015-08-14,22.2492377775
2015-08-17,22.2973685198
2015-08-18,22.2139418999
2015-08-19,21.6010771154
2015-08-20,21.1133522608
2015-08-21,20.3753475465
2015-08-24,19.2811753397
2015-08-25,19.0020170347
2015-08-26,19.6694299937
2015-08-27,20.6288361223
2015-08-28,21.09730868
2015-08-31,21.3155013781
2015-09-01,20.5646617993
2015-09-02,20.7539760521
2015-09-03,20.8117329427
2015-09-04,20.4684003148
2015-09-08,20.7892719297
2015-09-09,20.3978085595
2015-09-10,20.516531057
2015-09-11,20.3336342365
2015-09-14,20.1571548483
2015-09-15,20.3817649788
2015-09-16,20.9593338856
2015-09-17,20.946499021
2015-09-18,20.4004114701
2015-09-21,20.5168005054
2015-09-22,20.3001875785
2015-09-23,20.038312249
2015-09-24,20.1256040255
2015-09-25,20.1644003706
2015-09-28,19.3593762096
2015-09-29,19.3302789508
2015-09-30,19.7893690346
2015-10-01,19.8249323509
2015-10-02,20.642888627
2015-10-05,21.2668631775
2015-10-06,21.7388853763
2015-10-07,22.0136928209
2015-10-08,22.4339865595
2015-10-09,22.2885002654
2015-10-12,22.0007607058
2015-10-13,21.7712156639
2015-10-14,21.958731332
2015-10-15,22.3531608406
2015-10-16,22.3822580994
2015-10-19,21.9393331594
2015-10-20,22.0007607058
2015-10-21,21.7291862901
2015-10-22,22.1203827699
2015-10-23,22.0686543098
2015-10-26,21.528738507
2015-10-27,21.2700962063
2015-10-28,21.7421184051
2015-10-29,21.8520413829
2015-10-30,21.9942946483
2015-11-02,22.508346221
2015-11-03,23.0838253401
2015-11-04,22.8769114995
2015-11-05,22.682929774
2015-11-06,22.5665407387
2015-11-09,22.3434617543
2015-11-10,22.3919571857
2015-11-11,21.9167019581
2015-11-12,21.4188155292
2015-11-13,21.3315237527
2015-11-16,22.0427900797
2015-11-17,21.8003129228
2015-11-18,22.159179115
2015-11-19,21.8617404692
2015-11-20,21.6289623985
2015-11-23,21.784147779
2015-11-24,22.2497039203
2015-11-25,22.0686543098
2015-11-27,21.9102359006
2015-11-30,21.9910616195
2015-12-01,22.1656451725
2015-12-02,21.4802430756
2015-12-03,21.0502502506
2015-12-04,20.9176960715
2015-12-07,20.1223709968
2015-12-08,19.9154571562
2015-12-09,20.1773324857
2015-12-10,20.306653636
2015-12-11,19.5468918777
2015-12-14,19.6503487979
2015-12-15,20.1450021981
2015-12-16,20.012448019
2015-12-17,19.5210276476
2015-12-18,19.1822825331
2015-12-21,19.2018596202
2015-12-22,19.4269961221
2015-12-23,20.2720737163
2015-12-24,20.0893542365
2015-12-28,19.7239152769
2015-12-29,19.8609548867
2015-12-30,19.5934013627
2015-12-31,19.6814982548
2016-01-04,19.674972559
2016-01-05,19.7500180597
2016-01-06,18.9897745097
2016-01-07,18.5264501145
2016-01-08,18.2882622211
2016-01-11,17.8967204787
2016-01-12,17.9391375008
2016-01-13,17.508441584
2016-01-14,18.2621594383
2016-01-15,17.733578086
2016-01-19,17.3518248871
2016-01-20,16.8917633397
2016-01-21,17.4170818441
2016-01-22,18.1871139377
2016-01-25,17.3387734956
2016-01-26,17.9946059143
2016-01-27,17.9097718701
2016-01-28,18.4546674617
2016-01-29,18.9930373576
2016-02-01,18.6749096918
2016-02-02,18.0533371757
2016-02-03,18.6961182029
2016-02-04,18.6863296593
2016-02-05,18.2523708947
2016-02-08,18.157748307
2016-02-09,17.7205266946
2016-02-10,17.6487440418
2016-02-11,17.5740248259
2016-02-12,18.0370229364
2016-02-16,18.2164795683
2016-02-17,18.8135807256
2016-02-18,18.5786556801
2016-02-19,18.536238658
2016-02-22,19.0093515968
2016-02-23,18.3600448739
2016-02-24,18.5460272016
2016-02-25,18.5623414409
2016-02-26,18.6732782679
2016-02-29,18.4611931574
2016-03-01,18.9440946398
2016-03-02,19.407419035
2016-03-03,19.7010753419
2016-03-04,19.8903205174
2016-03-07,20.3569077605
2016-03-08,19.5020416228
2016-03-09,19.8185378646
2016-03-10,19.8348521039
2016-03-11,20.3471192169
2016-03-14,20.2133424549
2016-03-15,20.1741882807
2016-03-16,20.5233130011
2016-03-17,20.8040810589
2016-03-18,20.8634345453
2016-03-21,20.7911403951
2016-03-22,20.6761269742
2016-03-23,20.2226454862
2016-03-24,20.3212284184
2016-03-28,20.212787193
2016-03-29,20.3080840274
2016-03-30,20.3472543125
2016-03-31,20.3376589071
2016-04-01,20.0649127947
2016-04-04,19.9167755087
2016-04-05,19.7823083892
2016-04-06,20.2095010953
2016-04-07,20.0912015767
2016-04-08,20.4953915986
2016-04-11,20.4099530574
2016-04-12,21.0178811391
2016-04-13,21.1164640712
2016-04-14,21.1657555373
2016-04-15,20.8796021462
2016-04-18,21.2249052966
2016-04-19,21.648811905
2016-04-20,21.8426916716
2016-04-21,21.7145338598
2016-04-22,22.0299992427
2016-04-25,21.7835419123
2016-04-26,22.1318682726
2016-04-27,22.5524887832
2016-04-28,22.2173068138
2016-04-29,22.1811597387
2016-05-02,22.1581570545
2016-05-03,21.635667514
2016-05-04,21.3234882288
2016-05-05,21.497651409
2016-05-06,21.4483599429
2016-05-09,21.1361806577
2016-05-10,21.5075097022
2016-05-11,21.573231657
2016-05-12,21.6326443041
2016-05-13,21.3563492062
2016-05-16,21.7178199575
2016-05-17,21.8196889874
2016-05-18,21.6093787321
2016-05-19,21.6126648298
2016-05-20,21.7408226417
2016-05-23,21.6849589801
2016-05-24,21.7934002055
2016-05-25,22.1384404681
2016-05-26,22.0464297314
2016-05-27,22.0595741224
2016-05-31,21.9741355811
2016-06-01,21.9807077766
2016-06-02,21.951132897
2016-06-03,21.8656943558
2016-06-06,22.3490136112
2016-06-07,22.8548097752
2016-06-08,22.8022322114
2016-06-09,22.6280690312
2016-06-10,22.1384404681
2016-06-13,22.0727185133
2016-06-14,22.0595741224
2016-06-15,22.0072594464
2016-06-16,21.9018414309
2016-06-17,22.1241232689
2016-06-20,22.3159604866
2016-06-21,22.5805635456
2016-06-22,22.4548770926
2016-06-23,22.8253213752
2016-06-24,22.0877403483
2016-06-27,21.3799271655
2016-06-28,21.9752840482
2016-06-29,22.3920338661
2016-06-30,22.5706409309
2016-07-01,22.6897123074
2016-07-05,22.2332720307
2016-07-06,22.3289260365
2016-07-07,22.1007058981
2016-07-08,22.3953414043
2016-07-11,22.4383394014
2016-07-12,22.9940058253
2016-07-13,22.795553531
2016-07-14,22.9113173693
2016-07-15,22.8980872164
2016-07-18,22.9146249076
2016-07-19,22.7853663132
2016-07-20,22.7525555339
2016-07-21,22.5276429338
2016-07-22,22.5971012368
2016-07-25,22.1472760365
2016-07-26,22.2762700278
2016-07-27,22.0579725041
2016-07-28,22.0612800424
2016-07-29,22.2861926425
2016-08-01,21.5519191538
2016-08-02,21.7470639098
2016-08-03,22.1671212659
2016-08-04,22.1340458836
2016-08-05,22.335805716
2016-08-08,22.6334841574
2016-08-09,22.5144127809
2016-08-10,22.2696549513
2016-08-11,22.5971012368
2016-08-12,22.7227876898
2016-08-15,22.9047022928
2016-08-16,22.9410852135
2016-08-17,23.0105435164
2016-08-18,23.4835214844
2016-08-19,23.2883767284
2016-08-22,23.0204661312
2016-08-23,23.1822709017
2016-08-24,23.0899244341
2016-08-25,23.0270812076
2016-08-26,22.9477002899
2016-08-29,23.1031545871
2016-08-30,23.0237736694
2016-08-31,22.6599444633
2016-09-01,22.5937936985
2016-09-02,22.8484741428
2016-09-06,23.1924581195
2016-09-07,23.324759649
2016-09-08,23.7613546963
2016-09-09,23.0535415135
2016-09-12,23.2817616519
2016-09-13,22.6169464662
2016-09-14,22.349035869
2016-09-15,22.6268690809
2016-09-16,22.4451258084
2016-09-19,22.4318151333
2016-09-20,22.2687593639
2016-09-21,22.7845480222
2016-09-22,22.8111693723
2016-09-23,22.5083515149
2016-09-26,22.408521452
2016-09-27,22.2587763576
2016-09-28,23.2204726302
2016-09-29,23.180540605
2016-09-30,23.4966691376
2016-10-03,23.4800307937
2016-10-04,23.2404386428
2016-10-05,23.5964992004
2016-10-06,23.6331035568
2016-10-07,23.4966691376
2016-10-10,23.8660403703
2016-10-11,23.5931715317
2016-10-12,23.4933414688
2016-10-13,23.363562387
2016-10-14,23.2271279677
2016-10-17,23.1139872298
2016-10-18,23.2071619551
2016-10-19,23.5366011627
2016-10-20,23.5099798126
2016-10-21,23.3569070495
2016-10-24,23.2870260055
2016-10-25,23.180540605
2016-10-26,23.2337833053
2016-10-27,23.1472639174
2016-10-28,23.0840382109
2016-10-31,22.8344630537
2016-11-01,22.8377907224
2016-11-02,22.5848878964
2016-11-03,22.674734953
2016-11-04,22.5516112088
2016-11-07,23.0374508482
2016-11-08,23.0673998671
2016-11-09,23.4434264373
2016-11-10,23.5432565002
2016-11-11,23.1139872298
2016-11-14,23.2437663115
2016-11-15,23.8993170579
2016-11-16,23.7329336197
2016-11-17,23.5732055191
2016-11-18,23.6697079132
2016-11-21,24.2320839342
2016-11-22,24.2187732592
2016-11-23,24.3186033221
2016-11-25,24.1988072466
2016-11-28,23.8627127015
2016-11-29,23.5698778503
2016-11-30,24.7678386051
2016-12-01,24.8277366429
2016-12-02,24.9009453557
2016-12-05,25.120571494
2016-12-06,25.0739841313
2016-12-07,25.2736442571
2016-12-08,25.4100786764
2016-12-09,25.4899427268
2016-12-12,25.6097388022
2016-12-13,25.8992459846
2016-12-14,25.3801296576
2016-12-15,25.4367000265
2016-12-16,25.5938871193
2016-12-19,25.4768062084
2016-12-20,25.4199383374
2016-12-21,25.460080364
2016-12-22,25.5637805994
2016-12-23,25.5403644172
2016-12-27,25.5972322882
2016-12-28,25.319583271
2016-12-29,25.2694057377
2016-12-30,25.1958120223
2017-01-03,25.4801513773
2017-01-04,25.4266286752
2017-01-05,25.3630704664
2017-01-06,25.3864866486
2017-01-09,25.0185180715
2017-01-10,24.7910465875
2017-01-11,25.0586600981
2017-01-12,24.9549598628
2017-01-13,24.8813661474
2017-01-17,25.035243916
2017-01-18,24.978376045
2017-01-19,24.8412241208
2017-01-20,24.9348888495
2017-01-23,24.6706205078
2017-01-24,24.9415791872
2017-01-25,25.0720407737
2017-01-26,25.092111787
2017-01-27,24.8311886141
2017-01-30,24.3762456461
2017-01-31,24.3862811528
2017-02-01,24.2056420331
2017-02-02,24.3427939573
2017-02-03,24.5535395969
2017-02-06,24.3461391262
2017-02-07,24.0015867313
2017-02-08,24.0584546023
2017-02-09,24.3294132818
2017-02-10,24.5133975703
2017-02-13,24.5602299347
2017-02-14,24.6405139878
2017-02-15,24.5435040902
2017-02-16,24.208987202
2017-02-17,24.0751804467
2017-02-21,24.2390937219
2017-02-22,23.8711251449
2017-02-23,23.9714802113
2017-02-24,23.7473538962
2017-02-27,23.9514091981
2017-02-28,23.8778154826
2017-03-01,24.3561746328
2017-03-02,24.1253579799
2017-03-03,24.0818707845
2017-03-06,24.1353934866
2017-03-07,23.9213026781
2017-03-08,23.299101266
2017-03-09,23.4529790346
2017-03-10,23.4195273457
2017-03-13,23.4228725146
2017-03-14,23.1586041729
2017-03-15,23.6737601808
2017-03-16,23.5065017367
2017-03-17,23.4894463931
2017-03-20,23.4712740421
2017-03-21,23.2908966314
2017-03-22,23.2572441294
2017-03-23,23.1630171238
2017-03-24,23.0721553684
2017-03-27,22.964467362
2017-03-28,23.2908966314
2017-03-29,23.6105954003
2017-03-30,23.6038648999
2017-03-31,23.5230988951
2017-04-03,23.4827158927
2017-04-04,23.6543436529
2017-04-05,23.5803081485
2017-04-06,23.7687621597
2017-04-07,23.6779004043
2017-04-10,23.8562586649
2017-04-11,23.8596239151
2017-04-12,23.7586664091
2017-04-13,23.3245491334
2017-04-17,23.3750278864
2017-04-18,23.1562866234
2017-04-19,22.8163963532
2017-04-20,22.9274496098
2017-04-21,22.813031103
2017-04-24,22.947641111
2017-04-25,23.1428256226
2017-04-26,23.065424868
2017-04-27,22.813031103
2017-04-28,22.829857354
2017-05-01,22.7659176002
2017-05-02,22.6514990934
2017-05-03,22.7154388472
2017-05-04,22.2981478225
2017-05-05,22.6514990934
2017-05-08,22.813031103
2017-05-09,22.6245770919
2017-05-10,22.9240843596
2017-05-11,22.8769708568
2017-05-12,22.7995701022
2017-05-15,22.9779283628
2017-05-16,22.863509856
2017-05-17,22.6380380926
2017-05-18,22.6313075922
2017-05-19,22.9106233588
2017-05-22,22.8601446058
2017-05-23,22.913988609
2017-05-24,22.7928396018
2017-05-25,22.3789138273
2017-05-26,22.4159315795
2017-05-30,22.1164243117
2017-05-31,22.0221973061
2017-06-01,22.1601725643
2017-06-02,21.9044135491
2017-06-05,21.9447965515
2017-06-06,22.2039208169
2017-06-07,21.8909525483
2017-06-08,21.8270127945
2017-06-09,22.3519918257
2017-06-12,22.5101585851
2017-06-13,22.678421095
2017-06-14,22.2678605707
2017-06-15,22.0995980607
2017-06-16,22.4627580264
2017-06-19,22.3204600118
2017-06-20,22.0358639825
2017-06-21,21.6801189459
2017-06-22,21.666566754
2017-06-23,21.8122528166
2017-06-26,21.7648201451
2017-06-27,21.7309396654
2017-06-28,21.8495213443
2017-06-29,21.8969540158
2017-06-30,21.9952074069
2017-07-03,22.4187134028
2017-07-05,21.9647149752
2017-07-06,21.7207755215
2017-07-07,21.6868950418
2017-07-10,21.7580440491
2017-07-11,21.876625728
2017-07-12,21.9376105914
2017-07-13,22.0256998386
2017-07-14,22.1578337093
2017-07-17,22.1307293256
2017-07-18,22.0256998386
2017-07-19,22.3475643955
2017-07-20,22.2798034362
2017-07-21,22.0595803183
2017-07-24,22.0189237426
2017-07-25,22.296743676
2017-07-26,22.3204600118
2017-07-27,22.5474592256
2017-07-28,22.5203548419
2017-07-31,22.5711755614
2017-08-01,22.5677875134
2017-08-02,22.4830863142
2017-08-03,22.1679978532
2017-08-04,22.2391468606
2017-08-07,22.0697444622
2017-08-08,22.0189237426
2017-08-09,22.0392520305
2017-08-10,21.8054767207
2017-08-11,21.663178706
2017-08-14,21.5988057946
2017-08-15,21.5174926434
2017-08-16,21.3108217174
2017-08-17,21.0092854482
2017-08-18,21.1143149352
2017-08-21,21.0058974003
2017-08-22,21.144807367
2017-08-23,21.2362846621
2017-08-24,21.249836854
2017-08-25,21.3447021971
2017-08-28,21.249836854
2017-08-29,21.2227324702
2017-08-30,21.2328966141
2017-08-31,21.3345380532
2017-09-01,21.5412089792
2017-09-05,21.6597906581
2017-09-06,22.0121476467
2017-09-07,22.0528042223
2017-09-08,21.8190289125
2017-09-11,22.0256998386
2017-09-12,22.1612217573
2017-09-13,22.4390416907
2017-09-14,22.5474592256
2017-09-15,22.6001023761
2017-09-18,22.6962145977
2017-09-19,22.7888942399
2017-09-20,22.9433603102
2017-09-21,22.9502254688
2017-09-22,23.0669331664
2017-09-25,23.3998933624
2017-09-26,23.3895956244
2017-09-27,23.4891404253
2017-09-28,23.5097359013
2017-09-29,23.506303322
2017-10-02,23.4994381633
2017-10-03,23.4754101079
2017-10-04,23.4582472112
2017-10-05,23.5646571707
2017-10-06,23.365567569
2017-10-09,23.4136236798
2017-10-10,23.4342191558
2017-10-11,23.4891404253
2017-10-12,23.4033259418
2017-10-13,23.3895956244
2017-10-16,23.4410843145
2017-10-17,23.4548146319
2017-10-18,23.2900508235
2017-10-19,23.2179666574
2017-10-20,23.2625901888
2017-10-23,23.1424499119
2017-10-24,23.1870734433
2017-10-25,23.0257422143
2017-10-26,23.0737983251
2017-10-27,23.1149892772
2017-10-30,23.2351295541
2017-10-31,23.3106462996
2017-11-01,23.5749549088
2017-11-02,23.506303322
2017-11-03,23.5749549088
2017-11-06,24.1138698652
2017-11-07,24.0829766511
2017-11-08,23.9662689536
2017-11-09,24.0383531197
2017-11-10,23.9113476841
2017-11-13,23.7740445105
2017-11-14,23.3895956244
2017-11-15,23.1252870152
2017-11-16,23.032607373
2017-11-17,23.1458824912
2017-11-20,23.0909612218
2017-11-21,23.1424499119
2017-11-22,23.2351295541
2017-11-24,23.3003485616
2017-11-27,23.0635005871
2017-11-28,23.2419947128
2017-11-29,23.3690001484
2017-11-30,23.7191232411
2017-12-01,23.9182128428
2017-12-04,23.9079151048
2017-12-05,23.8049377246
2017-12-06,23.4960055839
2017-12-07,23.5646571707
2017-12-08,23.7809096692
2017-12-11,23.9525386362
2017-12-12,23.8873196287
2017-12-13,23.8529938353
2017-12-14,23.7671793518
2017-12-15,23.7460102918
2017-12-18,23.9291503595
2017-12-19,23.9637050893
2017-12-20,24.3023414409
2017-12-21,24.8172069144
2017-12-22,24.869039009
2017-12-26,25.0867338065
2017-12-27,25.0038024551
2017-12-28,25.0418126578
2017-12-29,24.9692477253
2018-01-02,25.3804490095
2018-01-03,25.7605510368
2018-01-04,25.9160473208
2018-01-05,25.9056809018
2018-01-08,26.0611771858
2018-01-09,25.9955231992
2018-01-10,25.9644239424
2018-01-11,26.4965667808
2018-01-12,26.752271781
2018-01-16,26.4136354293
2018-01-17,26.6451521187
2018-01-18,26.4274573212
2018-01-19,26.3929025915
2018-01-22,26.9630556325
2018-01-23,26.9215899568
2018-01-24,26.8490250243
2018-01-25,26.6382411728
2018-01-26,26.7833710378
2018-01-29,26.3790806996
2018-01-30,25.8469378612
2018-01-31,25.8642152261
2018-02-01,26.1302866453
2018-02-02,25.0383571848
2018-02-05,23.9878934001
2018-02-06,24.1779444138
2018-02-07,23.7736540756
2018-02-08,23.0549156966
2018-02-09,23.0376383317
2018-02-12,23.4142848861
2018-02-13,23.3175316427
2018-02-14,23.6561679944
2018-02-15,23.5974249538
2018-02-16,23.5386819132
2018-02-20,23.4108294131
2018-02-21,23.0169054938
2018-02-22,23.2691550211
2018-02-23,23.7736540756
2018-02-26,23.9153284676
2018-02-27,23.6043358998
2018-02-28,23.0618266425
2018-03-01,23.0272719127
2018-03-02,23.134391575
2018-03-05,23.3797301563
2018-03-06,23.3935520482
2018-03-07,23.2173229264
2018-03-08,23.2104119805
2018-03-09,23.6527125214
2018-03-12,23.6458015755
2018-03-13,23.4764833996
2018-03-14,23.3382644806
2018-03-15,23.2173229264
2018-03-16,23.4228503125
2018-03-19,23.0609462221
2018-03-20,23.2558176554
2018-03-21,23.8647908844
2018-03-22,23.3776123012
2018-03-23,23.2349385732
2018-03-26,23.652520216
2018-03-27,23.4298100065
2018-03-28,22.9739500465
2018-03-29,23.4576487827
2018-04-02,22.9878694346
2018-04-03,23.4785278649
2018-04-04,23.4472092416
2018-04-05,23.8682707314
2018-04-06,23.4367697006
2018-04-09,23.5481248053
2018-04-10,24.3276105385
2018-04-11,24.5816393712
2018-04-12,24.5781595242
2018-04-13,24.849587592
2018-04-16,25.1036164246
2018-04-17,25.2010521413
2018-04-18,25.5977547019
2018-04-19,25.6290733251
2018-04-20,25.5072786793
2018-04-23,25.6638717954
2018-04-24,25.3889638805
2018-04-25,25.5907950079
2018-04-26,25.9631386393
2018-04-27,25.6882307245
2018-04-30,25.6847508775
2018-05-01,25.5281577615
2018-05-02,25.6325531721
2018-05-03,25.5733957728
2018-05-04,25.6986702656
2018-05-07,25.7334687358
2018-05-08,25.9352998632
2018-05-09,26.4642366107
2018-05-10,26.662587891
2018-05-11,26.7008662082
2018-05-14,26.8852981005
2018-05-15,26.8922577945
2018-05-16,26.9862136641
2018-05-17,27.3933557658
2018-05-18,27.1810850974
2018-05-21,27.4594728593
2018-05-22,27.0940889219
2018-05-23,27.0906090748
2018-05-24,26.6451886559
2018-05-25,25.9526990983
2018-05-29,25.8726626167
2018-05-30,26.6556281969
2018-05-31,26.4537970696
2018-06-01,26.5790715624
2018-06-04,26.3494016589
2018-06-05,26.2867644125
2018-06-06,26.4120389053
2018-06-07,26.812221313
2018-06-08,26.7600236076
2018-06-11,26.8992174886
2018-06-12,26.6939065142
2018-06-13,26.5929909505
2018-06-14,26.5547126333
2018-06-15,25.9883327318
2018-06-18,26.2476203983
2018-06-19,26.1880543127
2018-06-20,26.3036825964
2018-06-21,25.8166422499
2018-06-22,26.3317136955
2018-06-25,25.8026267004
2018-06-26,26.1284882272
2018-06-27,26.4788769656
2018-06-28,26.4438380918
2018-06-29,26.6085207989
2018-07-02,26.2160854118
2018-07-03,26.3807681189
2018-07-05,26.3527370198
2018-07-06,26.5139158395
2018-07-09,26.9098551139
2018-07-10,27.1095766949
2018-07-11,26.5349391638
2018-07-12,26.5804896998
2018-07-13,26.7206451952
2018-07-16,26.4123031053
2018-07-17,26.3071864838
2018-07-18,26.3247059207
2018-07-19,26.3317136955
2018-07-20,26.2406126235
2018-07-23,26.1249843398
2018-07-24,26.4543497539
2018-07-25,26.6750946592
2018-07-26,26.9659173121
2018-07-27,26.8502890284
2018-07-30,27.0710339336
2018-07-31,27.0219795103
2018-08-01,26.6470635601
2018-08-02,26.4999002899
2018-08-03,26.3632486819
2018-08-06,26.4613575287
2018-08-07,26.6575752223
2018-08-08,26.4648614161
2018-08-09,26.2195892992
2018-08-10,26.3807681189
2018-08-13,26.0443949299
2018-08-14,26.1074649029
2018-08-15,25.1964541829
2018-08-16,25.3786563269
2018-08-17,25.4417262998
2018-08-20,25.6134167816
2018-08-21,25.7430606149
2018-08-22,26.0514027047
2018-08-23,25.9287666463
2018-08-24,26.117976565
2018-08-27,26.3106903712
2018-08-28,26.1985659749
2018-08-29,26.3597447946
2018-08-30,26.2861631595
2018-08-31,26.0829376912
2018-09-04,26.026875493
2018-09-05,25.9918366192
2018-09-06,25.5118040475
2018-09-07,25.5083001601
2018-09-10,25.4977884979
2018-09-11,25.7395567275
2018-09-12,25.8727044481
2018-09-13,25.8832161103
2018-09-14,26.0198677183
2018-09-17,26.0619143669
2018-09-18,26.2336048487
2018-09-19,26.3141942586
2018-09-20,26.3212020333
2018-09-21,26.4940137591
2018-09-24,26.8820752123
2018-09-25,27.0549389506
2018-09-26,26.7938794275
2018-09-27,26.7938794275
2018-09-28,26.7197949683
2018-10-01,27.0902172645
2018-10-02,27.1184399156
2018-10-03,27.337165462
2018-10-04,27.2242748574
2018-10-05,27.220747026
2018-10-08,27.1995800377
2018-10-09,27.4430004038
2018-10-10,26.582209544
2018-10-11,25.6826125388
2018-10-12,25.7531691667
2018-10-15,25.5379714517
2018-10-16,25.7496413353
2018-10-17,25.5873610912
2018-10-18,25.4603591611
2018-10-19,25.2345779519
2018-10-22,24.9558792719
2018-10-23,24.3032304643
2018-10-24,23.3436603255
2018-10-25,23.6294146683
2018-10-26,23.4530230986
2018-10-29,23.0155720059
2018-10-30,23.5482745462
2018-10-31,23.6929156333
2018-11-01,23.8940020227
2018-11-02,23.834028889
2018-11-05,24.2326738364
2018-11-06,24.345564441
2018-11-07,24.7442093884
2018-11-08,24.2079790167
2018-11-09,24.16564504
2018-11-12,23.6646929822
2018-11-13,23.1214069477
2018-11-14,23.0826008024
2018-11-15,23.4212726161
2018-11-16,23.6999712961
2018-11-19,23.6929156333
2018-11-20,22.9167927269
2018-11-21,23.276631529
2018-11-23,22.5463704307
2018-11-26,22.8850422444
2018-11-27,22.8215412793
2018-11-28,23.2131305639
2018-11-29,23.3648273138
2018-11-30,23.3224933371
2018-12-03,23.8410845518
2018-12-04,23.1566852617
2018-12-06,22.7298176631
2018-12-07,22.602815733
2018-12-10,22.2500325937
2018-12-11,22.2570882565
2018-12-12,22.3452840413
2018-12-13,22.4158406692
2018-12-14,21.9043051172
2018-12-17,21.5056601699
2018-12-18,20.9976524493
2018-12-19,20.7507042518
2018-12-20,20.1756677348
2018-12-21,19.9816370082
2018-12-24,19.1732549728
2018-12-26,20.3662416771
2018-12-27,20.4730763073
2018-12-28,20.3163855163
2018-12-31,20.4232201465
2019-01-02,20.8256305871
2019-01-03,20.6190836353
2019-01-04,21.3206310405
2019-01-07,21.6375737769
2019-01-08,21.8049480309
2019-01-09,22.150380002
2019-01-10,22.2144807801
2019-01-11,22.0827180695
2019-01-14,22.0293007544
2019-01-15,22.1076461499
2019-01-16,22.0791569152
2019-01-17,22.2821427126
2019-01-18,22.7344093139
2019-01-22,22.2394088605
2019-01-23,22.0114949827
2019-01-24,22.1290130759
2019-01-25,22.4103442689
2019-01-28,22.1859915454
2019-01-29,22.2536534779
2019-01-30,22.5670350599
2019-01-31,22.7130423879
2019-02-01,23.1083305198
2019-02-04,23.1617478349
2019-02-05,23.1973593783
2019-02-06,23.0264239699
2019-02-07,22.5171788991
2019-02-08,22.4139054232
2019-02-11,22.5207400535
2019-02-12,22.8056324008
2019-02-13,23.0905247481
2019-02-14,23.1724312979
2019-02-15,23.5463525037
2019-02-19,23.6175755905
2019-02-20,23.7172879121
2019-02-21,23.350489015
2019-02-22,23.4181509474
2019-02-25,23.4573236452
2019-02-26,23.382539404
2019-02-27,23.4715682626
2019-02-28,23.236532076
2019-03-01,23.663870597
2019-03-04,23.7066044491
2019-03-05,23.6282590536
2019-03-06,23.3291220889
2019-03-07,23.1902370696
2019-03-08,22.75577624
2019-03-11,23.1118916741
2019-03-12,23.2614601564
2019-03-13,23.4964963429
2019-03-14,23.5214244233
2019-03-15,23.5120229759
2019-03-18,23.8386286988
2019-03-19,23.774025369
2019-03-20,23.9821916539
2019-03-21,24.1508781262
2019-03-22,23.4976666804
2019-03-25,23.508433902
2019-03-26,23.8458068465
2019-03-27,23.6771203743
2019-03-28,23.7668472212
2019-03-29,23.7309564824
2019-04-01,24.0432059098
2019-04-02,23.8781085114
2019-04-03,23.6484077832
2019-04-04,23.8458068465
2019-04-05,24.2657284903
2019-04-08,24.3734007066
2019-04-09,24.0755075747
2019-04-10,24.1652344217
2019-04-11,24.1831797911
2019-04-12,24.2477831209
2019-04-15,24.1042201658
2019-04-16,24.2621394164
2019-04-17,24.2298377515
2019-04-18,24.1149873874
2019-04-22,24.6246358781
2019-04-23,24.5851560654
2019-04-24,24.1544672001
2019-04-25,24.0790966486
2019-04-26,23.7668472212
2019-04-29,23.745312778
2019-04-30,23.7273674086
2019-05-01,23.2536096566
2019-05-02,22.8480443084
2019-05-03,23.0597996672
2019-05-06,23.0813341105
2019-05-07,22.8803459733
2019-05-08,22.8803459733
2019-05-09,22.8803459733
2019-05-10,22.9880181897
2019-05-13,22.5932200631
2019-05-14,22.8695787517
2019-05-15,22.9880181897
2019-05-16,23.1136357754
2019-05-17,22.8803459733
2019-05-20,22.891113195
2019-05-21,23.1567046619
2019-05-22,22.7977972741
2019-05-23,22.0333245381
2019-05-24,22.1158732373
2019-05-28,21.8861725091
2019-05-29,21.7461986278
2019-05-30,21.4698399392
2019-05-31,21.092987182
2019-06-03,21.3621677229
2019-06-04,21.7318423323
2019-06-05,21.4913743825
2019-06-06,21.8897615829
2019-06-07,21.9902556515
2019-06-10,22.0548589813
2019-06-11,22.0979278679
2019-06-12,21.7856784405
2019-06-13,22.0405026858
2019-06-14,21.8969397307
2019-06-17,22.0799824985
2019-06-18,22.3850537781
2019-06-19,22.359930261
2019-06-20,22.8552224562
2019-06-21,23.0190636787
2019-06-24,22.8126309176
2019-06-25,22.6315495482
2019-06-26,22.9792257774
2019-06-27,22.8090092902
2019-06-28,23.0733880895
2019-07-01,23.0951178539
2019-07-02,22.7257118603
2019-07-03,22.816252545
2019-07-05,22.8488471915
2019-07-08,22.881441838
2019-07-09,22.8995499749
2019-07-10,23.1929017933
2019-07-11,23.2399829494
2019-07-12,23.3377668889
2019-07-15,23.1277125003
2019-07-16,22.881441838
2019-07-17,22.620684666
2019-07-18,22.6243062934
2019-07-19,22.7293334877
2019-07-22,22.8343606819
2019-07-23,22.8959283475
2019-07-24,22.993712287
2019-07-25,22.732955115
2019-07-26,22.6170630386
2019-07-29,22.5265223539
2019-07-30,22.7800362711
2019-07-31,22.7076037233
2019-08-01,22.1933326342
2019-08-02,21.8746294241
2019-08-05,21.2227364942
2019-08-06,21.1973851025
2019-08-07,21.0380334974
2019-08-08,21.6428452712
2019-08-09,21.4038178636
2019-08-12,21.1503039465
2019-08-13,21.3458718254
2019-08-14,20.5092758988
2019-08-15,20.3825189402
2019-08-16,20.6505193669
2019-08-19,21.1068444178
2019-08-20,20.9293846758
2019-08-21,21.0633848891
2019-08-22,20.969222577
2019-08-23,20.2666268638
2019-08-26,20.3535459211
2019-08-27,20.2267889625
2019-08-28,20.5165191535
2019-08-29,20.8171142267
2019-08-30,20.8171142267
2019-09-03,20.7157086599
2019-09-04,21.0054388509
2019-09-05,21.2661960229
2019-09-06,21.3784664719
2019-09-09,21.8058185037
2019-09-10,22.0629540483
2019-09-11,22.0846838126
2019-09-12,21.9470619718
2019-09-13,22.1209000865
2019-09-16,22.863333701
2019-09-17,22.5446304909
2019-09-18,22.4359816692
2019-09-19,22.378035631
2019-09-20,22.396308552
2019-09-23,22.4036180522
2019-09-24,22.0491072934
2019-09-25,22.0856547943
2019-09-26,21.7969295372
2019-09-27,21.7932747871
2019-09-30,21.6361205333
2019-10-01,21.1354197709
2019-10-02,20.6164452581
2019-10-03,20.8393850136
2019-10-04,20.9709560169
2019-10-07,20.7845637623
2019-10-08,20.4300530035
2019-10-09,20.6164452581
2019-10-10,20.8759325145
2019-10-11,21.1573482715
2019-10-14,21.1463840212
2019-10-15,21.2340980234
2019-10-16,20.9380632661
2019-10-17,20.9526822664
2019-10-18,20.8430397637
2019-10-21,21.2158242729
2019-10-22,21.4899305297
2019-10-23,21.6690132841
2019-10-24,21.5776445318
2019-10-25,21.7530725361
2019-10-28,21.6288110331
2019-10-29,21.7165250352
2019-10-30,21.2743002743
2019-10-31,21.1829315221
2019-11-01,21.665358534
2019-11-04,22.3707253014
2019-11-05,22.3999633021
2019-11-06,21.9431195408
2019-11-07,22.2720470489
2019-11-08,22.1806782967
2019-11-11,22.0564167936
2019-11-12,21.9431195408
2019-11-13,21.8480960385
2019-11-14,21.789620037
2019-11-15,21.9577385412
2019-11-18,21.6909417846
2019-11-19,21.3693237767
2019-11-20,21.584954032
2019-11-21,21.9394647907
2019-11-22,21.8663697889
2019-11-25,21.8882982895
2019-11-26,21.6872870345
2019-11-27,21.7421082859
2019-11-29,21.5228232805
2019-12-02,21.5228232805
2019-12-03,21.2012052725
2019-12-04,21.5191685304
2019-12-05,21.4168355279
2019-12-06,21.8261675379
2019-12-09,21.8005842873
2019-12-10,21.8444412884
2019-12-11,21.8078937875
2019-12-12,22.2099162974
2019-12-13,22.0417977933
2019-12-16,22.3378325506
2019-12-17,22.3524515509
2019-12-18,22.436510803
2019-12-19,22.4292013028
2019-12-20,22.6422732331
2019-12-23,22.8747476812
2019-12-24,22.8636774694
2019-12-26,22.8562973282
2019-12-27,22.7603554924
2019-12-30,22.690613158
2019-12-31,22.8198394306
2020-01-02,23.0250811576
2020-01-03,22.9566672486
2020-01-06,23.1353035666
2020-01-07,23.074491203
2020-01-08,22.6944139307
2020-01-09,22.8616479305
2020-01-10,22.7324216579
2020-01-13,22.7400232034
2020-01-14,22.7438239761
2020-01-15,22.5765899763
2020-01-16,22.6145977035
2020-01-17,22.47016834
2020-01-21,22.0672864314
2020-01-22,21.8544431589
2020-01-23,21.770826159
2020-01-24,21.5199751592
2020-01-27,20.9232538417
2020-01-28,21.0182731597
2020-01-29,20.7978283418
2020-01-30,20.9650623416
2020-01-31,20.3113294332
2020-02-03,20.0452753426
2020-02-04,20.1174900243
2020-02-05,20.8738437963
2020-02-06,20.6610005238
2020-02-07,20.5165711603
2020-02-10,20.4139502967
2020-02-11,20.6419966601
2020-02-12,20.9194530689
2020-02-13,20.8548399326
2020-02-14,20.7446175237
2020-02-18,20.5735827511
2020-02-19,20.8472383872
2020-02-20,20.8244337509
2020-02-21,20.5773835238
2020-02-24,19.627190343
2020-02-25,18.7606141621
2020-02-26,18.1942990263
2020-02-27,17.2213012092
2020-02-28,17.2060981183
2020-03-02,17.9016395267
2020-03-03,17.3543282545
2020-03-04,17.7648117086
2020-03-05,17.1148795729
2020-03-06,16.1532840739
2020-03-09,12.8998226228
2020-03-10,13.5117470313
2020-03-11,12.7972017593
2020-03-12,11.2008772155
2020-03-13,12.2346873962
2020-03-16,10.5699489434
2020-03-17,10.6421636252
2020-03-18,9.1142529904
2020-03-19,9.7337789443
2020-03-20,9.8287982624
2020-03-23,9.1734523061
2020-03-24,10.6446296381
2020-03-25,11.1466980927
2020-03-26,11.8277987094
2020-03-27,11.0260459835
2020-03-30,11.1389140857
2020-03-31,11.3101622407
2020-04-01,10.7497137333
2020-04-02,11.7343906248
2020-04-03,11.6098465121
2020-04-06,12.2247830689
2020-04-07,12.485547305
2020-04-08,13.3184360591
2020-04-09,13.1977839499
2020-04-13,13.1549719111
2020-04-14,13.0926998547
2020-04-15,12.4777632979
2020-04-16,11.9445588151
2020-04-17,13.213351964
2020-04-20,12.8007995904
2020-04-21,12.575063386
2020-04-22,13.0226437913
2020-04-23,13.4429801719
2020-04-24,13.4741162001
2020-04-27,13.7660164644
2020-04-28,14.0812687498
2020-04-29,15.1243256942
2020-04-30,14.7896133912
2020-05-01,13.9528326335
2020-05-04,14.4354410705
2020-05-05,14.4471170811
2020-05-06,14.0695927392
2020-05-07,14.4354410705
2020-05-08,15.0931896661
2020-05-11,14.8285334264
2020-05-12,14.5677691903
2020-05-13,13.9061285912
2020-05-14,14.0618087322
2020-05-15,14.0073206829
2020-05-18,15.1515697189
2020-05-19,14.7273413348
2020-05-20,15.3150338669
2020-05-21,15.0698376449
2020-05-22,14.9764295603
2020-05-26,15.3928739374
2020-05-27,15.5913661171
2020-05-28,15.1554617224
2020-05-29,15.085405659
2020-06-01,15.3500618986
2020-06-02,15.7781822863
2020-06-03,16.2413307056
2020-06-04,16.2452227092
2020-06-05,17.4517438016
2020-06-08,18.2379285134
2020-06-09,17.5529358932
2020-06-10,16.6889111109
2020-06-11,15.1165416872
2020-06-12,15.4979580326
2020-06-15,15.5446620748
2020-06-16,15.9922424801
2020-06-17,15.4473619867
2020-06-18,15.6380701594
2020-06-19,15.4006579445
2020-06-22,15.4711191655
2020-06-23,15.4868859111
2020-06-24,14.6275982734
2020-06-25,14.9074580086
2020-06-26,14.3910970887
2020-06-29,14.5842397228
2020-06-30,14.9192830678
2020-07-01,14.556647918
2020-07-02,14.7182570608
2020-07-06,14.7616156114
2020-07-07,14.2925549284
2020-07-08,14.2807298692
2020-07-09,13.5751680015
2020-07-10,14.0087535068
2020-07-13,13.9338614649
2020-07-14,14.42263058
2020-07-15,14.7340238065
2020-07-16,14.6670151375
2020-07-17,14.4620474441
2020-07-20,14.221604573
2020-07-21,15.0808922107
2020-07-22,14.8956329494
2020-07-23,14.8680411445
2020-07-24,14.7852657298
2020-07-27,14.8010324755
2020-07-28,14.5487645451
2020-07-29,14.8522743988
2020-07-30,14.2689048099
2020-07-31,14.2018961409
2020-08-03,14.2531380643
2020-08-04,14.6000064685
2020-08-05,14.7537322385
2020-08-06,14.6354816462
2020-08-07,14.6551900783
2020-08-10,15.1084840156
2020-08-11,15.0572420922
2020-08-12,15.2070261759
2020-08-13,14.911399695
2020-08-14,15.0533004058
2020-08-17,14.9665833048
2020-08-18,14.777382357
2020-08-19,14.6078898413
2020-08-20,14.2925549284
2020-08-21,14.2018961409
2020-08-24,14.5921230957
2020-08-25,14.3871554023
2020-08-26,14.0836455486
2020-08-27,14.1112373535
2020-08-28,14.3635052838
2020-08-31,14.0521120573
2020-09-01,13.9575115834
2020-09-02,13.8905029144
2020-09-03,13.7880190677
2020-09-04,13.7446605172
2020-09-08,13.2440663429
2020-09-09,13.3347251304
2020-09-10,12.8459560153
2020-09-11,12.8577810746
2020-09-14,12.9563232349
2020-09-15,12.861722761
2020-09-16,13.3780836809
2020-09-17,13.397792113
2020-09-18,13.2480080293
2020-09-21,12.8158301003
2020-09-22,12.683542833
2020-09-23,12.1102980084
2020-09-24,12.1062893033
2020-09-25,12.0982718932
2020-09-28,12.382889953
2020-09-29,12.0421500223
2020-09-30,12.0060716767
2020-10-01,11.6372708105
2020-10-02,11.7495145524
2020-10-05,12.1022805983
2020-10-06,11.9218888702
2020-10-07,12.0902544831
2020-10-08,12.5432381557
2020-10-09,12.3428029023
2020-10-12,12.3748725429
2020-10-13,12.1824546996
2020-10-14,12.2345678655
2020-10-15,12.382889953
2020-10-16,12.1022805983
2020-10-19,11.845723474
2020-10-20,11.9860281513
2020-10-21,11.7575319625
2020-10-22,12.2425852756
2020-10-23,12.1824546996
2020-10-26,11.7455058473
2020-10-27,11.5931750547
2020-10-28,11.1081217416
2020-10-29,11.4488616723
2020-10-30,11.5130009534
2020-11-02,11.90585405
2020-11-03,11.8377060638
2020-11-04,11.8537408841
2020-11-05,11.8537408841
2020-11-06,11.5971837598
2020-11-09,13.2527789526
2020-11-10,13.6817103948
2020-11-11,13.5414057175
2020-11-12,13.1044568651
2020-11-13,13.5814927681
2020-11-16,14.4754339981
2020-11-17,14.6237560856
2020-11-18,14.1988333485
2020-11-19,14.4313382424
2020-11-20,14.3551728461
2020-11-23,15.3693752282
2020-11-24,16.1590901264
2020-11-25,15.7822718501
2020-11-27,15.597871417
2020-11-30,14.7359998275
2020-12-01,14.8041478137
2020-12-02,15.2851924217
2020-12-03,15.4455406244
2020-12-04,16.2873686886
2020-12-07,15.9065417072
2020-12-08,16.1430553061
2020-12-09,16.1791336518
2020-12-10,16.6762130801
2020-12-11,16.4837952369
2020-12-14,15.9065417072
2020-12-15,16.2192207024
2020-12-16,16.1390466011
2020-12-17,16.0628812048
2020-12-18,15.7942979653
2020-12-21,15.4936851723
2020-12-22,15.2336285631
2020-12-23,15.5708894782
2020-12-24,15.4896217878
2020-12-28,15.3921005593
2020-12-29,15.2905159463
2020-12-30,15.530255633
2020-12-31,15.4002273283
2021-01-04,15.4246076355
2021-01-05,16.1153830038
2021-01-06,16.6070525306
2021-01-07,16.8508556018
2021-01-08,16.8305386792
2021-01-11,17.0946586729
2021-01-12,17.6919761973
2021-01-13,17.5538211236
2021-01-14,18.0739343421
2021-01-15,17.3709688202
2021-01-19,17.7204198889
2021-01-20,17.7854340412
2021-01-21,17.1840531323
2021-01-22,17.0946586729
2021-01-25,16.9199331386
2021-01-26,16.5582919164
2021-01-27,16.3348057678
2021-01-28,16.5257848402
2021-01-29,15.9772279301
2021-02-01,16.0910026966
2021-02-02,16.265728231
2021-02-03,16.9605669838
2021-02-04,17.1474826717
2021-02-05,17.2937645144
2021-02-08,18.0170469588
2021-02-09,17.8260678864
2021-02-10,18.167392186
2021-02-11,17.8870186542
2021-02-12,18.1511386479
2021-02-16,18.6062377141
2021-02-17,18.8825478614
2021-02-18,18.4558924869
2021-02-19,18.7647097104
2021-02-22,19.4148512335
2021-02-23,19.7358586105
2021-02-24,20.4347607478
2021-02-25,20.0406124494
2021-02-26,19.5651964607
2021-03-01,20.0731195256
2021-03-02,19.9634081436
2021-03-03,20.255971829
2021-03-04,20.7395145868
2021-03-05,21.51562103
2021-03-08,21.5562548752
2021-03-09,21.1783601149
2021-03-10,21.7147268714
2021-03-11,21.7228536405
2021-03-12,21.7675508702
2021-03-15,21.5196844145
2021-03-16,20.9061133521
2021-03-17,21.0686487328
2021-03-18,20.1218801398
2021-03-19,20.1259435244
2021-03-22,19.934941697
2021-03-23,19.6433510788
2021-03-24,20.1361802926
2021-03-25,20.2101046747
2021-03-26,20.7111477087
2021-03-29,20.4647331018
2021-03-30,20.2881359669
2021-03-31,20.148501023
2021-04-01,20.6618647873
2021-04-05,20.1690355735
2021-04-06,20.115645742
2021-04-07,20.185463214
2021-04-08,19.9226209666
2021-04-09,19.791199843
2021-04-12,19.6351372586
2021-04-13,19.6556718092
2021-04-14,20.2018908544
2021-04-15,20.0376144499
2021-04-16,19.8774449554
2021-04-19,19.8569104048
2021-04-20,19.3312259101
2021-04-21,19.577640517
2021-04-22,19.3476535506
2021-04-23,19.5242506855
2021-04-26,19.6556718092
2021-04-27,19.8938725958
2021-04-28,20.579726585
2021-04-29,20.8097135514
2021-04-30,20.2840290567
2021-05-03,20.8425688324
2021-05-04,20.8548895627
2021-05-05,21.5284228215
2021-05-06,21.6393093946
2021-05-07,22.0253589454
2021-05-10,22.0335727656
2021-05-11,21.4668191698
2021-05-12,21.5694919227
2021-05-13,21.3066496753
2021-05-14,21.9678622038
2021-05-17,22.477119058
2021-05-18,21.9555414734
2021-05-19,21.4093224282
2021-05-20,21.3764671473
2021-05-21,21.4216431585
2021-05-24,21.6352024845
2021-05-25,21.1957631022
2021-05-26,21.3846809675
2021-05-27,21.401108608
2021-05-28,21.4421777091
2021-06-01,22.2676666422
2021-06-02,22.6824645638
2021-06-03,22.7440682155
2021-06-04,22.8960238897
2021-06-07,22.797458047
2021-06-08,22.9945897325
2021-06-09,22.8508478785
2021-06-10,22.8220995077
2021-06-11,22.7440682155
2021-06-14,22.6455023727
2021-06-15,23.0767279348
2021-06-16,22.9535206313
2021-06-17,22.1732077095
2021-06-18,21.5161020912
2021-06-21,22.4238487376
2021-06-22,22.5731475271
2021-06-23,22.635355356
2021-06-24,22.83027322
2021-06-25,22.9505416893
2021-06-28,22.1750174219
2021-06-29,22.0671905184
2021-06-30,22.3409049657
2021-07-01,22.7307406937
2021-07-02,22.6809744306
2021-07-06,21.9427748605
2021-07-07,21.5861166413
2021-07-08,21.4617009834
2021-07-09,21.9178917289
2021-07-12,21.8847142202
2021-07-13,21.7188266763
2021-07-14,21.0718652554
2021-07-15,20.7774148651
2021-07-16,20.1885140845
2021-07-19,19.475197646
2021-07-20,19.7364705275
2021-07-21,20.4249038344
2021-07-22,20.1968084617
2021-07-23,20.1221590669
2021-07-26,20.6198216984
2021-07-27,20.429051023
2021-07-28,20.6156745098
2021-07-29,20.8147395624
2021-07-30,20.4829644748
2021-08-02,20.3295184967
2021-08-03,20.6778823388
2021-08-04,20.1180118783
2021-08-05,20.3461072511
2021-08-06,20.5327307379
2021-08-09,20.2424275362
2021-08-10,20.5990857555
2021-08-11,20.7608261107
2021-08-12,20.7400901677
2021-08-13,20.4954060406
2021-08-16,20.1180118783
2021-08-17,19.9106524485
2021-08-18,19.495933589
2021-08-19,18.9899765803
2021-08-20,19.0314484662
2021-08-23,19.7447649047
2021-08-24,20.0723928038
2021-08-25,20.2258387818
2021-08-26,19.9189468257
2021-08-27,20.449786966
2021-08-30,20.2092500274
2021-08-31,20.0723928038
2021-09-01,19.7779424135
2021-09-02,20.2797522336
2021-09-03,20.1636309529
2021-09-07,20.0433624836
2021-09-08,19.7862367907
2021-09-09,19.8277086766
2021-09-10,19.8194142994
2021-09-13,20.3875791371
2021-09-14,20.0931287468
2021-09-15,20.8437698826
2021-09-16,20.6073801326
2021-09-17,20.4539341546
2021-09-20,19.8367914344
2021-09-21,19.8829821003
2021-09-22,20.4960582115
2021-09-23,21.2141131089
2021-09-24,21.3736808639
2021-09-27,22.1337272757
2021-09-28,22.2093120018
2021-09-29,22.2093120018
2021-09-30,21.873379886
2021-10-01,22.6082313892
2021-10-04,22.9777567165
2021-10-05,23.1121295628
2021-10-06,22.8685787789
2021-10-07,23.0449431397
2021-10-08,23.7545997342
2021-10-11,23.6664175538
2021-10-12,23.687413311
2021-10-13,23.6664175538
2021-10-14,23.9561590036
2021-10-15,24.0737352441
2021-10-18,24.0905318499
2021-10-19,24.363476694
2021-10-20,24.5608368119
2021-10-21,24.1073284557
2021-10-22,24.3340826338
2021-10-25,24.6910105068
2021-10-26,24.833781656
2021-10-27,24.11992591
2021-10-28,24.2920911194
2021-10-29,24.1325233644
2021-11-01,24.5482393576
2021-11-02,24.317286028
2021-11-03,24.1157267586
2021-11-04,24.1493199702
2021-11-05,24.4642563287
2021-11-08,24.6868113553
2021-11-09,24.7875909901
2021-11-10,24.1325233644
2021-11-11,24.2249046962
2021-11-12,24.166116576
2021-11-15,24.3676758454
2021-11-16,24.4054682084
2021-11-17,24.0317437297
2021-11-18,23.8889725805
2021-11-19,22.9567609593
2021-11-22,23.3640786496
2021-11-23,24.082133547
2021-11-24,24.317286028
2021-11-26,23.3388837409
2021-11-29,23.4732565872
2021-11-30,22.9231677477
2021-12-01,22.6796169638
2021-12-02,23.3388837409
2021-12-03,23.1541210773
2021-12-06,23.4984514959
2021-12-07,24.0485403354
2021-12-08,24.044341184
2021-12-09,23.8595785203
2021-12-10,24.0359428811
2021-12-13,23.3682778011
2021-12-14,23.2716973178
2021-12-15,23.1583202287
2021-12-16,23.3052905294
2021-12-17,22.8307864159
2021-12-20,22.5515491434
2021-12-21,23.1939343388
2021-12-22,23.3428315695
2021-12-23,23.3555941893
2021-12-27,23.8660989803
2021-12-28,23.8490821539
2021-12-29,23.6959307166
2021-12-30,23.5512876925
2021-12-31,23.6108465848
2022-01-03,24.3425701186
2022-01-04,25.1849030238
2022-01-05,25.1806488172
2022-01-06,25.7422040873
2022-01-07,26.0953032344
2022-01-10,26.0144733092
2022-01-11,26.8993482803
2022-01-12,26.9503987594
2022-01-13,26.8142641484
2022-01-14,27.443886724
2022-01-18,27.5544960954
2022-01-19,27.3545483856
2022-01-20,27.1035501967
2022-01-21,26.5675201661
2022-01-24,26.746196843
2022-01-25,27.7842232514
2022-01-26,27.7374269789
2022-01-27,28.0394756469
2022-01-28,27.9203578623
2022-01-31,28.0437298535
2022-02-01,29.0434684026
2022-02-02,29.1370609476
2022-02-03,28.8605375191
2022-02-04,29.3114834179
2022-02-07,29.685853598
2022-02-08,29.0477226092
2022-02-09,29.2902123849
2022-02-10,29.1072815015
2022-02-11,29.9538686132
2022-02-14,29.247670319
2022-02-15,28.9413674444
2022-02-16,29.1753488069
2022-02-17,29.1285525344
2022-02-18,28.9498758576
2022-02-22,28.4819131325
2022-02-23,28.7754533873
2022-02-24,28.5499804379
2022-02-25,29.3029750047
2022-02-28,30.0261901253
2022-03-01,30.3282387933
2022-03-02,31.0216744678
2022-03-03,31.1067585996
2022-03-04,32.0043961905
2022-03-07,32.4766131222
2022-03-08,32.9871179132
2022-03-09,31.978870951
2022-03-10,32.9573384671
2022-03-11,32.6935776584
2022-03-14,31.7151101423
2022-03-15,30.5537117427
2022-03-16,30.4133229252
2022-03-17,31.4598577468
2022-03-18,31.4300783006
2022-03-21,32.6850530792
2022-03-22,32.444627101
2022-03-23,33.0027588362
2022-03-24,33.084331936
2022-03-25,33.8099031918
2022-03-28,32.9727055889
2022-03-29,32.8868391681
2022-03-30,33.2689447407
2022-03-31,32.8181460315
2022-04-01,33.084331936
2022-04-04,33.1272651464
2022-04-05,32.6077733005
2022-04-06,32.8009727473
2022-04-07,33.2303048513
2022-04-08,34.1447822329
2022-04-11,33.1186785043
2022-04-12,33.6682235974
2022-04-13,34.1705421591
2022-04-14,34.2821685062
2022-04-18,34.7844870679
2022-04-19,34.5011278792
2022-04-20,34.6342208315
2022-04-21,33.5351306452
2022-04-22,32.7151063265
2022-04-25,31.6331894244
2022-04-26,31.6761226348
2022-04-27,32.1398013071
2022-04-28,33.1143851832
2022-04-29,32.2643076173
2022-05-02,32.7795061421
2022-05-03,33.6982768447
2022-05-04,35.0978995038
2022-05-05,34.5698210159
2022-05-06,35.6002180655
2022-05-09,32.6549998319
2022-05-10,32.9512389837
2022-05-11,33.3934510509
2022-05-12,33.5351306452
2022-05-13,34.6814473629
2022-05-16,35.5959247445
2022-05-17,36.0080835644
2022-05-18,35.0850195407
2022-05-19,34.9562199095
2022-05-20,35.1064861459
2022-05-23,36.0338434906
2022-05-24,36.1712297639
2022-05-25,36.9182676249
2022-05-26,37.3261331237
2022-05-27,38.0087711691
2022-05-31,37.4377594707
2022-06-01,38.0474110585
2022-06-02,37.9271980693
2022-06-03,38.429516631
2022-06-06,38.3865834206
2022-06-07,39.5329001384
2022-06-08,39.6187665592
2022-06-09,38.742929067
2022-06-10,38.0860509478
2022-06-13,36.0982433062
2022-06-14,36.1669364428
2022-06-15,35.3683787294
2022-06-16,33.3762777667
2022-06-17,31.5516163246
2022-06-21,33.1680778855
2022-06-22,31.8403133862
2022-06-23,30.6600782756
2022-06-24,31.063614545
2022-06-27,31.974825476
2022-06-28,32.8383063105
2022-06-29,31.697123097
2022-06-30,31.0289017477
2022-07-01,31.4931854125
2022-07-05,30.2435247072
2022-07-06,29.7271718464
2022-07-07,30.7989294651
2022-07-08,30.7859121661
2022-07-11,30.4908533885
2022-07-12,29.8963967335
2022-07-13,29.8486666372
2022-07-14,29.2845836799
2022-07-15,29.7618846437
2022-07-18,30.4431232921
2022-07-19,31.380368821
2022-07-20,31.684105798
2022-07-21,31.1287010401
2022-07-22,30.8726941595
2022-07-25,32.0051991737
2022-07-26,31.7144794957
2022-07-27,32.4304309414
2022-07-28,32.6126731276
2022-07-29,34.0272196204
2022-08-01,33.3242854737
2022-08-02,33.2461816796
2022-08-03,32.291579752
2022-08-04,31.0939882427
2022-08-05,31.710140396
2022-08-08,31.8750261835
2022-08-09,32.4347700411
2022-08-10,32.6690814233
2022-08-11,33.7929082381
2022-08-12,34.0489151187
2022-08-15,33.3850328691
2022-08-16,33.306929075
2022-08-17,33.5846314539
2022-08-18,34.4871641855
2022-08-19,34.4784859862
2022-08-22,34.4133994911
2022-08-23,35.654381997
2022-08-24,36.0926310638
2022-08-25,36.3703334427
2022-08-26,35.945101675
2022-08-29,36.4874891339
2022-08-30,35.2508457276
2022-08-31,34.929752352
2022-09-01,34.0706106171
2022-09-02,34.6954409697
2022-09-06,34.3743475941
2022-09-07,33.9751504243
2022-09-08,34.1226798131
2022-09-09,34.9731433487
2022-09-12,35.6153301
2022-09-13,34.7171364681
2022-09-14,35.6977729937
2022-09-15,34.7778838635
2022-09-16,34.0358978197
2022-09-19,34.0559639861
2022-09-20,33.8190987034
2022-09-21,33.3234361673
2022-09-22,33.2050035259
2022-09-23,30.9153057927
2022-09-26,30.1564596091
2022-09-27,30.4942119567
2022-09-28,31.8452213472
2022-09-29,31.8452213472
2022-09-30,31.5908104879
2022-10-03,33.3760728968
2022-10-04,34.8104237756
2022-10-05,35.5297924121
2022-10-06,36.1614331661
2022-10-07,35.8807039421
2022-10-10,35.1437897291
2022-10-11,34.8630605051
2022-10-12,35.1437897291
2022-10-13,36.578140608
2022-10-14,35.2139720351
2022-10-17,35.6526114476
2022-10-18,35.9640454305
2022-10-19,37.0255528087
2022-10-20,37.0606439617
2022-10-21,38.1309241282
2022-10-24,38.3107662873
2022-10-25,38.3502438345
2022-10-26,38.8722247353
2022-10-27,39.0125893473
2022-10-28,39.1485675652
2022-10-31,39.4775471246
2022-11-01,39.8591634135
2022-11-02,38.8985431001
2022-11-03,39.6179117366
2022-11-04,40.1004150903
2022-11-07,40.7890789679
2022-11-08,40.8285565151
2022-11-09,38.8327471882
2022-11-10,39.6968668308
2022-11-11,40.8504884857
2022-11-14,40.8373293033
2022-11-15,41.2671959276
2022-11-16,40.4250082556
2022-11-17,40.5127361381
2022-11-18,40.192529367
2022-11-21,39.6486164955
2022-11-22,40.8899660328
2022-11-23,40.4469402262
2022-11-25,40.297802826
2022-11-28,39.1924315065
2022-11-29,39.7845947133
2022-11-30,39.981982449
2022-12-01,39.8503906252
2022-12-02,39.6135253425
2022-12-05,38.437971717
2022-12-06,37.4247146741
2022-12-07,37.3369867916
2022-12-08,37.1703038149
2022-12-09,36.2667066251
2022-12-12,37.2185541502
2022-12-13,37.9247636044
2022-12-14,37.6922847157
2022-12-15,37.4641922212
2022-12-16,37.0036208381
2022-12-19,36.9990721474
2022-12-20,37.557448371
2022-12-21,38.2709291011
2022-12-22,37.3890491924
2022-12-23,38.5811381142
2022-12-27,38.9932729459
2022-12-28,38.1202561519
2022-12-29,38.5190963116
2022-12-30,38.7628319647
2023-01-03,37.4023438644
2023-01-04,37.3979123071
2023-01-05,38.0803721359
2023-01-06,38.8027159807
2023-01-09,38.6653377035
2023-01-10,38.9400942579
2023-01-11,39.0597463058
2023-01-12,39.8042479372
2023-01-13,39.8618581825
2023-01-17,39.9460577718
2023-01-18,39.2148508124
2023-01-19,39.7023221186
2023-01-20,40.096730721
2023-01-23,40.149909409
2023-01-24,39.9948049024
2023-01-25,39.9992364598
2023-01-26,41.2622302988
2023-01-27,40.4290975208
2023-01-30,39.5029020388
2023-01-31,39.8529950679
2023-02-01,39.0686094205
2023-02-02,38.1778663972
2023-02-03,38.0936668079
2023-02-06,37.920836072
2023-02-07,39.1528090097
2023-02-08,38.8027159807
2023-02-09,38.4703491809
2023-02-10,39.9770786731
2023-02-13,39.8751528545
2023-02-14,39.8884475265
2023-02-15,39.210419255
2023-02-16,38.8248737673
2023-02-17,37.4422278804
2023-02-21,37.2561024725
2023-02-22,37.0079352621
2023-02-23,37.5663114856
2023-02-24,37.517564355
2023-02-27,37.6283532883
2023-02-28,37.087703294
2023-03-01,37.8189102534
2023-03-02,38.1512770532
2023-03-03,38.6697692608
2023-03-06,38.6874954901
2023-03-07,38.013898776
2023-03-08,37.6239217309
2023-03-09,37.0921348513
2023-03-10,36.617958217
2023-03-13,35.8734565856
2023-03-14,36.227981172
2023-03-15,34.2825275042
2023-03-16,34.6547783199
2023-03-17,34.1096967683
2023-03-20,34.7856630362
2023-03-21,35.9899543305
2023-03-22,35.2244011285
2023-03-23,34.7364169237
2023-03-24,34.870724503
2023-03-27,35.6138931084
2023-03-28,36.1645541835
2023-03-29,36.6659691462
2023-03-30,36.8271382414
2023-03-31,37.082322642
2023-04-03,38.7611673831
2023-04-04,38.0582910515
2023-04-05,38.6313367232
2023-04-06,38.0448602936
2023-04-10,38.3492908067
2023-04-11,38.7119212707
2023-04-12,38.7387827866
2023-04-13,38.9805364293
2023-04-14,39.0521671383
2023-04-17,38.5910444494
2023-04-18,38.7432597059
2023-04-19,38.6089521266
2023-04-20,38.2687062591
2023-04-21,38.0448602936
2023-04-24,38.6268598039
2023-04-25,37.9015988757
2023-04-26,37.3957069937
2023-04-27,37.530014573
2023-04-28,38.1120140832
2023-05-01,37.6822298295
2023-05-02,36.0436773622
2023-05-03,35.3631856271
2023-05-04,34.9692167279
2023-05-05,35.9183236215
2023-05-08,35.9183236215
2023-05-09,35.9317543794
2023-05-10,35.5243547223
2023-05-11,35.0990473878
2023-05-12,35.1527704195
2023-05-15,35.3318471919
2023-05-16,34.4633248459
2023-05-17,35.1259089037
2023-05-18,35.3810933043
2023-05-19,35.6541853822
2023-05-22,35.506447045
2023-05-23,35.8869851863
2023-05-24,36.0436773622
2023-05-25,35.4034779009
2023-05-26,35.2646934023
2023-05-30,34.9020629382
2023-05-31,34.2887249928
2023-06-01,34.7140323272
2023-06-02,35.7705852843
2023-06-05,35.5333085609
2023-06-06,35.8198313967
2023-06-07,36.7689382903
2023-06-08,36.6122461145
2023-06-09,36.4107847456
2023-06-12,36.0615850394
2023-06-13,36.2317079732
2023-06-14,35.8601236705
2023-06-15,36.2540925697
2023-06-16,36.200369538
2023-06-20,35.3971399262
2023-06-21,35.6772091804
2023-06-22,35.1983811007
2023-06-23,34.9454153228
2023-06-26,35.5733125216
2023-06-27,35.6546229502
2023-06-28,36.0160026329
2023-06-29,36.4315892681
2023-06-30,36.6664860619
2023-07-03,36.7523137366
2023-07-05,36.549037665
2023-07-06,35.7268988867
2023-07-07,36.4948307126
2023-07-10,36.7794172128
2023-07-11,37.5880042529
2023-07-12,37.9358321976
2023-07-13,37.7912803245
2023-07-14,36.7929689509
2023-07-17,36.7206930143
2023-07-18,37.0911071892
2023-07-19,37.3079349988
2023-07-20,37.7461078642
2023-07-21,38.0803840707
2023-07-24,38.6947295314
2023-07-25,38.8980056029
2023-07-26,38.9115573411
2023-07-27,38.6631088092
2023-07-28,38.7805572061
2023-07-31,39.5168683097
2023-08-01,39.3316612223
2023-08-02,38.8166951743
2023-08-03,39.2096955793
2023-08-04,39.2639025317
2023-08-07,39.3090749921
2023-08-08,39.5033165716
2023-08-09,40.0002136354
2023-08-10,39.9956963893
2023-08-11,40.61004185
2023-08-14,40.4383865007
2023-08-15,39.5981787383
2023-08-16,39.2548680397
2023-08-17,39.7246616273
2023-08-18,40.1176620323
2023-08-21,39.8646962543
2023-08-22,39.557523524
2023-08-23,39.4581441112
2023-08-24,39.1871093492
2023-08-25,39.5665580161
2023-08-28,39.8330755321
2023-08-29,39.9414894369
2023-08-30,40.1402482624
2023-08-31,40.1673517386
2023-09-01,40.9894905169
2023-09-05,41.2063183266
2023-09-06,41.2243873107
2023-09-07,41.1837320964
2023-09-08,41.5812497474
2023-09-11,41.0346629773
2023-09-12,42.0013536286
2023-09-13,41.6851464062
2023-09-14,42.173008978
2023-09-15,41.5631807633
2023-09-18,41.9126385303
2023-09-19,41.5213143621
2023-09-20,41.1345404749
2023-09-21,40.5703056277
2023-09-22,40.638559843
2023-09-25,41.148191318
2023-09-26,40.9115767046
2023-09-27,41.9308396544
2023-09-28,41.9763424647
2023-09-29,41.1299901939
2023-10-02,40.3109396092
2023-10-03,40.283637923
2023-10-04,39.0186597978
2023-10-05,38.7774949034
2023-10-06,39.0095592357
2023-10-09,40.3109396092
2023-10-10,40.3609927005
2023-10-11,39.8422606635
2023-10-12,39.8877634738
2023-10-13,40.7659677118
2023-10-16,41.0389845733
2023-10-17,41.4667109898
2023-10-18,41.8443843149
2023-10-19,41.7715798185
2023-10-20,41.0708365405
2023-10-23,40.4064955107
2023-10-24,39.8377103825
2023-10-25,39.7649058861
2023-10-26,39.4554867763
2023-10-27,38.5090283229
2023-10-30,38.6364361916
2023-10-31,38.7638440603
2023-11-01,38.6728384398
2023-11-02,39.8422606635
2023-11-03,39.4418359332
2023-11-06,38.9959083927
2023-11-07,38.1313549977
2023-11-08,37.65357549
2023-11-09,37.5398184644
2023-11-10,37.9538940377
2023-11-13,38.2269108993
2023-11-14,38.5681819762
2023-11-15,38.4953774798
2023-11-16,37.7445811105
2023-11-17,38.536330009
2023-11-20,38.5909333814
2023-11-21,38.5044780419
2023-11-22,38.4862769178
2023-11-24,38.6455367537
2023-11-27,38.5090283229
2023-11-28,38.5181288849
2023-11-29,38.2314611803
2023-11-30,38.4862769178
2023-12-01,38.6864892829
2023-12-04,38.5090283229
2023-12-05,37.835586731
2023-12-06,37.2713518838
2023-12-07,37.0165361464
2023-12-08,37.4169608766
2023-12-11,37.4624636869
2023-12-12,36.948281931
2023-12-13,37.4624636869
2023-12-14,38.5636316952
2023-12-15,38.358869049
2023-12-18,38.6692614639
2023-12-19,39.1332191032
2023-12-20,38.7703215438
2023-12-21,38.9219116635
2023-12-22,39.0367526634
2023-12-26,39.3720883829
2023-12-27,39.1975300631
2023-12-28,38.600356864
2023-12-29,38.5130777041
2024-01-02,38.9265053035
2024-01-03,39.5604276226
2024-01-04,38.8667879836
2024-01-05,38.8989434636
2024-01-08,38.4487667442
2024-01-09,37.8332189851
2024-01-10,37.4611341457
2024-01-11,37.5576005855
2024-01-12,37.9802154649
2024-01-16,37.0752683862
2024-01-17,36.7674945067
2024-01-18,36.7077771868
2024-01-19,36.8272118266
2024-01-22,36.9650210264
2024-01-23,37.0431129063
2024-01-24,37.5713815055
2024-01-25,38.4166112643
2024-01-26,38.7014169439
2024-01-29,38.6462932639
2024-01-30,39.0459399434
2024-01-31,38.3155511844
2024-02-01,38.3109575444
2024-02-02,38.3660812243
2024-02-05,38.2696147845
2024-02-06,38.3936430643
2024-02-07,38.4717349442
2024-02-08,38.8667879836
2024-02-09,38.2696147845
2024-02-12,38.6922296639
2024-02-13,38.3017702644
2024-02-14,38.2650211445
2024-02-15,39.3307456229
2024-02-16,39.307777423
2024-02-20,38.9494735035
2024-02-21,39.6798622624
2024-02-22,39.7487668623
2024-02-23,39.4869293827
2024-02-26,39.6247385825
2024-02-27,39.4547739028
2024-02-28,39.3766820229
2024-02-29,39.5696149026
2024-03-01,40.0289789019
2024-03-04,39.6017703826
2024-03-05,39.8957633421
2024-03-06,40.0197916219
2024-03-07,40.3597209815
2024-03-08,40.5021238212
2024-03-11,40.9201450606
2024-03-12,40.8558341007
2024-03-13,41.5081309798
2024-03-14,41.9353394992
2024-03-15,42.059367779
2024-03-18,42.2035772974
2024-03-19,42.685162994
2024-03-20,42.6249647819
2024-03-21,42.8796495253
2024-03-22,42.7870368914
2024-03-25,43.1852712174
2024-03-26,42.8518657351
2024-03-27,43.2501000612
2024-03-28,43.7177938627
2024-04-01,44.0419380816
2024-04-02,44.6578120974
2024-04-03,44.9634337895
2024-04-04,44.9356499993
2024-04-05,45.4172356959
2024-04-08,45.1301365307
2024-04-09,45.1440284257
2024-04-10,45.2829473767
2024-04-11,45.2505329548
2024-04-12,44.5142625148
2024-04-15,44.097505662
2024-04-16,43.713163231
2024-04-17,43.5881361752
2024-04-18,43.4538478559
2024-04-19,43.9771092378
2024-04-22,44.2642084031
2024-04-23,44.5096318831
2024-04-24,44.542046305
2024-04-25,44.7457940997
2024-04-26,44.3336678786
2024-04-29,44.6346589389
2024-04-30,43.3056676416
2024-05-01,42.6157035185
2024-05-02,42.8611269985
2024-05-03,42.8657576302
2024-05-06,43.2037937442
2024-05-07,43.1621180589
2024-05-08,43.1111811102
2024-05-09,43.6900100725
2024-05-10,43.4492172242
2024-05-13,43.3334514318
2024-05-14,43.3890190121
2024-05-15,43.4862622778
2024-05-16,43.3658658536
2024-05-17,43.9724786061
2024-05-20,43.6853794408
2024-05-21,43.4723703827
2024-05-22,42.638856677
2024-05-23,42.2498836144
2024-05-24,42.3100818265
2024-05-28,42.7453612061
2024-05-29,41.9905682393
2024-05-30,42.1109646634
2024-05-31,43.1574874272
2024-06-03,42.0276132929
2024-06-04,41.6247483351
2024-06-05,41.6201177034
2024-06-06,41.8377573932
2024-06-07,41.6710546521
2024-06-10,41.9859376076
2024-06-11,41.902586237
2024-06-12,41.4534149623
2024-06-13,41.073703163
2024-06-14,40.7680814709
2024-06-17,40.874586
2024-06-18,41.0459193728
2024-06-20,41.8007123396
2024-06-21,41.5599194913
2024-06-24,42.5994217544
2024-06-25,42.6974265591
2024-06-26,42.2774059677
2024-06-27,42.3754107724
2024-06-28,42.5387521134
2024-07-01,42.5620865907
2024-07-02,42.5294183225
2024-07-03,42.7160941409
2024-07-05,42.0487280902
2024-07-08,41.7920488399
2024-07-09,41.4233640986
2024-07-10,41.7033778262
2024-07-11,42.1373991039
2024-07-12,42.2447376995
2024-07-15,42.8841023774
2024-07-16,43.0754450913
2024-07-17,43.5047994736
2024-07-18,43.5841366964
2024-07-19,43.1081133595
2024-07-22,42.8374334229
2024-07-23,42.1560666858
2024-07-24,42.1607335812
2024-07-25,42.8887692729
2024-07-26,43.0241092412
2024-07-29,42.6554244999
2024-07-30,43.3181236552
2024-07-31,43.5001325781
2024-08-01,42.3474093996
2024-08-02,41.2553558621
2024-08-05,40.3453112475
2024-08-06,40.5926567068
2024-08-07,40.7559980479
2024-08-08,41.6333743943
2024-08-09,41.7267123035
2024-08-12,41.9320557037
2024-08-13,41.5260357987
2024-08-14,41.7687143626
2024-08-15,42.2680721768
2024-08-16,42.2214032222
2024-08-19,42.5060838452
2024-08-20,41.3860289349
2024-08-21,41.4560323668
2024-08-22,41.5633709624
2024-08-23,42.1840680585
2024-08-26,42.5620865907
2024-08-27,42.1654004767
2024-08-28,41.89472054
2024-08-29,42.4407473088
2024-08-30,42.5994217544
2024-09-03,41.5400364851
2024-09-04,40.9660083436
2024-09-05,40.6486594523
2024-09-06,40.1399678473
2024-09-09,40.4293153657
2024-09-10,39.7339479423
2024-09-11,39.365263201
2024-09-12,39.7199472559
2024-09-13,39.943958238
2024-09-16,40.401313993
2024-09-17,40.9473407618
2024-09-18,41.0266779846
2024-09-19,41.5167020078
2024-09-20,41.4233640986
2024-09-23,41.9308852463
2024-09-24,41.8273754309
2024-09-25,41.0087068904
2024-09-26,40.2041533247
2024-09-27,41.0228218652
2024-09-30,41.3098263535
2024-10-01,42.2508246759
2024-10-02,42.6836839042
2024-10-03,43.4364825622
2024-10-04,43.8411118408
2024-10-07,43.996376564
2024-10-08,42.8483586107
2024-10-09,43.1071331493
2024-10-10,43.3988426293
2024-10-11,43.6670271512
2024-10-14,43.6482071847
2024-10-15,42.2414146927
2024-10-16,42.443729332
2024-10-17,42.6460439714
2024-10-18,42.504894223
2024-10-21,42.3778594495
2024-10-22,42.4766642733
2024-10-23,42.2555296676
2024-10-24,42.2508246759
2024-10-25,42.2367097011
2024-10-28,41.9685251792
2024-10-29,41.32864632
2024-10-30,41.4227461522
2024-10-31,41.6815206909
2024-11-01,41.4180411606
2024-11-04,42.1426098689
2024-11-05,42.4249093656
2024-11-06,44.0199015221
2024-11-07,43.8175868827
2024-11-08,44.1092963627
2024-11-11,44.3586609181
2024-11-12,44.1234113375
2024-11-13,44.4668757252
2024-11-14,44.6362554232
2024-11-15,44.5703855407
2024-11-18,45.1632144838
2024-11-19,44.8762099955
2024-11-20,45.3278891902
2024-11-21,45.6948785359
2024-11-22,45.7654534101
2024-11-25,44.8620950206
2024-11-26,44.8009301297
2024-11-27,44.7538802135
2024-11-29,44.9467848696
2024-12-02,44.4715807168
2024-12-03,44.4668757252
2024-12-04,43.3941376377
2024-12-05,43.5635173357
2024-12-06,42.8248336526
2024-12-09,42.7542587784
2024-12-10,42.4625492985
2024-12-11,42.5331241727
2024-12-12,42.189659785
2024-12-13,41.9779351624
2024-12-16,41.0557568065
2024-12-17,40.7499323517
2024-12-18,39.545454499
2024-12-19,39.2019901114
2024-12-20,39.5877994235
2024-12-23,39.818338837
2024-12-24,40.1551793062
2024-12-26,40.1219696825
2024-12-27,40.1172254505
2024-12-30,40.1124812185
2024-12-31,40.6390909661
2025-01-02,41.113514162
2025-01-03,41.4977969507
2025-01-06,41.3080276724
2025-01-07,41.7207758528
2025-01-08,41.7634739405
2025-01-10,41.934266291
2025-01-13,42.8166934355
2025-01-14,43.2768839356
2025-01-15,43.9173552501
2025-01-16,44.2352187914
2025-01-17,44.5768034925
2025-01-21,44.3490803585
2025-01-22,43.5425609253
2025-01-23,43.7418186676
2025-01-24,43.3195820232
2025-01-27,42.8688799871
2025-01-28,42.4608760385
2025-01-29,42.5557606777
2025-01-30,42.7739953479
2025-01-31,41.5784488941
2025-02-03,41.8393816518
2025-02-04,42.7170645644
2025-02-05,42.8072049716
2025-02-06,42.0196624663
2025-02-07,42.0149182343
2025-02-10,42.9400434665
2025-02-11,43.2863723995
2025-02-12,42.2426413684
2025-02-13,42.5605049097
2025-02-14,42.7312972602
2025-02-18,43.3148377913
2025-02-19,43.6564224924
2025-02-20,44.054937977
2025-02-21,43.1393012088
2025-02-24,43.1487896727
2025-02-25,42.527295286
2025-02-26,42.285339456
2025-02-27,42.5130625901
2025-02-28,43.1725108325
2025-03-03,41.6638450693
2025-03-04,41.2605853528
2025-03-05,40.6580678939
2025-03-06,40.7814179248
2025-03-07,41.4788200229
2025-03-10,41.7871951003
2025-03-11,41.4550988631
2025-03-12,41.6448681415
2025-03-13,41.3602142239
2025-03-14,42.5842260695
2025-03-17,43.2626512397
2025-03-18,43.3338147191
2025-03-19,44.0407052811
2025-03-20,44.2020091677
2025-03-21,43.8936340903
2025-03-24,44.390037313
2025-03-25,44.5717089789
2025-03-26,44.8346548111
2025-03-27,44.3995989796
2025-03-28,44.1892423138
2025-03-31,44.6768873118
2025-04-01,44.939833144
2025-04-02,45.0019839771
2025-04-03,41.4689481586
2025-04-04,37.6538431747
2025-04-07,37.4100206757
2025-04-08,36.544689846
2025-04-09,39.3749431674
2025-04-10,36.8028548449
2025-04-11,37.7159940078
2025-04-14,37.8498573405
2025-04-15,37.7924873408
2025-04-16,38.1032415061
2025-04-17,38.9637915025
2025-04-21,37.9454740068
2025-04-22,38.9112023361
2025-04-23,38.8394898364
2025-04-24,39.4609981671
2025-04-25,39.3892856674
2025-04-28,39.6665739995
2025-04-29,39.551834
2025-04-30,38.4857081712
2025-05-01,38.6291331706
2025-05-02,39.1932715015
2025-05-05,38.4857081712
2025-05-06,38.4952698378
2025-05-07,38.5096123378
2025-05-08,39.0163806689
2025-05-09,39.4084090006
2025-05-12,40.436288163
2025-05-13,41.0052073272
2025-05-14,40.756603995
2025-05-15,40.9287139942
2025-05-16,40.8665631612
2025-05-19,40.3358906634
2025-05-20,39.962985665
2025-05-21,39.2267373347
2025-05-22,39.0737506687
2025-05-23,39.1980523349
2025-05-27,39.5374915001
2025-05-28,39.0355040022
2025-05-29,39.3271348343
2025-05-30,38.9781340024
2025-06-02,39.489683167
2025-06-03,39.9582048316
2025-06-04,39.1789290016
2025-06-05,39.1406823351
2025-06-06,39.8769306653
2025-06-09,39.9534239983
2025-06-10,40.665768162
2025-06-11,41.2538106595
2025-06-12,41.3972356589
2025-06-13,42.1191414892
2025-06-16,41.9948398231
2025-06-17,42.3868681547
2025-06-18,42.1095798226
2025-06-20,42.5398548208
2025-06-23,41.4728961708
2025-06-24,40.9329723801
2025-06-25,40.7546046993
2025-06-26,41.3379152231
2025-06-27,41.1209815572
2025-06-30,40.8847648988
2025-07-01,41.1981135273
2025-07-02,41.9067635026
2025-07-03,41.9549709839
2025-07-07,41.5500281409
2025-07-08,42.6684417072
2025-07-09,42.4515080414
2025-07-10,42.7744981661
2025-07-11,42.9673280914
2025-07-14,42.4948947745
2025-07-15,41.8826597619
2025-07-16,41.5211036521
2025-07-17,41.776603303
2025-07-18,41.4391509339
2025-07-21,41.0101043502
2025-07-22,41.2029342754
2025-07-23,41.848914525
2025-07-24,42.1478009091
2025-07-25,41.9887162208
2025-07-28,42.4659702857
2025-07-29,42.880554625
2025-07-30,42.2683196124
2025-07-31,42.0417444502
2025-08-01,41.260783253
2025-08-04,41.1691890385
2025-08-05,41.222217268
2025-08-06,40.8413781656
2025-08-07,40.6822934773
2025-08-08,40.9426138764
2025-08-11,40.6148030035
2025-08-12,40.8124536768
2025-08-13,41.2848869937
2025-08-14,41.2463210086
2025-08-15,41.2463210086
2025-08-18,41.0004628539
2025-08-19,41.0149250983
2025-08-20,41.3571982156
2025-08-21,41.6416223554
2025-08-22,42.4900740264
2025-08-25,42.6009512334
2025-08-26,42.5334607596
2025-08-27,43.0107148245
2025-08-28,43.3385256975
2025-08-29,43.5747423559
2025-09-02,43.6374120816
2025-09-03,42.658800211
2025-09-04,42.9432243507
2025-09-05,42.1140556722
2025-09-08,42.0176407096
2025-09-09,42.2201121311
2025-09-10,42.9576865951
2025-09-11,42.9673280914
2025-09-12,42.7118284404
2025-09-15,42.5672059965
2025-09-16,43.2806767199
2025-09-17,43.3819124306
2025-09-18,43.246931483
2025-09-19,42.6732624554
2025-09-22,42.6244432211
2025-09-23,43.3585929789
2025-09-24,43.9225755743
2025-09-25,44.3163910073
2025-09-26,44.724792197
2025-09-29,43.9031278986
2025-09-30,43.4363836817
2025-10-01,43.4363836817
2025-10-02,42.9988109784
2025-10-03,43.2273211679
2025-10-06,43.4412456006
2025-10-07,43.5093124656
2025-10-08,43.2564926815
2025-10-09,42.6682004915
2025-10-10,41.4332730843
2025-10-13,41.9972556797
2025-10-14,41.9923937608
2025-10-15,41.9680841662
2025-10-16,41.4624445979
2025-10-17,41.8027789227
2025-10-20,42.2452135449
2025-10-21,42.1479751664
2025-10-22,42.6876481672
2025-10-23,43.2564926815
2025-10-24,42.8189199782
2025-10-27,42.9210202756
2025-10-28,42.4737237344
2025-10-29,42.7897484646
2025-10-30,42.5369286805
2025-10-31,42.8480914917
2025-11-03,42.8529534106
2025-11-04,42.3910711127
2025-11-05,42.502895248
2025-11-06,42.9161583567
2025-11-07,43.5336220602
2025-11-10,43.9274374932
2025-11-11,44.5011439264
2025-11-12,43.8788183039
2025-11-13,43.9906424392
2025-11-14,44.7393779538
2025-11-17,43.9225755743
2025-11-18,44.2726337369
2025-11-19,43.6989273037
2025-11-20,43.2030115733
2025-11-21,43.4752790331
2025-11-24,43.35373106
2025-11-25,43.0814636001
2025-11-26,43.4072121682
2025-11-28,43.9760566825
2025-12-01,44.399043629
2025-12-02,43.8253371958
2025-12-03,44.6470014942
2025-12-04,44.8366163323
2025-12-05,44.6518634131
2025-12-08,44.1656715206
2025-12-09,44.4379389804
2025-12-10,44.9046831973
2025-12-11,44.6907587645
2025-12-12,44.2531860612
2025-12-15,43.94202325
2025-12-16,42.6001336265
2025-12-17,43.5433458981
2025-12-18,42.9112964377
2025-12-19,42.9112964377
2025-12-22,43.3518008782
2025-12-23,43.6361714336
2025-12-24,43.5086949777
2025-12-26,43.3419949969
2025-12-29,43.7538420082
2025-12-30,44.0872419697
2025-12-31,43.8420949392
2026-01-02,44.763847774
2026-01-05,45.9797770454
2026-01-06,44.7540418928
2026-01-07,44.2539419505
2026-01-08,45.6463770839
2026-01-09,45.7640476585
2026-01-12,45.4404535782
2026-01-13,46.0876417388
2026-01-14,47.1270651483
2026-01-15,46.6858004933
2026-01-16,46.7642475431
2026-01-20,46.6759946121
2026-01-21,47.8036709525
2026-01-22,47.960565052
2026-01-23,48.2351297262
2026-01-26,48.2645473699
2026-01-27,48.7058120248
2026-01-28,49.0784355112
2026-01-29,49.5295060474
2026-01-30,50.0590236333
2026-02-02,49.0784355112
2026-02-03,50.6669882691
2026-02-04,51.8044704907
2026-02-05,51.196505855
2026-02-06,52.216317502
2026-02-09,52.5987468696
2026-02-10,52.5399115823
2026-02-11,53.9127349532
2026-02-12,52.9321468311
2026-02-13,53.2949644363
2026-02-17,52.706611563
2026-02-18,53.7166173288
2026-02-19,54.1088525776
2026-02-20,53.814676141
2026-02-23,54.079434934
2026-02-24,54.0304055279
2026-02-25,53.8048702598
2026-02-26,53.9813761218
2026-02-27,54.834487788
2026-03-02,55.9327464847
2026-03-03,55.4228406613
2026-03-04,55.099246581
2026-03-05,55.3836171364
2026-03-06,55.4718700674
2026-03-09,55.2267230368
2026-03-10,54.5206995889
2026-03-11,55.8739111974
2026-03-12,56.3936229021
2026-03-13,56.5799346453
2026-03-16,56.7760522698
2026-03-17,57.3742110242
2026-03-18,57.2957639745
2026-03-19,58.207710928
2026-03-20,58.1586815219
2026-03-23,58.8501706927
2026-03-24,60.0443465528
2026-03-25,59.7778775592
2026-03-26,60.7154536477
2026-03-27,61.7418527341
2026-03-30,61.149699415
2026-03-31,60.4588538761
2026-04-01,58.1988020417
2026-04-02,58.4751402573
2026-04-06,58.8995168026
2026-04-07,59.3732394579
2026-04-08,57.2908336192
2026-04-09,56.5802496363
2026-04-10,56.1953499789
2026-04-13,56.3631267526
2026-04-14,55.2182970024
2026-04-15,55.0307817847
2026-04-16,55.8400579875
2026-04-17,54.3004593579
2026-04-20,54.3498054678
2026-04-21,55.1393432266
2026-04-22,55.8005810995
2026-04-23,56.2348268668
2026-04-24,56.126265425
2026-04-27,56.0275732052
2026-04-28,56.9552800717
2026-04-29,58.2580173736
2026-04-30,58.8699091367
2026-05-01,58.0803713779
2026-05-04,58.6133093651
2026-05-05,58.672524697
2026-05-06,56.2545653108
2026-05-07,55.2182970024
2026-05-08,54.9715664528
2026-05-11,56.4223420845
2026-05-12,56.8171109639
2026-05-13,56.8763262958
2026-05-14,57.3105720631
2026-05-15,58.662655475
2026-05-18,59.7877467812
2026-05-19,60.4884615421
2026-05-20,59.0179474664
2026-05-21,58.3567095935
2026-05-22,58.7120015849
2026-05-26,57.0934491795
2026-05-27,56.2446960888
2026-05-28,56.2052192009
2026-05-29,55.5538505499
2026-06-01,56.5506419703
2026-06-02,57.2020106213
2026-06-03,57.9422022701
2026-06-04,57.9816791581
2026-06-05,56.9158031838
2026-06-08,57.5671718347
2026-06-09,56.6394649682
2026-06-10,57.4882180588
2026-06-11,56.3729959746
2026-06-12,56.7973725199
2026-06-15,54.8235281231
2026-06-16,54.6360129054
2026-06-17,53.9550365884
2026-06-18,53.0668066099
2026-06-22,53.7328567154
2026-06-23,54.1304361214
2026-06-24,53.2458219431
2026-06-25,53.7626751709
2026-06-26,53.5141880422
2026-06-29,53.2557614283
2026-06-30,52.7886056263
2026-07-01,52.4904210718
2026-07-02,52.8979399629
2026-07-06,52.8084845966
2026-07-07,54.3093468541
2026-07-08,55.2635374284
2026-07-09,54.4882575868
2026-07-10,54.7466842006
2026-07-13,56.3966387354
2026-07-14,56.6053679235
2026-07-15,56.1580910918
2026-07-16,56.6749443195
2026-07-17,57.3309503394
2026-07-20,57.5893769533
2026-07-21,58.1459881216
2026-07-22,58.841752082
2026-07-23,59.0206628147
2026-07-24,59.2592104583
2026-07-27,58.0068353295
2026-07-28,57.2216160027
2026-07-29,58.2950803988
2026-07-30,58.6032044385
2026-07-31,59.1896340622
2026-08-03,58.4342331909
2026-08-04,58.1658670919
2026-08-05,56.9631893889
2026-08-06,57.8080456265
2026-08-07,57.1520396067
2026-08-10,59.8158216266
2026-08-11,60.5612830128
2026-08-12,60.6606778643
2026-08-13,60.6904963197
2026-08-14,61.5353525574
2026-08-17,62.2012980624
2026-08-18,63.2946414288
2026-08-19,63.1952465773
2026-08-20,63.3642178248
2026-08-21,63.2548834882
2026-08-24,62.7280907753
2026-08-25,61.6844448346
2026-08-26,62.0522057852
2026-08-27,61.9130529931
2026-08-28,62.3006929139
2026-08-31,63.5729470129
2026-09-01,64.37804531
2026-09-02,64.7060483199
2026-09-03,64.2289530328
2026-09-04,63.6723418644
2026-09-08,64.37804531
2026-09-09,64.9147775081
2026-09-10,64.5370770724
2026-09-11,64.7458062605
2026-09-14,64.1394976664
2026-09-15,65.5310255873
2026-09-16,63.642523409
2026-09-17,64.0898002407
2026-09-18,63.9208289932
2026-09-21,62.46
2026-09-22,61.78
2026-09-23,62.37
