# XLF | Tiingo | fetched 2026-09-23
date,value
2015-01-02,16.1458236736
2015-01-05,15.8063239441
2015-01-06,15.5647568289
2015-01-07,15.7279778527
2015-01-08,15.963016127
2015-01-09,15.7475643756
2015-01-12,15.6169875565
2015-01-13,15.5647568289
2015-01-14,15.3427762366
2015-01-15,15.153439849
2015-01-16,15.3362473956
2015-01-20,15.2709589861
2015-01-21,15.3101320318
2015-01-22,15.688804807
2015-01-23,15.5190549423
2015-01-26,15.5974010337
2015-01-27,15.4276511689
2015-01-28,15.146911008
2015-01-29,15.2709589861
2015-01-30,15.0228630299
2015-02-02,15.2644301451
2015-02-03,15.5190549423
2015-02-04,15.4798818965
2015-02-05,15.6365740794
2015-02-06,15.7606220575
2015-02-09,15.682275966
2015-02-10,15.8063239441
2015-02-11,15.8063239441
2015-02-12,15.963016127
2015-02-13,15.9499584451
2015-02-17,16.0021891727
2015-02-18,15.9042565584
2015-02-19,15.8389681489
2015-02-20,15.956487286
2015-02-23,15.9173142403
2015-02-24,15.9956603317
2015-02-25,15.9956603317
2015-02-26,15.956487286
2015-02-27,15.8977277175
2015-03-02,16.0152468546
2015-03-03,15.9695449679
2015-03-04,15.8716123536
2015-03-05,15.9369007632
2015-03-06,15.819381626
2015-03-09,15.8911988765
2015-03-10,15.551699147
2015-03-11,15.6496317613
2015-03-12,15.9891314908
2015-03-13,15.8781411946
2015-03-16,16.0740064231
2015-03-17,16.0348333774
2015-03-18,16.1262371508
2015-03-19,15.9760738089
2015-03-20,16.1919956368
2015-03-23,16.1002562848
2015-03-24,15.9692000676
2015-03-25,15.713640444
2015-03-26,15.7005348223
2015-03-27,15.6808763897
2015-03-30,15.9102247698
2015-03-31,15.7988269852
2015-04-01,15.7857213635
2015-04-02,15.8643550938
2015-04-06,15.8905663372
2015-04-07,15.805379796
2015-04-08,15.8643550938
2015-04-09,15.8872899318
2015-04-10,15.8840135264
2015-04-13,15.9429888241
2015-04-14,15.9429888241
2015-04-15,16.0019641219
2015-04-16,16.0248989599
2015-04-17,15.8119326069
2015-04-20,15.8774607155
2015-04-21,15.7988269852
2015-04-22,15.9102247698
2015-04-23,15.9364360133
2015-04-24,15.9102247698
2015-04-27,15.8512494721
2015-04-28,15.9429888241
2015-04-29,15.9364360133
2015-04-30,15.8119326069
2015-05-01,15.949541635
2015-05-04,16.1068090956
2015-05-05,15.9626472567
2015-05-06,15.8840135264
2015-05-07,15.995411311
2015-05-08,16.2247596911
2015-05-11,16.1657843934
2015-05-12,16.1068090956
2015-05-13,16.1133619065
2015-05-14,16.2575237454
2015-05-15,16.185442826
2015-05-18,16.277182178
2015-05-19,16.3689215301
2015-05-20,16.323051854
2015-05-21,16.2837349889
2015-05-22,16.2902877997
2015-05-26,16.1068090956
2015-05-27,16.2837349889
2015-05-28,16.2640765563
2015-05-29,16.1199147174
2015-06-01,16.1330203391
2015-06-02,16.1592315825
2015-06-03,16.2968406106
2015-06-04,16.1526787717
2015-06-05,16.2444181237
2015-06-08,16.1461259608
2015-06-09,16.185442826
2015-06-10,16.4147912061
2015-06-11,16.4803193147
2015-06-12,16.4082383952
2015-06-15,16.3361574758
2015-06-16,16.4278968278
2015-06-17,16.4082383952
2015-06-18,16.558953045
2015-06-19,16.2838267282
2015-06-22,16.5339420943
2015-06-23,16.5668520109
2015-06-24,16.4286303612
2015-06-25,16.3299006115
2015-06-26,16.382556478
2015-06-29,15.9876374789
2015-06-30,16.0468753288
2015-07-01,16.2904087115
2015-07-02,16.2180068951
2015-07-06,16.1521870619
2015-07-07,16.1850969785
2015-07-08,15.9020716958
2015-07-09,16.0271293788
2015-07-10,16.2180068951
2015-07-13,16.4154663946
2015-07-14,16.4549582945
2015-07-15,16.5931799442
2015-07-16,16.7577295271
2015-07-17,16.7116556439
2015-07-20,16.7314015938
2015-07-21,16.7116556439
2015-07-22,16.8367133269
2015-07-23,16.6919096939
2015-07-24,16.5339420943
2015-07-27,16.4154663946
2015-07-28,16.4812862278
2015-07-29,16.6458358107
2015-07-30,16.6458358107
2015-07-31,16.5931799442
2015-08-03,16.5734339942
2015-08-04,16.5471060609
2015-08-05,16.6129258941
2015-08-06,16.5536880443
2015-08-07,16.5865979608
2015-08-10,16.7445655605
2015-08-11,16.5931799442
2015-08-12,16.4417943279
2015-08-13,16.5010321777
2015-08-14,16.6195078774
2015-08-17,16.652417794
2015-08-18,16.6392538274
2015-08-19,16.4878682111
2015-08-20,16.1390230952
2015-08-21,15.5598085633
2015-08-24,14.9081922148
2015-08-25,14.6975687486
2015-08-26,15.2504553473
2015-08-27,15.6256283965
2015-08-28,15.55322658
2015-08-31,15.4215869136
2015-09-01,14.9213561814
2015-09-02,15.1253976643
2015-09-03,15.2109634474
2015-09-04,14.9081922148
2015-09-08,15.2899472472
2015-09-09,15.0793237811
2015-09-10,15.1517255976
2015-09-11,15.2175454307
2015-09-14,15.1846355142
2015-09-15,15.4018409636
2015-09-16,15.5005707134
2015-09-17,15.2833652639
2015-09-18,14.9894593046
2015-09-21,15.161447805
2015-09-22,14.9696144777
2015-09-23,14.97622942
2015-09-24,14.8703903428
2015-09-25,15.0886834395
2015-09-28,14.7380914964
2015-09-29,14.7645512656
2015-09-30,14.9894593046
2015-10-01,14.996074247
2015-10-02,15.0159190739
2015-10-05,15.3334363054
2015-10-06,15.2606719399
2015-10-07,15.3797409017
2015-10-08,15.4723500942
2015-10-09,15.3731259594
2015-10-12,15.386355844
2015-10-13,15.2672868822
2015-10-14,15.1416029781
2015-10-15,15.4855799789
2015-10-16,15.5781891714
2015-10-19,15.5649592868
2015-10-20,15.6575684793
2015-10-21,15.5451144598
2015-10-22,15.7964822681
2015-10-23,15.9684707685
2015-10-26,15.9023213453
2015-10-27,15.8097121527
2015-10-28,16.1801489228
2015-10-29,16.1603040959
2015-10-30,15.9287811145
2015-11-02,16.1470742112
2015-11-03,16.1735339805
2015-11-04,16.1272293842
2015-11-05,16.1933788075
2015-11-06,16.3587523656
2015-11-09,16.1801489228
2015-11-10,16.2529132884
2015-11-11,16.1999937498
2015-11-12,15.9552408838
2015-11-13,15.8229420374
2015-11-16,16.0147753648
2015-11-17,15.9817006531
2015-11-18,16.266143173
2015-11-19,16.2926029423
2015-11-20,16.3190627116
2015-11-23,16.2529132884
2015-11-24,16.2066086921
2015-11-25,16.2198385768
2015-11-27,16.2595282307
2015-11-30,16.2462983461
2015-12-01,16.4249017888
2015-12-02,16.2330684614
2015-12-03,15.9684707685
2015-12-04,16.3918270772
2015-12-07,16.2396834037
2015-12-08,16.0346201917
2015-12-09,15.8494018067
2015-12-10,15.8626316913
2015-12-11,15.5120397482
2015-12-14,15.5451144598
2015-12-15,15.9089362876
2015-12-16,16.1669190382
2015-12-17,15.9353960569
2015-12-18,15.5119365551
2015-12-21,15.6650586756
2015-12-22,15.8115233126
2015-12-23,15.9979328506
2015-12-24,15.9846178836
2015-12-28,15.9713029166
2015-12-29,16.1377400041
2015-12-30,16.0245627846
2015-12-31,15.8647831806
2016-01-04,15.5585389396
2016-01-05,15.6184562911
2016-01-06,15.3787868851
2016-01-07,14.9460504576
2016-01-08,14.7130385351
2016-01-11,14.7330109856
2016-01-12,14.8461882051
2016-01-13,14.4600541621
2016-01-14,14.5865463486
2016-01-15,14.2603296571
2016-01-19,14.2536721736
2016-01-20,13.9740578666
2016-01-21,13.9141405151
2016-01-22,14.1671248881
2016-01-25,13.8808530976
2016-01-26,14.1138650201
2016-01-27,14.0606051521
2016-01-28,14.0672626356
2016-01-29,14.4600541621
2016-02-01,14.4001368106
2016-02-02,14.0006878006
2016-02-03,14.0140027676
2016-02-04,14.1338374706
2016-02-05,13.9474279326
2016-02-08,13.5945813071
2016-02-09,13.5746088566
2016-02-10,13.5013765381
2016-02-11,13.0886125611
2016-02-12,13.6411836916
2016-02-16,13.8608806471
2016-02-17,14.0472901851
2016-02-18,13.9674003831
2016-02-19,13.9674003831
2016-02-22,14.1870973386
2016-02-23,13.9341129656
2016-02-24,13.9008255481
2016-02-25,14.0938925696
2016-02-26,14.1937548221
2016-02-29,14.0406327016
2016-03-01,14.5133140301
2016-03-02,14.6730936341
2016-03-03,14.7729558866
2016-03-04,14.8328732381
2016-03-07,14.8262157546
2016-03-08,14.5865463486
2016-03-09,14.6065187991
2016-03-10,14.5932038321
2016-03-11,14.9726803916
2016-03-14,14.9260780071
2016-03-15,14.9194205236
2016-03-16,14.8861331061
2016-03-17,15.0658851606
2016-03-18,15.2143437139
2016-03-21,15.1875696818
2016-03-22,15.1407151257
2016-03-23,15.0269254895
2016-03-24,14.9332163773
2016-03-28,14.9800709334
2016-03-29,15.0068449655
2016-03-30,15.0938605696
2016-03-31,15.0603930296
2016-04-01,15.1942631898
2016-04-04,15.1206346017
2016-04-05,14.9064423453
2016-04-06,14.9867644414
2016-04-07,14.7056371049
2016-04-08,14.759185169
2016-04-11,14.8194267411
2016-04-12,15.0068449655
2016-04-13,15.3482138741
2016-04-14,15.3816814142
2016-04-15,15.3281333501
2016-04-18,15.4419229863
2016-04-19,15.6360347187
2016-04-20,15.756517863
2016-04-21,15.6159541947
2016-04-22,15.763211371
2016-04-25,15.7297438309
2016-04-26,15.8301464511
2016-04-27,15.8569204831
2016-04-28,15.6895827828
2016-04-29,15.6025671786
2016-05-02,15.7431308469
2016-05-03,15.5423256065
2016-05-04,15.4218424623
2016-05-05,15.4151489543
2016-05-06,15.4820840344
2016-05-09,15.4419229863
2016-05-10,15.6628087508
2016-05-11,15.4954710504
2016-05-12,15.5021645585
2016-05-13,15.3147463341
2016-05-16,15.3950684302
2016-05-17,15.3080528261
2016-05-18,15.5757931466
2016-05-19,15.4285359703
2016-05-20,15.5356320985
2016-05-23,15.5222450825
2016-05-24,15.756517863
2016-05-25,15.9238555633
2016-05-26,15.8301464511
2016-05-27,15.9372425793
2016-05-31,15.8970815312
2016-06-01,15.9305490713
2016-06-02,15.9640166114
2016-06-03,15.7364373389
2016-06-06,15.8301464511
2016-06-07,15.796678911
2016-06-08,15.8100659271
2016-06-09,15.6962762908
2016-06-10,15.5021645585
2016-06-13,15.3950684302
2016-06-14,15.1674891578
2016-06-15,15.1875696818
2016-06-16,15.2277307299
2016-06-17,15.2150779917
2016-06-20,15.3025596431
2016-06-21,15.3900412946
2016-06-22,15.376582579
2016-06-23,15.6995917535
2016-06-24,14.8584220282
2016-06-27,14.4344724866
2016-06-28,14.8045871658
2016-06-29,15.1410550559
2016-06-30,15.3799472579
2016-07-01,15.3025596431
2016-07-05,15.0737614779
2016-07-06,15.1141376247
2016-07-07,15.1343256981
2016-07-08,15.4236880836
2016-07-11,15.511169735
2016-07-12,15.7063211113
2016-07-13,15.7063211113
2016-07-14,15.854366983
2016-07-15,15.8274495518
2016-07-18,15.8812844142
2016-07-19,15.888013772
2016-07-20,15.9149312032
2016-07-21,15.8341789096
2016-07-22,15.9351192766
2016-07-25,15.9014724876
2016-07-26,15.9149312032
2016-07-27,15.9082018454
2016-07-28,15.9418486344
2016-07-29,15.9149312032
2016-08-01,15.8745550564
2016-08-02,15.7399679003
2016-08-03,15.9014724876
2016-08-04,15.8610963408
2016-08-05,16.1639174419
2016-08-08,16.1841055153
2016-08-09,16.1975642309
2016-08-10,16.0697064326
2016-08-11,16.1033532217
2016-08-12,16.056247717
2016-08-15,16.1639174419
2016-08-16,16.1235412951
2016-08-17,16.1773761575
2016-08-18,16.1639174419
2016-08-19,16.1571880841
2016-08-22,16.1571880841
2016-08-23,16.1773761575
2016-08-24,16.1706467997
2016-08-25,16.2042935887
2016-08-26,16.2244816621
2016-08-29,16.365798176
2016-08-30,16.5138440476
2016-08-31,16.5273027632
2016-09-01,16.4600091852
2016-09-02,16.534032121
2016-09-06,16.5071146898
2016-09-07,16.500385332
2016-09-08,16.4869266164
2016-09-09,16.1773761575
2016-09-12,16.3590688182
2016-09-13,16.0697064326
2016-09-14,16.0293302858
2016-09-15,16.1235412951
2016-09-16,15.9717175619
2016-09-19,16.0597235244
2016-09-20,16.0680403154
2016-09-21,16.1678418081
2016-09-22,16.2011089723
2016-09-23,16.1179410618
2016-09-26,15.8601205391
2016-09-27,15.9848724049
2016-09-28,16.0597235244
2016-09-29,15.8351701659
2016-09-30,16.0514067333
2016-10-03,15.9765556138
2016-10-04,16.0430899423
2016-10-05,16.3009104649
2016-10-06,16.3258608381
2016-10-07,16.317544047
2016-10-10,16.4007119576
2016-10-11,16.2510097186
2016-10-12,16.2343761365
2016-10-13,16.0763571065
2016-10-14,16.151208226
2016-10-17,16.0763571065
2016-10-18,16.2094257633
2016-10-19,16.3508112113
2016-10-20,16.3508112113
2016-10-21,16.3424944202
2016-10-24,16.3923951665
2016-10-25,16.3757615844
2016-10-26,16.4755630771
2016-10-27,16.5171470323
2016-10-28,16.4422959128
2016-10-31,16.4173455397
2016-11-01,16.3508112113
2016-11-02,16.2426929276
2016-11-03,16.2593265097
2016-11-04,16.2094257633
2016-11-07,16.616948525
2016-11-08,16.625265316
2016-11-09,17.3321925556
2016-11-10,17.9725854667
2016-11-11,18.022486213
2016-11-14,18.4632761389
2016-11-15,18.4466425567
2016-11-16,18.180505243
2016-11-17,18.4300089746
2016-11-18,18.4300089746
2016-11-21,18.4965433031
2016-11-22,18.5048600941
2016-11-23,18.6129783778
2016-11-25,18.637928751
2016-11-28,18.4216921836
2016-11-29,18.4715929299
2016-11-30,18.7210966615
2016-12-01,19.0454515126
2016-12-02,18.8375317363
2016-12-05,19.0620850947
2016-12-06,19.2284209158
2016-12-07,19.5278253937
2016-12-08,19.7107947969
2016-12-09,19.7523787522
2016-12-12,19.5610925579
2016-12-13,19.6109933042
2016-12-14,19.5195086027
2016-12-15,19.6858444237
2016-12-16,19.5168031505
2016-12-19,19.5251579464
2016-12-20,19.7674470266
2016-12-21,19.7173182514
2016-12-22,19.6671894762
2016-12-23,19.7006086596
2016-12-27,19.7256730473
2016-12-28,19.5251579464
2016-12-29,19.3831264166
2016-12-30,19.424900396
2017-01-03,19.6421250886
2017-01-04,19.8008662101
2017-01-05,19.6003511092
2017-01-06,19.6671894762
2017-01-09,19.5335127423
2017-01-10,19.5752867216
2017-01-11,19.7006086596
2017-01-12,19.5335127423
2017-01-13,19.6421250886
2017-01-17,19.1742565199
2017-01-18,19.3329976414
2017-01-19,19.2494496827
2017-01-20,19.3413524373
2017-01-23,19.2160304992
2017-01-24,19.4583195794
2017-01-25,19.7841566183
2017-01-26,19.8342853936
2017-01-27,19.7590922307
2017-01-30,19.6003511092
2017-01-31,19.4750291712
2017-02-01,19.5000935588
2017-02-02,19.424900396
2017-02-03,19.8175758018
2017-02-06,19.7256730473
2017-02-07,19.675544272
2017-02-08,19.5418675381
2017-02-09,19.8092210059
2017-02-10,19.867704577
2017-02-13,20.0932840655
2017-02-14,20.3272183498
2017-02-15,20.4859594714
2017-02-16,20.4358306961
2017-02-17,20.444185492
2017-02-21,20.5444430424
2017-02-22,20.5611526342
2017-02-23,20.5611526342
2017-02-24,20.4024115127
2017-02-27,20.511023859
2017-02-28,20.5026690631
2017-03-01,21.0875047739
2017-03-02,20.761667735
2017-03-03,20.8619252855
2017-03-06,20.703184164
2017-03-07,20.6447005929
2017-03-08,20.6530553887
2017-03-09,20.7282485516
2017-03-10,20.7115389598
2017-03-13,20.761667735
2017-03-14,20.703184164
2017-03-15,20.6697649805
2017-03-16,20.703184164
2017-03-17,20.5009170624
2017-03-20,20.3508285489
2017-03-21,19.7630517448
2017-03-22,19.721127579
2017-03-23,19.7630517448
2017-03-24,19.7378972454
2017-03-27,19.662433747
2017-03-28,19.9307484079
2017-03-29,19.8049759106
2017-03-30,20.0649057384
2017-03-31,19.8972090753
2017-04-03,19.8552849095
2017-04-04,19.8301304101
2017-04-05,19.6792034133
2017-04-06,19.8049759106
2017-04-07,19.721127579
2017-04-10,19.6708185801
2017-04-11,19.612124748
2017-04-12,19.4528129181
2017-04-13,19.2012679235
2017-04-17,19.5366612497
2017-04-18,19.3521949203
2017-04-19,19.2935010882
2017-04-20,19.6205095812
2017-04-21,19.4192735855
2017-04-24,19.8552849095
2017-04-25,20.0313664058
2017-04-26,20.0145967394
2017-04-27,19.9223635748
2017-04-28,19.7295124122
2017-05-01,19.8552849095
2017-05-02,19.8301304101
2017-05-03,19.98944224
2017-05-04,20.0229815726
2017-05-05,19.98944224
2017-05-08,19.9726725737
2017-05-09,19.8972090753
2017-05-10,19.9642877405
2017-05-11,19.8385152432
2017-05-12,19.7546669117
2017-05-15,19.9055939084
2017-05-16,19.9642877405
2017-05-17,19.3354252539
2017-05-18,19.4108887523
2017-05-19,19.5785854154
2017-05-22,19.6288944143
2017-05-23,19.7798214111
2017-05-24,19.771436578
2017-05-25,19.8049759106
2017-05-26,19.7965910774
2017-05-30,19.662433747
2017-05-31,19.4947370839
2017-06-01,19.7378972454
2017-06-02,19.662433747
2017-06-05,19.6959730796
2017-06-06,19.612124748
2017-06-07,19.7630517448
2017-06-08,19.98944224
2017-06-09,20.3667597319
2017-06-12,20.4086838977
2017-06-13,20.5176867287
2017-06-14,20.5512260613
2017-06-15,20.4673777298
2017-06-16,20.4447881508
2017-06-19,20.6552120716
2017-06-20,20.4784559781
2017-06-21,20.3101168414
2017-06-22,20.1838624889
2017-06-23,20.1081098774
2017-06-26,20.2175303163
2017-06-27,20.3185337983
2017-06-28,20.638378158
2017-06-29,20.7814664242
2017-06-30,20.7646325105
2017-07-03,21.0676429565
2017-07-05,21.1013107839
2017-07-06,20.941388604
2017-07-07,21.0844768702
2017-07-10,21.0592259997
2017-07-11,20.8740529493
2017-07-12,20.941388604
2017-07-13,21.0676429565
2017-07-14,20.9750564314
2017-07-17,20.9077207767
2017-07-18,20.8740529493
2017-07-19,20.8824699062
2017-07-20,20.8740529493
2017-07-21,20.8740529493
2017-07-24,20.9666394745
2017-07-25,21.2275651364
2017-07-26,21.0844768702
2017-07-27,20.9666394745
2017-07-28,20.9666394745
2017-07-31,21.1181446975
2017-08-01,21.2696499206
2017-08-02,21.3033177479
2017-08-03,21.2275651364
2017-08-04,21.3706534026
2017-08-07,21.3369855752
2017-08-08,21.2780668774
2017-08-09,21.2780668774
2017-08-10,20.8993038198
2017-08-11,20.8151342515
2017-08-14,21.1013107839
2017-08-15,21.1181446975
2017-08-16,21.0760599134
2017-08-17,20.7141307695
2017-08-18,20.7225477263
2017-08-21,20.6636290285
2017-08-22,20.890886863
2017-08-23,20.8235512083
2017-08-24,20.8235512083
2017-08-25,20.8824699062
2017-08-28,20.7477985968
2017-08-29,20.6804629421
2017-08-30,20.7646325105
2017-08-31,20.789883381
2017-09-01,20.8488020788
2017-09-05,20.4027033666
2017-09-06,20.4532051076
2017-09-07,20.0996929206
2017-09-08,20.2848659709
2017-09-11,20.638378158
2017-09-12,20.8824699062
2017-09-13,20.9161377335
2017-09-14,20.8740529493
2017-09-15,20.9356861158
2017-09-18,21.1807950771
2017-09-19,21.341383707
2017-09-20,21.4681642043
2017-09-21,21.5188764032
2017-09-22,21.4935203037
2017-09-25,21.4681642043
2017-09-26,21.4597121711
2017-09-27,21.7217251988
2017-09-28,21.7555333314
2017-09-29,21.8569577292
2017-10-02,22.0429024586
2017-10-03,22.1189707569
2017-10-04,22.0175463591
2017-10-05,22.2457512542
2017-10-06,22.2711073537
2017-10-09,22.1865870221
2017-10-10,22.28801142
2017-10-11,22.2457512542
2017-10-12,22.0767105912
2017-10-13,22.0851626243
2017-10-16,22.2288471879
2017-10-17,22.1189707569
2017-10-18,22.2372992211
2017-10-19,22.2542032874
2017-10-20,22.5162163151
2017-10-23,22.4993122487
2017-10-24,22.6599008786
2017-10-25,22.5246683482
2017-10-26,22.6514488455
2017-10-27,22.6345447792
2017-10-30,22.5415724145
2017-10-31,22.4824081824
2017-11-01,22.5162163151
2017-11-02,22.7275171438
2017-11-03,22.6345447792
2017-11-06,22.6091886797
2017-11-07,22.2964634531
2017-11-08,22.1865870221
2017-11-09,22.1105187238
2017-11-10,22.0429024586
2017-11-13,22.0767105912
2017-11-14,22.068258558
2017-11-15,22.1274227901
2017-11-16,22.1358748232
2017-11-17,22.1105187238
2017-11-20,22.2119431216
2017-11-21,22.2795593868
2017-11-22,22.1696829558
2017-11-24,22.1612309227
2017-11-27,22.1443268564
2017-11-28,22.7190651107
2017-11-29,23.1078586356
2017-11-30,23.2599952324
2017-12-01,23.3107074313
2017-12-04,23.6656928236
2017-12-05,23.5389123264
2017-12-06,23.4543919948
2017-12-07,23.5304602932
2017-12-08,23.6741448568
2017-12-11,23.6149806247
2017-12-12,23.851637553
2017-12-13,23.5558163927
2017-12-14,23.4036797959
2017-12-15,23.6135302558
2017-12-18,23.8258057885
2017-12-19,23.7239135328
2017-12-20,23.6814584263
2017-12-21,23.8852429377
2017-12-22,23.8173147672
2017-12-26,23.7493865967
2017-12-27,23.7748596607
2017-12-28,23.8682608951
2017-12-29,23.6984404689
2018-01-02,23.7069314902
2018-01-03,23.8342968098
2018-01-04,24.0550633638
2018-01-05,24.1229915343
2018-01-08,24.089027449
2018-01-09,24.2758299178
2018-01-10,24.4796144292
2018-01-11,24.5984887275
2018-01-12,24.8192552815
2018-01-16,24.751327111
2018-01-17,24.9381295798
2018-01-18,24.9041654946
2018-01-19,25.082476942
2018-01-22,25.2862614534
2018-01-23,25.3117345173
2018-01-24,25.4815549435
2018-01-25,25.4306088156
2018-01-26,25.6174112844
2018-01-29,25.5155190287
2018-01-30,25.1843691977
2018-01-31,25.2522973682
2018-02-01,25.4900459648
2018-02-02,24.9296385585
2018-02-05,23.672967405
2018-02-06,24.1060094917
2018-02-07,24.1229915343
2018-02-08,23.0616138709
2018-02-09,23.5031469788
2018-02-12,23.8342968098
2018-02-13,23.9361890655
2018-02-14,24.5050874931
2018-02-15,24.640943834
2018-02-16,24.6069797488
2018-02-20,24.530560557
2018-02-21,24.5645246423
2018-02-22,24.3607401309
2018-02-23,24.7258540471
2018-02-26,25.0994589846
2018-02-27,24.861710388
2018-02-28,24.5135785144
2018-03-01,24.089027449
2018-03-02,24.1484645982
2018-03-05,24.4881054505
2018-03-06,24.5899977062
2018-03-07,24.5475425996
2018-03-08,24.6239617914
2018-03-09,25.2183332829
2018-03-12,25.1334230699
2018-03-13,24.8532193667
2018-03-14,24.5730156636
2018-03-15,24.5815066849
2018-03-16,24.6023623314
2018-03-19,24.4234050716
2018-03-20,24.4830574916
2018-03-21,24.4745357173
2018-03-22,23.5712276442
2018-03-23,22.8553986051
2018-03-26,23.596792967
2018-03-27,23.1366171561
2018-03-28,23.1792260275
2018-03-29,23.4945316757
2018-04-02,22.9747034449
2018-04-03,23.2900090931
2018-04-04,23.5371405471
2018-04-05,23.7246195811
2018-04-06,23.1536607047
2018-04-09,23.2814873188
2018-04-10,23.6308800641
2018-04-11,23.349661513
2018-04-12,23.7587066782
2018-04-13,23.4007921587
2018-04-16,23.50305345
2018-04-17,23.50305345
2018-04-18,23.3922703844
2018-04-19,23.7501849039
2018-04-20,23.7587066782
2018-04-23,23.7331413554
2018-04-24,23.5797494184
2018-04-25,23.5627058699
2018-04-26,23.5712276442
2018-04-27,23.6053147413
2018-04-30,23.3922703844
2018-05-01,23.4007921587
2018-05-02,23.1366171561
2018-05-03,22.9406163478
2018-05-04,23.2388784474
2018-05-07,23.3922703844
2018-05-08,23.5541840956
2018-05-09,23.9035768409
2018-05-10,24.0995776492
2018-05-11,24.0825341006
2018-05-14,24.0654905521
2018-05-15,24.0228816807
2018-05-16,24.0654905521
2018-05-17,24.0143599064
2018-05-18,23.8183590981
2018-05-21,23.9887945836
2018-05-22,24.1507082948
2018-05-23,23.9973163579
2018-05-24,23.8098373238
2018-05-25,23.7331413554
2018-05-29,22.9406163478
2018-05-30,23.3581832873
2018-05-31,23.162182479
2018-06-01,23.4178357072
2018-06-04,23.4945316757
2018-06-05,23.3922703844
2018-06-06,23.8183590981
2018-06-07,23.8950550666
2018-06-08,23.9291421637
2018-06-11,23.878011518
2018-06-12,23.8183590981
2018-06-13,23.7331413554
2018-06-14,23.5115752242
2018-06-15,23.5107230468
2018-06-18,23.4679295939
2018-06-19,23.4080187597
2018-06-20,23.3481079256
2018-06-21,23.2796384009
2018-06-22,23.1683754233
2018-06-25,22.9201733962
2018-06-26,22.8431451809
2018-06-27,22.5607083915
2018-06-28,22.757558275
2018-06-29,22.757558275
2018-07-02,22.8688212527
2018-07-03,22.6634126785
2018-07-05,22.7147648221
2018-07-06,22.8260277997
2018-07-09,23.3481079256
2018-07-10,23.2625210197
2018-07-11,23.1512580421
2018-07-12,23.194051495
2018-07-13,23.091347208
2018-07-16,23.5021643562
2018-07-17,23.527840428
2018-07-18,23.9044228139
2018-07-19,23.5449578092
2018-07-20,23.5877512621
2018-07-23,23.9129815045
2018-07-24,23.9814510292
2018-07-25,24.0328031727
2018-07-26,24.0242444821
2018-07-27,24.0755966256
2018-07-30,24.0927140068
2018-07-31,23.9215401951
2018-08-01,23.9215401951
2018-08-02,23.9300988856
2018-08-03,24.0670379351
2018-08-06,24.1954182939
2018-08-07,24.3066812715
2018-08-08,24.3665921057
2018-08-09,24.2210943657
2018-08-10,23.9386575762
2018-08-13,23.7075729303
2018-08-14,23.9300988856
2018-08-15,23.7418076927
2018-08-16,24.0584792445
2018-08-17,24.109831388
2018-08-20,24.1868596033
2018-08-21,24.2810051998
2018-08-22,24.1954182939
2018-08-23,24.0841553162
2018-08-24,24.1697422221
2018-08-27,24.4949724645
2018-08-28,24.4692963927
2018-08-29,24.4607377021
2018-08-30,24.2724465092
2018-08-31,24.2467704374
2018-09-04,24.3665921057
2018-09-05,24.3837094868
2018-09-06,24.2724465092
2018-09-07,24.2467704374
2018-09-10,24.2210943657
2018-09-11,24.2467704374
2018-09-12,24.0242444821
2018-09-13,23.9900097198
2018-09-14,24.1611835315
2018-09-17,24.0584792445
2018-09-18,24.1783009127
2018-09-19,24.589118061
2018-09-20,24.8030853257
2018-09-21,24.7068000566
2018-09-24,24.4317069453
2018-09-25,24.3371436883
2018-09-26,24.0448572575
2018-09-27,23.9588906603
2018-09-28,23.7095875282
2018-10-01,23.8041507852
2018-10-02,23.8041507852
2018-10-03,24.0276639381
2018-10-04,24.1910004729
2018-10-05,24.0706472367
2018-10-08,24.2339837715
2018-10-09,24.1394205145
2018-10-10,23.3915111183
2018-10-11,22.6951816803
2018-10-12,22.7209716595
2018-10-15,22.6178117428
2018-10-16,22.9960647708
2018-10-17,23.2281745834
2018-10-18,22.8413248957
2018-10-19,22.927291493
2018-10-22,22.4372818885
2018-10-23,22.2567520342
2018-10-24,21.697969152
2018-10-25,22.0332388813
2018-10-26,21.7151624714
2018-10-29,21.9042889854
2018-10-30,22.2825420134
2018-10-31,22.5920217636
2018-11-01,22.6951816803
2018-11-02,22.6779883609
2018-11-05,23.0390480694
2018-11-06,23.1594013056
2018-11-07,23.4602843961
2018-11-08,23.5290576739
2018-11-09,23.3141411807
2018-11-12,22.8499215554
2018-11-13,22.9788714513
2018-11-14,22.6693917012
2018-11-15,23.0046614305
2018-11-16,23.0304514097
2018-11-19,23.02185475
2018-11-20,22.5146518261
2018-11-21,22.5318451455
2018-11-23,22.3513152912
2018-11-26,22.8069382568
2018-11-27,22.8241315763
2018-11-28,23.2625612224
2018-11-29,23.0648380486
2018-11-30,23.1851912848
2018-12-03,23.3313345002
2018-12-04,22.3169286523
2018-12-06,22.0074489022
2018-12-07,21.5862125755
2018-12-10,21.285329485
2018-12-11,21.0790096516
2018-12-12,21.1993628878
2018-12-13,21.0446230127
2018-12-14,20.8383031792
2018-12-17,20.6319833458
2018-12-18,20.5546134082
2018-12-19,20.2967136164
2018-12-20,20.1161837621
2018-12-21,19.7163531182
2018-12-24,19.3010898669
2018-12-26,20.1748729582
2018-12-27,20.4171098547
2018-12-28,20.408458537
2018-12-31,20.6074388449
2019-01-02,20.7804651996
2019-01-03,20.3132940419
2019-01-04,20.9880968253
2019-01-07,21.0140507785
2019-01-08,21.0313534139
2019-01-09,21.1351692268
2019-01-10,21.1438205445
2019-01-11,21.1957284509
2019-01-14,21.3428008524
2019-01-15,21.5331298426
2019-01-16,21.9916496825
2019-01-17,22.1127681308
2019-01-18,22.4934261112
2019-01-22,22.2338865791
2019-01-23,22.2598405323
2019-01-24,22.3117484387
2019-01-25,22.4934261112
2019-01-28,22.4242155693
2019-01-29,22.3463537097
2019-01-30,22.4761234757
2019-01-31,22.4415182047
2019-02-01,22.5366826998
2019-02-04,22.6318471949
2019-02-05,22.5712879708
2019-02-06,22.5453340176
2019-02-07,22.3203997565
2019-02-08,22.2079326259
2019-02-11,22.2771431678
2019-02-12,22.6058932417
2019-02-13,22.6664524659
2019-02-14,22.3896102983
2019-02-15,22.8654327738
2019-02-19,22.9000380447
2019-02-20,23.0471104462
2019-02-21,22.9259919979
2019-02-22,22.891386727
2019-02-25,22.9865512221
2019-02-26,22.9173406802
2019-02-27,23.0038538575
2019-02-28,22.9432946334
2019-03-01,23.0903670349
2019-03-04,22.9432946334
2019-03-05,22.856781456
2019-03-06,22.7097090545
2019-03-07,22.4761234757
2019-03-08,22.4674721579
2019-03-11,22.7010577368
2019-03-12,22.7529656432
2019-03-13,22.9086893624
2019-03-14,22.9952025398
2019-03-15,23.1549923784
2019-03-18,23.389759481
2019-03-19,23.2071628456
2019-03-20,22.7289335625
2019-03-21,22.6593729395
2019-03-22,22.0333273326
2019-03-25,21.937681476
2019-03-26,22.1985338122
2019-03-27,22.1028879556
2019-03-28,22.2941796688
2019-03-29,22.355045214
2019-04-01,22.90283512
2019-04-02,22.8854449643
2019-04-03,22.9550055873
2019-04-04,23.0941268332
2019-04-05,23.1289071447
2019-04-08,23.1549923784
2019-04-09,22.9637006651
2019-04-10,23.0332612881
2019-04-11,23.1723825341
2019-04-12,23.5984413499
2019-04-15,23.4506250261
2019-04-16,23.7810379853
2019-04-17,23.8419035304
2019-04-18,23.7723429074
2019-04-22,23.7027822844
2019-04-23,23.8505986083
2019-04-24,23.8245133746
2019-04-25,23.867988764
2019-04-26,24.0853657109
2019-04-29,24.3288278913
2019-04-30,24.3636082028
2019-05-01,24.1636214117
2019-05-02,24.1897066454
2019-05-03,24.4070835922
2019-05-06,24.2418771126
2019-05-07,23.8419035304
2019-05-08,23.7897330632
2019-05-09,23.7375625959
2019-05-10,23.8940739976
2019-05-13,23.1984677677
2019-05-14,23.3810644031
2019-05-15,23.2941136243
2019-05-16,23.5288807269
2019-05-17,23.3723693252
2019-05-20,23.3984545588
2019-05-21,23.6419167393
2019-05-22,23.5027954933
2019-05-23,23.1723825341
2019-05-24,23.3549791695
2019-05-28,23.0854317554
2019-05-29,23.041956366
2019-05-30,22.9637006651
2019-05-31,22.6158975502
2019-06-03,22.763713874
2019-06-04,23.3810644031
2019-06-05,23.5288807269
2019-06-06,23.6158315057
2019-06-07,23.5810511942
2019-06-10,23.7810379853
2019-06-11,23.7897330632
2019-06-12,23.5549659606
2019-06-13,23.6332216614
2019-06-14,23.6853921287
2019-06-17,23.4680151818
2019-06-18,23.7810379853
2019-06-19,23.7375625959
2019-06-20,23.8419035304
2019-06-21,23.7892983093
2019-06-24,23.6931622764
2019-06-25,23.6145055223
2019-06-26,23.5708073255
2019-06-27,23.7805586699
2019-06-28,24.1214046045
2019-07-01,24.4098127031
2019-07-02,24.3486352276
2019-07-03,24.5409072933
2019-07-05,24.6108244081
2019-07-08,24.4884694572
2019-07-09,24.532167654
2019-07-10,24.4447712605
2019-07-11,24.5846054901
2019-07-12,24.7506586377
2019-07-15,24.6108244081
2019-07-16,24.5496469327
2019-07-17,24.3398955883
2019-07-18,24.5234280146
2019-07-19,24.4185523424
2019-07-22,24.4709901785
2019-07-23,24.7244397197
2019-07-24,24.9778892608
2019-07-25,24.8030964738
2019-07-26,25.0740252936
2019-07-29,24.8817532279
2019-07-30,24.8118361131
2019-07-31,24.6894811623
2019-08-01,24.1301442439
2019-08-02,24.1214046045
2019-08-05,23.3173577844
2019-08-06,23.6931622764
2019-08-07,23.3785352598
2019-08-08,23.8242568667
2019-08-09,23.7456001125
2019-08-12,23.2911388663
2019-08-13,23.5795469649
2019-08-14,22.7055830299
2019-08-15,22.8191983415
2019-08-16,23.2212217515
2019-08-19,23.457192014
2019-08-20,23.1425649974
2019-08-21,23.2474406696
2019-08-22,23.4047541779
2019-08-23,22.8104587021
2019-08-26,23.0289496859
2019-08-27,22.8891154563
2019-08-28,23.0988668007
2019-08-29,23.4484523746
2019-08-30,23.5271091288
2019-09-03,23.282399227
2019-09-04,23.5096298501
2019-09-05,23.9903100143
2019-09-06,23.9815703749
2019-09-09,24.3486352276
2019-09-10,24.4360316211
2019-09-11,24.5758658507
2019-09-12,24.706960441
2019-09-13,24.8992325066
2019-09-16,24.8118361131
2019-09-17,24.8380550312
2019-09-18,24.9254514247
2019-09-19,24.8118361131
2019-09-20,24.6669966921
2019-09-23,24.710919407
2019-09-24,24.4737367465
2019-09-25,24.6757812351
2019-09-26,24.5615821763
2019-09-27,24.6582121491
2019-09-30,24.5967203482
2019-10-01,24.0784323123
2019-10-02,23.5864979054
2019-10-03,23.6831278782
2019-10-04,24.1223550272
2019-10-07,23.9993714255
2019-10-08,23.5250061045
2019-10-09,23.744619679
2019-10-10,23.9905868825
2019-10-11,24.2892613439
2019-10-14,24.3243995158
2019-10-15,24.6757812351
2019-10-16,24.6142894342
2019-10-17,24.6318585202
2019-10-18,24.693350321
2019-10-21,25.0359474973
2019-10-22,24.9656711535
2019-10-23,25.0710856693
2019-10-24,25.0359474973
2019-10-25,25.1589310991
2019-10-28,25.2906992438
2019-10-29,25.3521910447
2019-10-30,25.3346219587
2019-10-31,25.211638357
2019-11-01,25.5805891622
2019-11-04,25.8002027367
2019-11-05,25.8968327095
2019-11-06,26.0286008542
2019-11-07,26.2218607998
2019-11-08,26.2130762568
2019-11-11,26.142799913
2019-11-12,26.1779380849
2019-11-13,26.0110317683
2019-11-14,26.0637390262
2019-11-15,26.13401537
2019-11-18,26.1867226279
2019-11-19,26.2394298858
2019-11-20,26.1164462841
2019-11-21,26.0900926551
2019-11-22,26.2833526007
2019-11-25,26.4502589173
2019-11-26,26.4239052884
2019-11-27,26.5293198042
2019-11-29,26.4853970893
2019-12-02,26.3184907726
2019-12-03,25.9495399674
2019-12-04,26.1955071709
2019-12-05,26.3184907726
2019-12-06,26.6698724919
2019-12-09,26.608380691
2019-12-10,26.617165234
2019-12-11,26.5556734331
2019-12-12,27.073961469
2019-12-13,26.9773314962
2019-12-16,27.073961469
2019-12-17,27.1793759848
2019-12-18,27.0651769261
2019-12-19,27.0563923831
2019-12-20,27.0882732465
2019-12-23,27.0264681902
2019-12-24,27.0882732465
2019-12-26,27.2383712403
2019-12-27,27.1677368903
2019-12-30,27.0882732465
2019-12-31,27.176566184
2020-01-02,27.4414449967
2020-01-03,27.1500783028
2020-01-06,27.1324197152
2020-01-07,26.9558338401
2020-01-08,27.1324197152
2020-01-09,27.3001762966
2020-01-10,27.0971025402
2020-01-13,27.2825177091
2020-01-14,27.2295419466
2020-01-15,27.0794439527
2020-01-16,27.3178348841
2020-01-17,27.397298528
2020-01-21,27.1677368903
2020-01-22,27.2472005341
2020-01-23,27.176566184
2020-01-24,26.8322237275
2020-01-27,26.4172469209
2020-01-28,26.7262722024
2020-01-29,26.6821257336
2020-01-30,27.0176388964
2020-01-31,26.452564096
2020-02-03,26.6379792649
2020-02-04,26.8940287838
2020-02-05,27.432615703
2020-02-06,27.397298528
2020-02-07,27.3001762966
2020-02-10,27.3796399404
2020-02-11,27.4767621718
2020-02-12,27.4944207593
2020-02-13,27.4855914655
2020-02-14,27.5209086406
2020-02-18,27.2825177091
2020-02-19,27.4855914655
2020-02-20,27.432615703
2020-02-21,27.1677368903
2020-02-24,26.2848075146
2020-02-25,25.3930488451
2020-02-26,25.2076336762
2020-02-27,24.1304598379
2020-02-28,23.4770920999
2020-03-02,24.6778760508
2020-03-03,23.7508002063
2020-03-04,24.5366073507
2020-03-05,23.3534819873
2020-03-06,22.5588455491
2020-03-09,20.1396190597
2020-03-10,21.3227444231
2020-03-11,20.166106941
2020-03-12,17.985271383
2020-03-13,20.3515221099
2020-03-16,17.5614652827
2020-03-17,18.5150290084
2020-03-18,16.9434147197
2020-03-19,17.3142450575
2020-03-20,16.6961944945
2020-03-23,15.7331798927
2020-03-24,17.6842367423
2020-03-25,18.1653192532
2020-03-26,19.3056629827
2020-03-27,18.7176732472
2020-03-30,19.0740306627
2020-03-31,18.5484034748
2020-04-01,17.4169686807
2020-04-02,17.8535065147
2020-04-03,17.4971490992
2020-04-06,18.7533089887
2020-04-07,18.9403966319
2020-04-08,19.7689276228
2020-04-09,20.8290909338
2020-04-13,20.0718314259
2020-04-14,20.1609207798
2020-04-15,19.2878451119
2020-04-16,18.9493055672
2020-04-17,19.9471063305
2020-04-20,19.5996578505
2020-04-21,18.967123438
2020-04-22,19.1720289519
2020-04-23,19.0918485334
2020-04-24,19.3680255304
2020-04-27,20.027286749
2020-04-28,20.2411011983
2020-04-29,20.8290909338
2020-04-30,20.303463746
2020-05-01,19.6531114628
2020-05-04,19.474932755
2020-05-05,19.4125702073
2020-05-06,18.9938502442
2020-05-07,19.4392970135
2020-05-08,19.8580169767
2020-05-11,19.474932755
2020-05-12,18.967123438
2020-05-13,18.4058605087
2020-05-14,18.8780340841
2020-05-15,18.7533089887
2020-05-18,19.7154740105
2020-05-19,19.2343914996
2020-05-20,19.6620203982
2020-05-21,19.5996578505
2020-05-22,19.5283863674
2020-05-26,20.5440050014
2020-05-27,21.4348985401
2020-05-28,21.0963589954
2020-05-29,20.85581774
2020-06-01,21.0963589954
2020-06-02,21.2656287677
2020-06-03,22.0585240172
2020-06-04,22.539606528
2020-06-05,23.3770464544
2020-06-08,23.8224932237
2020-06-09,23.3146839067
2020-06-10,22.4416082388
2020-06-11,20.6063675491
2020-06-12,21.2299930262
2020-06-15,21.523987894
2020-06-16,21.8625274386
2020-06-17,21.5328968293
2020-06-18,21.5061700232
2020-06-19,21.363627057
2020-06-22,21.2581416984
2020-06-23,21.356766565
2020-06-24,20.6036312202
2020-06-25,21.1505509349
2020-06-26,20.2449953417
2020-06-29,20.4691427657
2020-06-30,20.7470855716
2020-07-01,20.5677676323
2020-07-02,20.5946653232
2020-07-06,20.9891647896
2020-07-07,20.5588017354
2020-07-08,20.7739832625
2020-07-09,20.3346543113
2020-07-10,21.0339942744
2020-07-13,21.123653244
2020-07-14,21.2312440076
2020-07-15,21.6526411648
2020-07-16,21.6526411648
2020-07-17,21.4733232256
2020-07-20,21.374698359
2020-07-21,21.7960955162
2020-07-22,21.7960955162
2020-07-23,21.8140273101
2020-07-24,21.7602319284
2020-07-27,21.5809139891
2020-07-28,21.5271186073
2020-07-29,21.9305839706
2020-07-30,21.5360845043
2020-07-31,21.5450504013
2020-08-03,21.60781168
2020-08-04,21.5181527104
2020-08-05,21.8140273101
2020-08-06,21.8050614132
2020-08-07,22.2712880552
2020-08-10,22.4326742006
2020-08-11,22.6926852125
2020-08-12,22.6299239337
2020-08-13,22.4864695823
2020-08-14,22.576128552
2020-08-17,22.1995608795
2020-08-18,22.0561065281
2020-08-19,22.0471406312
2020-08-20,21.840925001
2020-08-21,21.7960955162
2020-08-24,22.31611754
2020-08-25,22.3788788188
2020-08-26,22.2712880552
2020-08-27,22.6478557277
2020-08-28,22.7375146973
2020-08-31,22.4685377884
2020-09-01,22.5312990671
2020-09-02,22.8540713578
2020-09-03,22.5044013763
2020-09-04,22.6747534185
2020-09-08,22.091970116
2020-09-09,22.31611754
2020-09-10,22.0023111463
2020-09-11,22.1547313947
2020-09-14,22.4595718914
2020-09-15,22.1547313947
2020-09-16,22.4057765097
2020-09-17,22.1726631886
2020-09-18,22.1278337038
2020-09-21,21.5766802926
2020-09-22,21.3963486562
2020-09-23,20.9184698198
2020-09-24,20.9635527289
2020-09-25,21.1799506925
2020-09-28,21.6848792744
2020-09-29,21.4143818198
2020-09-30,21.702912438
2020-10-01,21.7389787653
2020-10-02,21.9102938199
2020-10-05,22.2709570926
2020-10-06,22.0455425471
2020-10-07,22.4152224017
2020-10-08,22.7217861836
2020-10-09,22.748835929
2020-10-12,23.0013002199
2020-10-13,22.5594877108
2020-10-14,22.3430897472
2020-10-15,22.5144048017
2020-10-16,22.5324379654
2020-10-19,22.1898078562
2020-10-20,22.3701394926
2020-10-21,22.252923929
2020-10-22,22.6947364381
2020-10-23,22.7668690926
2020-10-26,22.252923929
2020-10-27,21.8471777471
2020-10-28,21.2881496744
2020-10-29,21.4504481471
2020-10-30,21.5135642198
2020-11-02,21.9193104017
2020-11-03,22.4062058199
2020-11-04,22.1447249471
2020-11-05,22.6857198563
2020-11-06,22.5053882199
2020-11-09,24.3537874928
2020-11-10,24.4800196382
2020-11-11,24.3808372382
2020-11-12,23.9750910564
2020-11-13,24.3718206564
2020-11-16,24.9128155655
2020-11-17,24.8767492383
2020-11-18,24.642318111
2020-11-19,24.7234673473
2020-11-20,24.5070693837
2020-11-23,24.9669150565
2020-11-24,25.8415234929
2020-11-25,25.7513576747
2020-11-27,25.6702084383
2020-11-30,25.138230111
2020-12-01,25.5259431292
2020-12-02,25.8054571656
2020-12-03,25.8144737474
2020-12-04,26.1300541111
2020-12-07,25.9497224747
2020-12-08,25.9407058929
2020-12-09,25.8775898202
2020-12-10,25.9226727293
2020-12-11,25.6611918565
2020-12-14,25.3636446565
2020-12-15,25.7964405838
2020-12-16,25.8415234929
2020-12-17,25.9136561474
2020-12-18,25.688241602
2020-12-21,26.0326750274
2020-12-22,25.7788745745
2020-12-23,26.2048967633
2020-12-24,26.2411539709
2020-12-28,26.3680541974
2020-12-29,26.2774111785
2020-12-30,26.395247103
2020-12-31,26.7215619711
2021-01-04,26.3589898955
2021-01-05,26.47682582
2021-01-06,27.6461207638
2021-01-07,28.044950047
2021-01-08,28.0268214432
2021-01-11,28.1174644621
2021-01-12,28.4075221226
2021-01-13,28.3893935188
2021-01-14,28.5162937452
2021-01-15,28.044950047
2021-01-19,28.1174644621
2021-01-20,27.9996285375
2021-01-21,27.7005065752
2021-01-22,27.5010919336
2021-01-25,27.301677292
2021-01-26,27.0841340467
2021-01-27,26.2864754804
2021-01-28,26.7759477824
2021-01-29,26.2411539709
2021-02-01,26.5855974427
2021-02-02,27.2291628769
2021-02-03,27.383256009
2021-02-04,27.9905642356
2021-02-05,27.9996285375
2021-02-08,28.3622006131
2021-02-09,28.371264915
2021-02-10,28.371264915
2021-02-11,28.2806218961
2021-02-12,28.5706795566
2021-02-16,29.0601518586
2021-02-17,29.2051806889
2021-02-18,29.032958953
2021-02-19,29.3774024248
2021-02-22,29.6493314815
2021-02-23,29.8306175193
2021-02-24,30.4107328402
2021-02-25,29.8578104249
2021-02-26,29.2867594059
2021-03-01,30.2022538967
2021-03-02,30.0934822741
2021-03-03,30.3291541232
2021-03-04,29.9847106514
2021-03-05,30.5557616704
2021-03-08,30.9455266517
2021-03-09,30.6645332931
2021-03-10,31.2899701235
2021-03-11,31.1993271046
2021-03-12,31.5165776708
2021-03-15,31.335291633
2021-03-16,31.0089767649
2021-03-17,31.2174557084
2021-03-18,31.3806131424
2021-03-19,31.0180410668
2021-03-22,30.6203294121
2021-03-23,30.1923914156
2021-03-24,30.3016521806
2021-03-25,30.811535751
2021-03-26,31.2941041301
2021-03-29,31.0209522174
2021-03-30,31.2394737475
2021-03-31,31.0027420899
2021-04-01,31.3851547676
2021-04-05,31.630991489
2021-04-06,31.5672560427
2021-04-07,31.7220421266
2021-04-08,31.7311471904
2021-04-09,32.004299103
2021-04-12,32.1408750594
2021-04-13,31.8404079554
2021-04-14,32.0316142943
2021-04-15,32.004299103
2021-04-16,32.2319256969
2021-04-19,32.1408750594
2021-04-20,31.5399408515
2021-04-21,31.9769839118
2021-04-22,31.6218864253
2021-04-23,32.2137155694
2021-04-26,32.341186462
2021-04-27,32.5961282472
2021-04-28,32.7235991398
2021-04-29,33.3063232202
2021-04-30,33.01496118
2021-05-03,33.1788523276
2021-05-04,33.4428991765
2021-05-05,33.7160510892
2021-05-06,34.2168295958
2021-05-07,34.3989308709
2021-05-10,34.3716156796
2021-05-11,33.761576408
2021-05-12,33.4155839852
2021-05-13,33.9527827469
2021-05-14,34.4899815085
2021-05-17,34.5537169548
2021-05-18,34.0711485757
2021-05-19,33.8617321093
2021-05-20,33.8799422368
2021-05-21,34.2168295958
2021-05-24,34.3807207434
2021-05-25,34.0347283207
2021-05-26,34.134884022
2021-05-27,34.5264017635
2021-05-28,34.5901372098
2021-06-01,34.7995536762
2021-06-02,34.8541840587
2021-06-03,34.9361296325
2021-06-04,35.0271802701
2021-06-07,34.7995536762
2021-06-08,34.7085030386
2021-06-09,34.3807207434
2021-06-10,33.9800979381
2021-06-11,34.1986194683
2021-06-14,33.8435219818
2021-06-15,33.9072574281
2021-06-16,33.8708371731
2021-06-17,32.8692801599
2021-06-18,32.0771396131
2021-06-21,32.8231165761
2021-06-22,32.8779588762
2021-06-23,32.9419415596
2021-06-24,33.3532588099
2021-06-25,33.7554356769
2021-06-28,33.5086453267
2021-06-29,33.3898203432
2021-06-30,33.5360664767
2021-07-01,33.8011375936
2021-07-02,33.7645760602
2021-07-06,33.2344338265
2021-07-07,33.2801357432
2021-07-08,32.6128877593
2021-07-09,33.5543472434
2021-07-12,33.8834010436
2021-07-13,33.51778571
2021-07-14,33.3623991932
2021-07-15,33.4720837933
2021-07-16,33.0150646263
2021-07-19,32.0918859089
2021-07-20,32.8870992595
2021-07-21,33.4538030266
2021-07-22,33.088187693
2021-07-23,33.143029993
2021-07-26,33.3349780432
2021-07-27,33.3258376599
2021-07-28,33.2801357432
2021-07-29,33.6457510768
2021-07-30,33.3806799599
2021-08-02,33.3898203432
2021-08-03,33.7645760602
2021-08-04,33.4812241766
2021-08-05,33.919962577
2021-08-06,34.6054913275
2021-08-09,34.6968951609
2021-08-10,35.0625104946
2021-08-11,35.4646873616
2021-08-12,35.5286700449
2021-08-13,35.2635989281
2021-08-16,35.1721950947
2021-08-17,34.9254047445
2021-08-18,34.4958067275
2021-08-19,34.2398759939
2021-08-20,34.4501048108
2021-08-23,34.7334566943
2021-08-24,34.9436855111
2021-08-25,35.3550027615
2021-08-26,35.181335478
2021-08-27,35.6474950284
2021-08-30,35.1447739446
2021-08-31,35.0990720279
2021-09-01,34.8979835944
2021-09-02,35.0168085779
2021-09-03,34.7974393777
2021-09-07,34.5872105609
2021-09-08,34.5049471108
2021-09-09,34.6054913275
2021-09-10,34.349560594
2021-09-13,34.7425970777
2021-09-14,34.2764375273
2021-09-15,34.6054913275
2021-09-16,34.5049471108
2021-09-17,34.349560594
2021-09-20,33.5562045693
2021-09-21,33.5103000487
2021-09-22,34.0703352002
2021-09-23,34.9057974753
2021-09-24,35.0894155578
2021-09-27,35.5668225722
2021-09-28,34.9792447083
2021-09-29,35.0067874207
2021-09-30,34.4559331733
2021-10-01,35.0251492289
2021-10-04,34.7221793929
2021-10-05,35.401566298
2021-10-06,35.4382899145
2021-10-07,35.6494507093
2021-10-08,35.8238878876
2021-10-11,35.4658326268
2021-10-12,35.3556617774
2021-10-13,35.1536818867
2021-10-14,35.7412597505
2021-10-15,36.2737521897
2021-10-18,36.2829330938
2021-10-19,36.6409883546
2021-10-20,36.9347772865
2021-10-21,36.7787019164
2021-10-22,37.2928325473
2021-10-25,37.2469280267
2021-10-26,37.2744707391
2021-10-27,36.6593501628
2021-10-28,37.1092144648
2021-10-29,36.9623199989
2021-11-01,36.9806818071
2021-11-02,37.0724908483
2021-11-03,37.2102044102
2021-11-04,36.7236164917
2021-11-05,36.7419782999
2021-11-08,36.9439581906
2021-11-09,36.7419782999
2021-11-10,36.6777119711
2021-11-11,36.7787019164
2021-11-12,36.8613300535
2021-11-15,36.8613300535
2021-11-16,36.824606437
2021-11-17,36.4022848474
2021-11-18,36.2186667649
2021-11-19,35.8238878876
2021-11-22,36.3288376144
2021-11-23,36.89805367
2021-11-24,36.8154255329
2021-11-26,35.5943652846
2021-11-29,35.704536134
2021-11-30,34.8507120506
2021-12-01,34.4651140774
2021-12-02,35.4933753392
2021-12-03,34.9149783795
2021-12-06,35.4474708186
2021-12-07,36.0809532031
2021-12-08,35.8881542165
2021-12-09,35.8147069835
2021-12-10,35.8514306
2021-12-13,35.4658326268
2021-12-14,35.6769934217
2021-12-15,35.777983367
2021-12-16,36.227847669
2021-12-17,35.4291090103
2021-12-20,34.7445908979
2021-12-21,35.4642080222
2021-12-22,35.6302735124
2021-12-23,35.8147907238
2021-12-27,36.1838251465
2021-12-28,36.2022768676
2021-12-29,36.1561475648
2021-12-30,36.0915665408
2021-12-31,36.0269855168
2022-01-03,36.4698268241
2022-01-04,37.4293163231
2022-01-05,36.9957008765
2022-01-06,37.5400266499
2022-01-07,37.9828679572
2022-01-10,37.8537059092
2022-01-11,38.1858368897
2022-01-12,38.2135144714
2022-01-13,38.0659007023
2022-01-14,37.6691886979
2022-01-18,36.8296353862
2022-01-19,36.2115027282
2022-01-20,35.980856214
2022-01-21,35.2427873686
2022-01-24,35.3442718348
2022-01-25,35.4918856039
2022-01-26,35.5841442096
2022-01-27,35.2612390897
2022-01-28,35.7225321181
2022-01-31,36.0362113774
2022-02-01,36.5344078481
2022-02-02,36.7835060834
2022-02-03,36.3775682184
2022-02-04,36.9957008765
2022-02-07,37.1064112033
2022-02-08,37.6230593951
2022-02-09,37.8629317698
2022-02-10,37.5308007894
2022-02-11,37.004926737
2022-02-14,36.5897630115
2022-02-15,37.0879594821
2022-02-16,37.1156370638
2022-02-17,36.1930510071
2022-02-18,36.1838251465
2022-02-22,35.9993079351
2022-02-23,35.3719494165
2022-02-24,34.9475598304
2022-02-25,36.0731148197
2022-02-28,35.5380149068
2022-03-01,34.2279427061
2022-03-02,35.1136253206
2022-03-03,35.0029149938
2022-03-04,34.3478788935
2022-03-07,33.0931618563
2022-03-08,32.8994187844
2022-03-09,34.1080065188
2022-03-10,33.8220048412
2022-03-11,33.5821324664
2022-03-14,34.0065220525
2022-03-15,34.486266802
2022-03-16,35.4549821616
2022-03-17,35.8978234689
2022-03-18,35.980856214
2022-03-21,35.9457361306
2022-03-22,36.5292407367
2022-03-23,35.8531163518
2022-03-24,36.1402376659
2022-03-25,36.6033365597
2022-03-28,36.501454803
2022-03-29,36.5848126039
2022-03-30,36.3254772234
2022-03-31,35.4918992147
2022-04-01,35.399279436
2022-04-04,35.2418258121
2022-04-05,35.0195383431
2022-04-06,34.7787269184
2022-04-07,34.7416790069
2022-04-08,35.0936341661
2022-04-11,34.9361805423
2022-04-12,34.5564394494
2022-04-13,34.5564394494
2022-04-14,34.1674363787
2022-04-18,34.3711998919
2022-04-19,34.8435607635
2022-04-20,35.0843721883
2022-04-21,34.5286535158
2022-04-22,33.5005739717
2022-04-25,33.556145839
2022-04-26,32.7133058524
2022-04-27,32.6855199188
2022-04-28,33.1023089231
2022-04-29,31.9630856446
2022-05-02,31.9723476225
2022-05-03,32.3891366268
2022-05-04,33.3801682594
2022-05-05,32.4076605826
2022-05-06,32.1761111357
2022-05-09,31.4073669721
2022-05-10,31.1295076359
2022-05-11,30.8423863218
2022-05-12,30.6108368749
2022-05-13,31.0554118129
2022-05-16,30.7960764324
2022-05-17,31.6203924632
2022-05-18,30.749766543
2022-05-19,30.5460030298
2022-05-20,30.4904311626
2022-05-23,31.4814627951
2022-05-24,31.41662895
2022-05-25,31.6667023526
2022-05-26,32.3983986047
2022-05-27,32.9448552993
2022-05-31,32.8522355205
2022-06-01,32.3243027817
2022-06-02,32.7688777197
2022-06-03,32.2965168481
2022-06-06,32.3891366268
2022-06-07,32.6392100294
2022-06-08,32.0649674012
2022-06-09,31.2591753261
2022-06-10,30.1292140255
2022-06-13,29.2308021716
2022-06-14,28.980728769
2022-06-15,29.3048979946
2022-06-16,28.5639397647
2022-06-17,28.6472975655
2022-06-21,29.2158866825
2022-06-22,29.1507142138
2022-06-23,29.0389899817
2022-06-24,30.1096805389
2022-06-27,30.0072666595
2022-06-28,29.709335374
2022-06-29,29.541749026
2022-06-30,29.2810591512
2022-07-01,29.681404316
2022-07-05,29.5789904366
2022-07-06,29.5045076153
2022-07-07,29.9327838382
2022-07-08,29.8676113695
2022-07-11,29.6255422
2022-07-12,29.4393351466
2022-07-13,29.1786452718
2022-07-14,28.6200241115
2022-07-15,29.5883007893
2022-07-18,29.4765765573
2022-07-19,30.361060061
2022-07-20,30.4727842931
2022-07-21,30.6683016992
2022-07-22,30.4914049984
2022-07-25,30.6869224045
2022-07-26,30.2586461816
2022-07-27,30.7241638152
2022-07-28,30.9476122793
2022-07-29,31.3851988549
2022-08-01,31.1245089801
2022-08-02,30.7800259312
2022-08-03,31.2455435648
2022-08-04,31.1431296854
2022-08-05,31.3665781495
2022-08-08,31.3479574442
2022-08-09,31.5062334396
2022-08-10,32.2138202426
2022-08-11,32.5955447021
2022-08-12,33.1076140991
2022-08-15,33.0983037464
2022-08-16,33.3403729158
2022-08-17,33.1727865678
2022-08-18,33.2100279784
2022-08-19,32.5489929388
2022-08-22,31.8320957831
2022-08-23,31.7017508457
2022-08-24,31.8693371938
2022-08-25,32.3627858854
2022-08-26,31.3945092075
2022-08-29,31.1710607434
2022-08-30,31.0034743954
2022-08-31,30.7707155786
2022-09-01,30.8638191053
2022-09-02,30.6217499358
2022-09-06,30.5472671145
2022-09-07,31.1524400381
2022-09-08,31.7017508457
2022-09-09,31.9903717785
2022-09-12,32.2510616533
2022-09-13,31.0500261587
2022-09-14,30.956922632
2022-09-15,31.0593365114
2022-09-16,30.7800259312
2022-09-19,31.1268775338
2022-09-20,30.6683035713
2022-09-21,30.0319152153
2022-09-22,29.5265479913
2022-09-23,29.0586153766
2022-09-26,28.6000414141
2022-09-27,28.4783789343
2022-09-28,29.039898072
2022-09-29,28.6749106325
2022-09-30,28.4128683682
2022-10-03,29.1802778564
2022-10-04,30.2658815226
2022-10-05,30.0319152153
2022-10-06,29.610775862
2022-10-07,28.9088769398
2022-10-10,28.7778558077
2022-10-11,28.4128683682
2022-10-12,28.3473578021
2022-10-13,29.517189339
2022-10-14,29.0211807674
2022-10-17,29.7511556464
2022-10-18,30.2284469135
2022-10-19,29.7324383418
2022-10-20,29.2551470748
2022-10-21,30.1255017382
2022-10-24,30.5279237869
2022-10-25,30.8929112264
2022-10-26,30.9677804448
2022-10-27,31.2204640567
2022-10-28,31.9972321972
2022-10-31,31.8007004991
2022-11-01,31.8849283697
2022-11-02,31.482506321
2022-11-03,31.164312143
2022-11-04,31.735189933
2022-11-07,32.053384111
2022-11-08,32.2405571569
2022-11-09,31.6977553238
2022-11-10,33.2980848663
2022-11-11,33.5694857828
2022-11-14,33.0921945158
2022-11-15,33.1670637341
2022-11-16,33.0079666451
2022-11-17,32.8301522515
2022-11-18,33.1015531681
2022-11-21,33.2044983433
2022-11-22,33.541409826
2022-11-23,33.6817896104
2022-11-25,33.7940934379
2022-11-28,33.2138569956
2022-11-29,33.4103886938
2022-11-30,33.9812664838
2022-12-01,33.7847347856
2022-12-02,33.6256376966
2022-12-05,32.7927176423
2022-12-06,32.5025994212
2022-12-07,32.3715782891
2022-12-08,32.3996542459
2022-12-09,32.3154263753
2022-12-12,32.7459243809
2022-12-13,32.8301522515
2022-12-14,32.4183715505
2022-12-15,31.7819831945
2022-12-16,31.5386582348
2022-12-19,31.4540728636
2022-12-20,31.5859162828
2022-12-21,32.0756204112
2022-12-22,31.7930987987
2022-12-23,31.9720291533
2022-12-27,31.9626117662
2022-12-28,31.8496031212
2022-12-29,32.2922203142
2022-12-30,32.2074638304
2023-01-03,32.3204724754
2023-01-04,32.8384287651
2023-01-05,32.5935767009
2023-01-06,33.3187155064
2023-01-09,33.1962894743
2023-01-10,33.384637216
2023-01-11,33.6954109898
2023-01-12,33.7613326994
2023-01-13,34.0156021507
2023-01-17,33.7895848607
2023-01-18,33.158619926
2023-01-19,32.7725070555
2023-01-20,33.2904633452
2023-01-23,33.6765762157
2023-01-24,33.6954109898
2023-01-25,33.9590978282
2023-01-26,34.1380281828
2023-01-27,34.1380281828
2023-01-30,33.9685152153
2023-01-31,34.4299671824
2023-02-01,34.4299671824
2023-02-02,34.5241410533
2023-02-03,34.4582193437
2023-02-06,34.4488019566
2023-02-07,34.8443322142
2023-02-08,34.6371496983
2023-02-09,34.2510368278
2023-02-10,34.3640454728
2023-02-13,34.7595757304
2023-02-14,34.5712279887
2023-02-15,34.6088975371
2023-02-16,34.2604542149
2023-02-17,34.269871602
2023-02-21,33.5635675706
2023-02-22,33.5258980223
2023-02-23,33.5541501835
2023-02-24,33.5824023448
2023-02-27,33.5729849577
2023-02-28,33.6389066673
2023-03-01,33.5258980223
2023-03-02,33.3658024418
2023-03-03,33.8931761186
2023-03-06,33.9214282799
2023-03-07,33.045611281
2023-03-08,32.9231852489
2023-03-09,31.5859162828
2023-03-10,31.0114556706
2023-03-13,29.7871953496
2023-03-14,30.389908123
2023-03-15,29.5800128337
2023-03-16,30.1450560588
2023-03-17,29.1750651891
2023-03-20,29.497714288
2023-03-21,30.2453304024
2023-03-22,29.5450317636
2023-03-23,29.3462983661
2023-03-24,29.3273713758
2023-03-27,29.734301666
2023-03-28,29.7248381709
2023-03-29,30.1601589464
2023-03-30,30.0939144805
2023-03-31,30.4251368097
2023-04-03,30.4819177804
2023-04-04,30.1980129268
2023-04-05,30.1601589464
2023-04-06,30.2737208878
2023-04-10,30.3399653536
2023-04-11,30.604943217
2023-04-12,30.5386987511
2023-04-13,30.8131401096
2023-04-14,31.1159719534
2023-04-17,31.475584768
2023-04-18,31.5702197192
2023-04-19,31.6459276801
2023-04-20,31.5512927289
2023-04-21,31.4377307875
2023-04-24,31.3620228266
2023-04-25,30.8226036047
2023-04-26,30.529235256
2023-04-27,31.0213370022
2023-04-28,31.3904133119
2023-05-01,31.3052418558
2023-05-02,30.5954797219
2023-05-03,30.2453304024
2023-05-04,29.8573271025
2023-05-05,30.5954797219
2023-05-08,30.6427971975
2023-05-09,30.529235256
2023-05-10,30.3588923439
2023-05-11,30.3115748683
2023-05-12,30.1885494317
2023-05-15,30.4346003048
2023-05-16,30.1506954512
2023-05-17,30.7563591389
2023-05-18,30.9834830218
2023-05-19,30.8509940901
2023-05-22,30.9077750608
2023-05-23,30.5481622463
2023-05-24,30.1506954512
2023-05-25,30.1412319561
2023-05-26,30.3872828292
2023-05-30,30.3778193341
2023-05-31,30.0560605
2023-06-01,30.3778193341
2023-06-02,31.0402639925
2023-06-05,30.8793845754
2023-06-06,31.2673878754
2023-06-07,31.3904133119
2023-06-08,31.3620228266
2023-06-09,31.3714863217
2023-06-12,31.3620228266
2023-06-13,31.5512927289
2023-06-14,31.4282672924
2023-06-15,31.8446610777
2023-06-16,31.7784166118
2023-06-20,31.5421292266
2023-06-21,31.5041037544
2023-06-22,31.2569381848
2023-06-23,31.1238490319
2023-06-26,31.0573044555
2023-06-27,31.3044700251
2023-06-28,31.2284190806
2023-06-29,31.7702820601
2023-06-30,32.0459667339
2023-07-03,32.226587727
2023-07-05,32.1600431506
2023-07-06,31.8843584768
2023-07-07,31.9318903171
2023-07-10,32.074485838
2023-07-11,32.4547405605
2023-07-12,32.6638806578
2023-07-13,32.7779570746
2023-07-14,32.5593106092
2023-07-17,32.8730207552
2023-07-18,33.2437691096
2023-07-19,33.3863646305
2023-07-20,33.6335302001
2023-07-21,33.5194537833
2023-07-24,33.8426702974
2023-07-25,33.624023832
2023-07-26,33.8236575613
2023-07-27,33.3958709985
2023-07-28,33.462415575
2023-07-31,33.5859983597
2023-08-01,33.5859983597
2023-08-02,33.3008073179
2023-08-03,33.319820054
2023-08-04,33.1867309012
2023-08-07,33.6525429362
2023-08-08,33.3483391582
2023-08-09,33.1011735886
2023-08-10,33.1296926928
2023-08-11,33.1962372692
2023-08-14,33.1296926928
2023-08-15,32.5212851369
2023-08-16,32.4737532966
2023-08-17,32.3121450396
2023-08-18,32.3026386715
2023-08-21,32.2646131993
2023-08-22,31.9604094213
2023-08-23,32.2741195673
2023-08-24,32.1600431506
2023-08-25,32.3121450396
2023-08-28,32.4927660327
2023-08-29,32.7874634426
2023-08-30,32.8064761787
2023-08-31,32.6828933939
2023-09-01,32.9775908038
2023-09-05,32.6448679217
2023-09-06,32.6258551856
2023-09-07,32.540297873
2023-09-08,32.6068424495
2023-09-11,32.7589443384
2023-09-12,32.9775908038
2023-09-13,32.9775908038
2023-09-14,33.2817945818
2023-09-15,33.1106799567
2023-09-18,33.201040837
2023-09-19,33.1628457944
2023-09-20,32.9336755384
2023-09-21,32.3893961804
2023-09-22,32.1411284031
2023-09-25,32.2175184884
2023-09-26,31.7878242584
2023-09-27,31.7400804551
2023-09-28,31.9692507111
2023-09-29,31.6732391304
2023-10-02,31.4058738317
2023-10-03,30.9093382771
2023-10-04,31.1385085331
2023-10-05,31.2817399431
2023-10-06,31.5491052417
2023-10-09,31.5682027631
2023-10-10,31.7973730191
2023-10-11,31.8451168224
2023-10-12,31.6445928484
2023-10-13,31.7114341731
2023-10-16,32.0456407964
2023-10-17,32.1984209671
2023-10-18,31.6445928484
2023-10-19,31.2244473791
2023-10-20,30.7470093458
2023-10-23,30.5560341324
2023-10-24,30.7661068671
2023-10-25,30.6515217391
2023-10-26,30.5846804144
2023-10-27,30.0308522958
2023-10-30,30.5655828931
2023-10-31,30.8997895164
2023-11-01,31.1003134904
2023-11-02,31.8355680617
2023-11-03,32.2557135311
2023-11-06,32.1602259244
2023-11-07,32.1124821211
2023-11-08,32.1506771637
2023-11-09,32.0169945144
2023-11-10,32.3798474197
2023-11-13,32.3321036164
2023-11-14,32.943224299
2023-11-15,33.1246507517
2023-11-16,33.258333401
2023-11-17,33.430211093
2023-11-20,33.5638937423
2023-11-21,33.544796221
2023-11-22,33.6784788703
2023-11-24,33.7835152377
2023-11-27,33.6689301097
2023-11-28,33.659381349
2023-11-29,33.8981003657
2023-11-30,34.2800507923
2023-12-01,34.5378673303
2023-12-04,34.4996722877
2023-12-05,34.3277945957
2023-12-06,34.1559169037
2023-12-07,34.318245835
2023-12-08,34.4996722877
2023-12-11,34.7097450223
2023-12-12,34.9580127996
2023-12-13,35.521389679
2023-12-14,35.8746938236
2023-12-15,35.664621089
2023-12-18,35.7825492381
2023-12-19,36.0512302192
2023-12-20,35.4083150143
2023-12-21,35.7537619901
2023-12-22,35.8305279847
2023-12-26,35.9744642246
2023-12-27,36.0896132165
2023-12-28,36.1951664591
2023-12-29,36.0800174672
2024-01-02,36.2335494564
2024-01-03,35.926485478
2024-01-04,36.0704217179
2024-01-05,36.2239537071
2024-01-08,36.4542516909
2024-01-09,36.2239537071
2024-01-10,36.281528203
2024-01-11,36.1471877125
2024-01-12,36.0800174672
2024-01-16,35.8305279847
2024-01-17,35.7633577394
2024-01-18,35.8209322354
2024-01-19,36.3966771949
2024-01-22,36.5694006828
2024-01-23,36.6269751788
2024-01-24,36.7709114187
2024-01-25,36.9532306559
2024-01-26,37.0875711464
2024-01-29,37.1835286397
2024-01-30,37.6537203567
2024-01-31,37.193124389
2024-02-01,37.250698885
2024-02-02,37.4042308742
2024-02-05,37.1835286397
2024-02-06,37.2602946343
2024-02-07,37.5385713648
2024-02-08,37.3946351249
2024-02-09,37.5001883675
2024-02-12,37.6729118554
2024-02-13,37.1643371411
2024-02-14,37.5193798661
2024-02-15,38.162295071
2024-02-16,38.0279545804
2024-02-20,37.9224013378
2024-02-21,38.0375503298
2024-02-22,38.4789547988
2024-02-23,38.6708697853
2024-02-26,38.4789547988
2024-02-27,38.5845080414
2024-02-28,38.7284442813
2024-02-29,38.7092527826
2024-03-01,38.661274036
2024-03-04,38.7572315292
2024-03-05,38.7668272786
2024-03-06,38.9683380144
2024-03-07,38.9107635185
2024-03-08,38.9779337637
2024-03-11,39.045104009
2024-03-12,39.2082317476
2024-03-13,39.4961042274
2024-03-14,39.1794444996
2024-03-15,39.1410615023
2024-03-18,39.3641837848
2024-03-19,39.5568149753
2024-03-20,40.0287613921
2024-03-21,40.356234416
2024-03-22,39.8939195587
2024-03-25,39.7398146063
2024-03-26,39.8746564397
2024-03-27,40.3466028565
2024-03-28,40.5681287256
2024-04-01,40.3466028565
2024-04-02,40.1347085469
2024-04-03,40.1154454278
2024-04-04,39.6627621301
2024-04-05,40.0383929516
2024-04-08,40.2117610231
2024-04-09,39.9806035945
2024-04-10,39.3834469038
2024-04-11,39.1041316776
2024-04-12,38.5840274631
2024-04-15,38.3913962726
2024-04-16,38.1313441654
2024-04-17,38.2276597607
2024-04-18,38.362501594
2024-04-19,38.892237368
2024-04-22,39.3641837848
2024-04-23,39.6146043325
2024-04-24,39.6049727729
2024-04-25,39.3738153443
2024-04-26,39.3160259871
2024-04-29,39.25823663
2024-04-30,38.8729742489
2024-05-01,38.8729742489
2024-05-02,38.9692898442
2024-05-03,39.0559738799
2024-05-06,39.5568149753
2024-05-07,39.6916568087
2024-05-08,39.8361302016
2024-05-09,40.1347085469
2024-05-10,40.2888134993
2024-05-13,40.1250769874
2024-05-14,40.3273397374
2024-05-15,40.6259180828
2024-05-16,40.6259180828
2024-05-17,40.9244964281
2024-05-20,40.3658659755
2024-05-21,40.6259180828
2024-05-22,40.3947606541
2024-05-23,39.8361302016
2024-05-24,40.0769191897
2024-05-28,39.6338674515
2024-05-29,39.3160259871
2024-05-30,39.5279202967
2024-05-31,40.1058138683
2024-06-03,39.8553933206
2024-06-04,39.6723936896
2024-06-05,39.7879724039
2024-06-06,39.7687092849
2024-06-07,39.9517089159
2024-06-10,39.7976039635
2024-06-11,39.3449206657
2024-06-12,39.3063944276
2024-06-13,39.277499749
2024-06-14,39.1522894752
2024-06-17,39.4990256182
2024-06-18,39.7494461658
2024-06-20,39.9613404754
2024-06-21,39.807235523
2024-06-24,40.2144540072
2024-06-25,39.9147069347
2024-06-26,39.6633061643
2024-06-27,39.6149598623
2024-06-28,39.7503295079
2024-07-01,39.8373528515
2024-07-02,40.3014773508
2024-07-03,40.1757769656
2024-07-05,40.1661077052
2024-07-08,40.0597458407
2024-07-09,40.3691621736
2024-07-10,40.52387034
2024-07-11,40.8429559332
2024-07-12,40.9783255788
2024-07-15,41.5778197237
2024-07-16,42.0516134833
2024-07-17,42.3706990765
2024-07-18,41.8582282753
2024-07-19,41.4327808177
2024-07-22,41.6648430673
2024-07-23,41.7421971505
2024-07-24,41.1717107868
2024-07-25,41.3264189533
2024-07-26,41.9742594001
2024-07-29,41.9162438377
2024-07-30,42.3997068577
2024-07-31,42.2933449933
2024-08-01,41.6938508485
2024-08-02,40.668909246
2024-08-05,39.4892594771
2024-08-06,40.1274306635
2024-08-07,40.1757769656
2024-08-08,40.8236174124
2024-08-09,40.9976640996
2024-08-12,40.7849403708
2024-08-13,41.1233644848
2024-08-14,41.6261660257
2024-08-15,42.0129364417
2024-08-16,42.3223527745
2024-08-19,42.5544150242
2024-08-20,42.4190453785
2024-08-21,42.3513605557
2024-08-22,42.5930920658
2024-08-23,42.960523961
2024-08-26,43.0958936066
2024-08-27,43.3182865958
2024-08-28,43.4246484602
2024-08-29,43.8114188763
2024-08-30,44.2271970735
2024-09-03,43.8984422199
2024-09-04,43.9467885219
2024-09-05,43.4633255018
2024-09-06,42.8251543154
2024-09-09,43.4633255018
2024-09-10,43.0185395234
2024-09-11,42.815485055
2024-09-12,42.912177659
2024-09-13,43.0378780442
2024-09-16,43.5986951475
2024-09-17,43.8307573971
2024-09-18,43.6953877515
2024-09-19,44.1788507715
2024-09-20,44.1498429903
2024-09-23,44.0969579375
2024-09-24,43.7281893632
2024-09-25,43.4661695867
2024-09-26,43.6893716185
2024-09-27,43.8155292887
2024-09-30,43.9805047035
2024-10-01,43.7475982355
2024-10-02,43.7961204163
2024-10-03,43.5632139483
2024-10-04,44.3007510969
2024-10-07,43.7573026717
2024-10-08,44.009618012
2024-10-09,44.4172043309
2024-10-10,44.2813422246
2024-10-11,45.1353326072
2024-10-14,45.416761256
2024-10-15,45.5138056177
2024-10-16,46.0766629153
2024-10-17,46.2028205854
2024-10-18,46.2125250216
2024-10-21,45.8437564473
2024-10-22,45.7564165218
2024-10-23,45.7175987772
2024-10-24,45.7564165218
2024-10-25,45.2517858412
2024-10-28,45.8146431388
2024-10-29,45.53321449
2024-10-30,45.7370076495
2024-10-31,45.1062192987
2024-11-01,45.2614902774
2024-11-04,44.9121305754
2024-11-05,45.3294213305
2024-11-06,48.0854812016
2024-11-07,47.3091263084
2024-11-08,47.7361214996
2024-11-11,48.4154320313
2024-11-12,48.2698654888
2024-11-13,48.2989787973
2024-11-14,48.1728211271
2024-11-15,48.3960231589
2024-11-18,48.5415897014
2024-11-19,48.2213433079
2024-11-20,48.0757767655
2024-11-21,48.6871562439
2024-11-22,49.2306046692
2024-11-25,49.5508510627
2024-11-26,49.6478954243
2024-11-27,49.744939786
2024-11-29,49.8225752753
2024-12-02,49.3276490308
2024-12-03,48.9588804565
2024-12-04,48.7744961694
2024-12-05,48.9200627119
2024-12-06,48.9103582757
2024-12-09,48.2407521803
2024-12-10,48.2310477441
2024-12-11,48.3280921058
2024-12-12,48.1145945101
2024-12-13,48.0757767655
2024-12-16,47.98843684
2024-12-17,47.6487815742
2024-12-18,46.2222294578
2024-12-19,46.3872048726
2024-12-20,47.0762198404
2024-12-23,47.1890290586
2024-12-24,47.7445380748
2024-12-26,47.8614873413
2024-12-27,47.5106395416
2024-12-30,47.0525882476
2024-12-31,47.1013171087
2025-01-02,46.9843678421
2025-01-03,47.3547071862
2025-01-06,47.208520603
2025-01-07,47.1013171087
2025-01-08,47.2572494641
2025-01-10,46.1169941151
2025-01-13,46.4483503703
2025-01-14,47.0233509309
2025-01-15,48.2220809132
2025-01-16,48.5436913963
2025-01-17,48.9530138293
2025-01-21,49.3623362622
2025-01-22,49.1284377291
2025-01-23,49.4110651233
2025-01-24,49.5572517065
2025-01-27,50.1030149505
2025-01-28,50.0153030005
2025-01-29,49.9763199117
2025-01-30,50.4538627502
2025-01-31,50.1614895837
2025-02-03,49.9568283673
2025-02-04,49.8398791007
2025-02-05,50.3661508002
2025-02-06,50.7852190054
2025-02-07,50.5025916112
2025-02-10,50.1030149505
2025-02-11,50.2297099892
2025-02-12,50.0542860894
2025-02-13,50.3856423447
2025-02-14,50.4831000668
2025-02-18,50.8436936387
2025-02-19,50.8631851831
2025-02-20,50.083523406
2025-02-21,49.4597939844
2025-02-24,49.6742009731
2025-02-25,49.6644552009
2025-02-26,49.5572517065
2025-02-27,49.8301333285
2025-02-28,50.8534394109
2025-03-03,50.4246254335
2025-03-04,48.6508948906
2025-03-05,48.9335222848
2025-03-06,48.1246231911
2025-03-07,47.8712331135
2025-03-10,46.79919817
2025-03-11,46.3996215093
2025-03-12,46.4678419148
2025-03-13,46.2144518372
2025-03-14,47.2864867807
2025-03-17,47.8419957969
2025-03-18,47.7835211636
2025-03-19,48.3097928632
2025-03-20,48.3780132686
2025-03-21,48.2025893688
2025-03-24,49.0492786689
2025-03-25,49.3231330662
2025-03-26,49.1764253534
2025-03-27,49.0786202114
2025-03-28,48.1299103349
2025-03-31,48.7167411864
2025-04-01,48.6580581012
2025-04-02,49.0590591831
2025-04-03,46.6432721778
2025-04-04,43.2298727251
2025-04-07,43.122287069
2025-04-08,42.9560183278
2025-04-09,46.193368525
2025-04-10,44.9023406518
2025-04-11,45.6456597303
2025-04-14,46.1151244115
2025-04-15,46.2324905818
2025-04-16,45.5087325317
2025-04-17,45.626098702
2025-04-21,44.6480472828
2025-04-22,46.1249049257
2025-04-23,46.6726137204
2025-04-24,47.1909809725
2025-04-25,46.9660291461
2025-04-28,47.112736859
2025-04-29,47.6017625686
2025-04-30,47.6897871963
2025-05-01,47.6800066821
2025-05-02,48.6678386154
2025-05-05,48.3548621613
2025-05-06,48.0810077639
2025-05-07,48.3646426755
2025-05-08,48.7656437573
2025-05-09,48.7656437573
2025-05-12,49.7534756906
2025-05-13,49.9588664887
2025-05-14,49.82193929
2025-05-15,50.1544767725
2025-05-16,50.4576727124
2025-05-19,50.487014255
2025-05-20,50.2131598576
2025-05-21,49.1862058675
2025-05-22,49.1275227824
2025-05-23,48.951473527
2025-05-27,49.8121587758
2025-05-28,49.4796212933
2025-05-29,49.7339146623
2025-05-30,49.8415003184
2025-06-02,49.8610613467
2025-06-03,49.9588664887
2025-06-04,49.6752315771
2025-06-05,49.5383043784
2025-06-06,50.1544767725
2025-06-09,49.8806223751
2025-06-10,49.9393054603
2025-06-11,49.8806223751
2025-06-12,49.8806223751
2025-06-13,48.8634488992
2025-06-16,49.4209382081
2025-06-17,49.1373032966
2025-06-18,49.1177422682
2025-06-20,49.2546694669
2025-06-23,49.8729006592
2025-06-24,50.6187370327
2025-06-25,50.4519052123
2025-06-26,50.824823399
2025-06-27,50.9720279464
2025-06-30,51.3940143156
2025-07-01,51.6786097739
2025-07-02,51.639355228
2025-07-03,52.1987325081
2025-07-07,51.6982370469
2025-07-08,51.2369961317
2025-07-09,51.4234552251
2025-07-10,51.7276779564
2025-07-11,51.1879279493
2025-07-14,51.5706597725
2025-07-15,50.6874324881
2025-07-16,51.0407234019
2025-07-17,51.5314052265
2025-07-18,51.560846136
2025-07-21,51.4136415886
2025-07-22,51.6982370469
2025-07-23,52.1104097797
2025-07-24,52.0809688702
2025-07-25,52.4440734204
2025-07-28,52.0809688702
2025-07-29,51.8160006849
2025-07-30,51.7178643199
2025-07-31,51.3940143156
2025-08-01,50.4420915758
2025-08-04,50.9425870369
2025-08-05,50.7365006706
2025-08-06,50.9818415829
2025-08-07,50.4126506663
2025-08-08,50.883705218
2025-08-11,50.864077945
2025-08-12,51.4823370441
2025-08-13,51.7767461389
2025-08-14,52.0220870512
2025-08-15,51.4823370441
2025-08-18,51.5215915901
2025-08-19,51.619727955
2025-08-20,51.8846961403
2025-08-21,51.7178643199
2025-08-22,52.5716506948
2025-08-25,52.2674279635
2025-08-26,52.6697870598
2025-08-27,52.7777370612
2025-08-28,52.8464325167
2025-08-29,52.9838234276
2025-09-02,52.5912779678
2025-09-03,52.5029552394
2025-09-04,53.052518883
2025-09-05,52.0809688702
2025-09-08,52.1202234161
2025-09-09,52.3459370555
2025-09-10,52.1692915986
2025-09-11,53.0230779735
2025-09-12,52.7973643342
2025-09-15,52.6796006963
2025-09-16,52.5618370583
2025-09-17,53.072146156
2025-09-18,53.1212143385
2025-09-19,53.2389779764
2025-09-22,53.1683129241
2025-09-23,52.9320093111
2025-09-24,52.784319553
2025-09-25,52.6464757787
2025-09-26,53.0304691498
2025-09-29,53.2963107145
2025-09-30,53.0403151337
2025-10-01,52.5677079077
2025-10-02,52.5283239722
2025-10-03,52.8926253756
2025-10-06,52.8729334078
2025-10-07,52.941855295
2025-10-08,52.6858597142
2025-10-09,52.4987860206
2025-10-10,51.3566518911
2025-10-13,51.8489510849
2025-10-14,52.4200181496
2025-10-15,52.4200181496
2025-10-16,50.9628125361
2025-10-17,51.3763438589
2025-10-20,51.9769488752
2025-10-21,51.917872972
2025-10-22,51.6224934557
2025-10-23,51.7307992784
2025-10-24,52.2920203592
2025-10-27,52.5086320045
2025-10-28,52.1738685527
2025-10-29,51.287730004
2025-10-30,51.4255737782
2025-10-31,51.5634175525
2025-11-03,51.3468059072
2025-11-04,51.6126474719
2025-11-05,51.7898751816
2025-11-06,51.602801488
2025-11-07,51.9671028914
2025-11-10,52.154176585
2025-11-11,52.390480198
2025-11-12,52.8433954562
2025-11-13,52.1640225689
2025-11-14,51.6421854235
2025-11-17,50.657587036
2025-11-18,50.578819165
2025-11-19,50.7658928586
2025-11-20,50.3228235843
2025-11-21,50.8741986813
2025-11-24,51.0908103265
2025-11-25,51.7307992784
2025-11-26,52.1344846172
2025-11-28,52.5086320045
2025-12-01,52.075408714
2025-12-02,52.0261787946
2025-12-03,52.7252436497
2025-12-04,52.8335494723
2025-12-05,52.8532414401
2025-12-08,52.6563217626
2025-12-09,52.4594020851
2025-12-10,53.0600071015
2025-12-11,54.0249135212
2025-12-12,54.1036813922
2025-12-15,54.1430653277
2025-12-16,53.7984558921
2025-12-17,53.7886099082
2025-12-18,53.6999960533
2025-12-19,53.9953755696
2025-12-22,54.6558156145
2025-12-23,54.7644949298
2025-12-24,55.0608930622
2025-12-26,54.9522137469
2025-12-29,54.6558156145
2025-12-30,54.5174964861
2025-12-31,54.1124190385
2026-01-02,54.2704980424
2026-01-05,55.456090572
2026-01-06,55.7228488912
2026-01-07,54.9423338092
2026-01-08,55.2288520039
2026-01-09,55.0608930622
2026-01-12,54.6261758013
2026-01-13,53.5789024002
2026-01-14,53.4998628982
2026-01-15,53.7172215286
2026-01-16,53.7863810928
2026-01-20,52.5612688123
2026-01-21,52.8181471937
2026-01-22,53.1639450148
2026-01-23,52.4328296215
2026-01-26,52.7687475049
2026-01-27,52.3636700573
2026-01-28,52.3537901196
2026-01-29,52.9070666334
2026-01-30,52.7983873182
2026-02-02,53.3813036452
2026-02-03,52.8873067579
2026-02-04,53.312144081
2026-02-05,52.650188252
2026-02-06,53.6085422134
2026-02-09,53.2923842055
2026-02-10,52.9070666334
2026-02-11,52.1067916759
2026-02-12,51.0693982125
2026-02-13,51.0298784615
2026-02-17,51.5732750376
2026-02-18,51.9585926097
2026-02-19,51.5238753489
2026-02-20,51.8597932322
2026-02-23,50.1209241888
2026-02-24,50.3679226325
2026-02-25,51.2472370919
2026-02-26,51.86967317
2026-02-27,50.8125198311
2026-03-02,50.6840806404
2026-03-03,50.5951612007
2026-03-04,50.8816793953
2026-03-05,50.6149210762
2026-03-06,49.9628451849
2026-03-09,49.725726679
2026-03-10,49.4589683598
2026-03-11,49.0440109744
2026-03-12,48.243736017
2026-03-13,48.3030156434
2026-03-16,48.7080930911
2026-03-17,48.9649714725
2026-03-18,48.3820551454
2026-03-19,48.4018150209
2026-03-20,48.4907344606
2026-03-23,48.9269258082
2026-03-24,48.9368561767
2026-03-25,48.996438388
2026-03-26,48.7084577003
2026-03-27,47.477092001
2026-03-30,48.0232622708
2026-03-31,49.0262294936
2026-04-01,49.0957420734
2026-04-02,49.1851153903
2026-04-06,49.5326782893
2026-04-07,49.5326782893
2026-04-08,50.8434869369
2026-04-09,50.9725817279
2026-04-10,50.4164810895
2026-04-13,51.3002838898
2026-04-14,51.4194483123
2026-04-15,51.8067326855
2026-04-16,51.6677075259
2026-04-17,52.0649222676
2026-04-20,52.2635296384
2026-04-21,51.9358274765
2026-04-22,51.8464541596
2026-04-23,51.4393090494
2026-04-24,51.0619550448
2026-04-27,51.449239418
2026-04-28,51.4889608921
2026-04-29,51.5584734719
2026-04-30,51.7670112113
2026-05-01,51.5584734719
2026-05-04,51.2208409415
2026-05-05,51.23077131
2026-05-06,51.4790305236
2026-05-07,51.1910498358
2026-05-08,50.883208411
2026-05-11,50.8236261998
2026-05-12,51.2208409415
2026-05-13,50.6349491975
2026-05-14,50.9328602537
2026-05-15,50.7441832514
2026-05-18,51.3797268382
2026-05-19,50.7441832514
2026-05-20,51.3002838898
2026-05-21,51.3697964696
2026-05-22,51.578334209
2026-05-26,51.4889608921
2026-05-27,51.0619550448
2026-05-28,50.9129995167
2026-05-29,51.2208409415
2026-06-01,51.0718854133
2026-06-02,51.101676519
2026-06-03,50.515784775
2026-06-04,51.8265934226
2026-06-05,51.9358274765
2026-06-08,51.6081253146
2026-06-09,52.0947133732
2026-06-10,51.8663148967
2026-06-11,52.2535992699
2026-06-12,52.9685858049
2026-06-15,53.1870539129
2026-06-16,53.9715530277
2026-06-17,53.6736419714
2026-06-18,53.1969842814
2026-06-22,53.5118593863
2026-06-23,53.6912287473
2026-06-24,53.5317893153
2026-06-25,53.2627352737
2026-06-26,53.3823148477
2026-06-29,53.5317893153
2026-06-30,53.4221747057
2026-07-01,54.5880755527
2026-07-02,55.425132571
2026-07-06,55.9433107252
2026-07-07,55.8536260447
2026-07-08,54.7774098783
2026-07-09,55.345412855
2026-07-10,55.5148172516
2026-07-13,55.8735559737
2026-07-14,55.9831705832
2026-07-15,56.3618392344
2026-07-16,56.55117356
2026-07-17,56.0628902993
2026-07-20,55.8436610802
2026-07-21,55.9134158317
2026-07-22,55.8536260447
2026-07-23,55.6343968256
2026-07-24,56.1127151218
2026-07-27,56.6807180985
2026-07-28,57.3981955428
2026-07-29,56.4814188084
2026-07-30,56.8002976726
2026-07-31,56.7405078855
2026-08-03,57.1789663237
2026-08-04,57.6772145489
2026-08-05,57.796794123
2026-08-06,57.6074597974
2026-08-07,57.3981955428
2026-08-10,57.6074597974
2026-08-11,57.5974948329
2026-08-12,57.7170744069
2026-08-13,58.0558832001
2026-08-14,57.956233555
2026-08-17,57.3782656138
2026-08-18,57.6373546909
2026-08-19,57.2786159688
2026-08-20,56.75047285
2026-08-21,57.2786159688
2026-08-24,58.016023342
2026-08-25,58.1057080226
2026-08-26,58.0558832001
2026-08-27,57.6772145489
2026-08-28,57.896443768
2026-08-31,57.5078101523
2026-09-01,56.9995969626
2026-09-02,57.4579853298
2026-09-03,58.3548321352
2026-09-04,57.896443768
2026-09-08,57.0992466077
2026-09-09,56.8600874596
2026-09-10,56.670753134
2026-09-11,57.0494217852
2026-09-14,56.8301925661
2026-09-15,56.650823205
2026-09-16,55.7340464706
2026-09-17,55.6842216481
2026-09-18,55.6642917191
2026-09-21,55.9
2026-09-22,54.8
